maintenance_id,date_id,asset_id,region_id,maintenance_type,downtime_hours,maintenance_cost,failure_detected,technician_team
1,20240618,51,5,Upgrade,15.78,8425.54,False,Central Response Team
2,20241015,35,2,Preventive,2.86,1727.59,False,Central Response Team
3,20240323,124,4,Upgrade,8.26,17681.2,False,Bravo Reliability Team
4,20240803,123,3,Preventive,5.76,2775.8,False,Delta Upgrade Crew
5,20250224,67,2,Corrective,15.47,7770.75,False,Alpha Field Team
6,20240325,197,2,Corrective,28.07,14684.83,True,Delta Upgrade Crew
7,20240514,5,1,Upgrade,9.43,18401.12,False,Central Response Team
8,20240930,229,1,Corrective,44.48,15777.45,True,Alpha Field Team
9,20240917,45,4,Inspection,2.89,2026.65,False,Bravo Reliability Team
10,20240202,86,1,Upgrade,7.81,10063.87,False,Central Response Team
11,20240221,43,1,Preventive,6.26,2556.5,False,Alpha Field Team
12,20250910,140,2,Inspection,1.07,927.79,False,Alpha Field Team
13,20250330,219,3,Preventive,3.01,2072.76,False,Island Logistics Team
14,20250326,175,5,Corrective,21.62,17808.47,True,Delta Upgrade Crew
15,20240812,186,1,Corrective,9.18,9208.84,True,Island Logistics Team
16,20250810,87,2,Preventive,2.62,1399.31,False,Alpha Field Team
17,20240808,217,2,Preventive,1.92,2013.71,False,Island Logistics Team
18,20241028,62,4,Preventive,6.37,1091.5,False,Bravo Reliability Team
19,20240209,175,5,Inspection,2.3,1778.1,False,Alpha Field Team
20,20241009,204,2,Preventive,2.93,1139.69,False,Island Logistics Team
21,20250826,167,3,Corrective,22.65,7843.53,True,Bravo Reliability Team
22,20250913,179,1,Inspection,4.28,1899.77,False,Alpha Field Team
23,20240120,109,4,Upgrade,20.35,11538.26,False,Island Logistics Team
24,20251119,139,4,Corrective,31.76,6775.25,True,Central Response Team
25,20250328,59,5,Corrective,24.3,13476.48,False,Bravo Reliability Team
26,20250917,157,1,Corrective,36.99,12635.54,True,Central Response Team
27,20250323,98,3,Preventive,2.74,2684.61,False,Alpha Field Team
28,20251215,149,5,Inspection,1.41,559.66,False,Central Response Team
29,20240726,114,2,Inspection,2.56,1708.22,False,Bravo Reliability Team
30,20241029,12,2,Corrective,13.62,11394.75,False,Central Response Team
31,20250228,117,5,Upgrade,13.77,13114.34,False,Alpha Field Team
32,20250327,164,1,Corrective,40.42,16456.89,True,Central Response Team
33,20250711,192,1,Preventive,6.04,3483.03,False,Island Logistics Team
34,20250119,106,1,Inspection,2.03,1899.44,False,Alpha Field Team
35,20240307,243,4,Inspection,0.61,1423.0,False,Central Response Team
36,20250628,154,1,Corrective,14.46,19616.88,False,Delta Upgrade Crew
37,20240829,85,5,Corrective,27.07,11432.28,True,Bravo Reliability Team
38,20240411,59,5,Corrective,19.22,13600.59,True,Alpha Field Team
39,20251210,162,4,Corrective,19.37,3332.8,False,Alpha Field Team
40,20240320,163,4,Corrective,28.41,9288.34,False,Alpha Field Team
41,20250905,53,5,Preventive,2.43,4781.25,False,Central Response Team
42,20240819,204,2,Inspection,1.38,1482.06,False,Island Logistics Team
43,20240906,87,2,Inspection,2.3,887.8,False,Island Logistics Team
44,20240709,78,3,Upgrade,16.23,16719.96,False,Alpha Field Team
45,20250903,68,4,Inspection,2.09,1238.6,False,Central Response Team
46,20251012,242,2,Preventive,3.56,2098.53,False,Alpha Field Team
47,20250909,144,4,Corrective,26.07,12797.5,True,Central Response Team
48,20251126,7,5,Inspection,2.67,1946.0,False,Delta Upgrade Crew
49,20250925,149,5,Preventive,1.53,3832.02,False,Bravo Reliability Team
50,20250621,216,3,Inspection,2.36,1417.08,False,Alpha Field Team
51,20240126,132,1,Preventive,6.41,5007.93,False,Island Logistics Team
52,20250208,245,1,Corrective,31.17,20507.69,True,Bravo Reliability Team
53,20241130,32,1,Preventive,4.7,4598.36,False,Island Logistics Team
54,20240618,241,2,Preventive,2.43,1435.94,False,Bravo Reliability Team
55,20251007,214,4,Preventive,5.11,2079.3,False,Island Logistics Team
56,20250610,107,2,Inspection,1.22,643.71,False,Alpha Field Team
57,20251216,239,4,Inspection,1.37,860.17,False,Central Response Team
58,20240827,144,4,Inspection,1.44,436.2,False,Bravo Reliability Team
59,20250529,143,2,Preventive,2.23,1665.85,False,Central Response Team
60,20250511,201,1,Upgrade,16.8,26679.4,False,Bravo Reliability Team
61,20241204,250,2,Preventive,3.45,2921.48,False,Alpha Field Team
62,20250509,58,1,Inspection,3.74,2474.51,False,Delta Upgrade Crew
63,20240401,181,1,Corrective,54.1,20945.25,True,Central Response Team
64,20240430,113,1,Corrective,22.93,5817.16,False,Delta Upgrade Crew
65,20240615,162,4,Corrective,40.07,7852.19,True,Central Response Team
66,20240219,66,5,Preventive,2.64,2622.43,False,Alpha Field Team
67,20240204,221,4,Inspection,1.43,1011.07,False,Alpha Field Team
68,20240130,156,4,Corrective,25.85,10595.81,False,Bravo Reliability Team
69,20250716,50,3,Corrective,9.81,14684.46,True,Bravo Reliability Team
70,20240523,151,1,Inspection,2.58,2044.79,False,Central Response Team
71,20250322,248,1,Upgrade,17.35,23413.54,False,Central Response Team
72,20240205,227,1,Inspection,3.88,725.86,False,Delta Upgrade Crew
73,20241214,229,1,Corrective,10.59,11289.04,False,Delta Upgrade Crew
74,20250624,22,3,Preventive,2.47,1690.17,False,Bravo Reliability Team
75,20240324,207,2,Preventive,3.61,3323.16,False,Central Response Team
76,20251004,133,1,Corrective,16.98,9257.79,True,Alpha Field Team
77,20240501,218,1,Upgrade,4.91,14007.01,False,Central Response Team
78,20251208,70,4,Corrective,17.28,10367.94,True,Island Logistics Team
79,20250401,137,5,Corrective,17.98,7646.85,False,Island Logistics Team
80,20240425,144,4,Corrective,13.32,12756.8,True,Alpha Field Team
81,20250427,23,3,Preventive,5.03,3566.28,False,Alpha Field Team
82,20240416,240,3,Corrective,21.65,15218.15,True,Alpha Field Team
83,20240524,57,2,Preventive,1.09,3058.17,False,Central Response Team
84,20250716,64,1,Corrective,9.52,7191.42,True,Alpha Field Team
85,20250526,149,5,Inspection,2.7,709.55,False,Delta Upgrade Crew
86,20241228,47,1,Upgrade,25.65,8285.42,False,Central Response Team
87,20240926,23,3,Corrective,29.93,4239.86,True,Central Response Team
88,20240927,122,1,Preventive,3.73,3175.47,False,Delta Upgrade Crew
89,20251223,120,4,Corrective,39.42,12507.41,True,Bravo Reliability Team
90,20250818,116,4,Corrective,19.1,15275.24,True,Bravo Reliability Team
91,20250505,197,2,Preventive,1.67,4084.49,False,Bravo Reliability Team
92,20250627,125,1,Inspection,3.82,2232.66,False,Island Logistics Team
93,20250330,155,5,Corrective,8.65,13613.79,True,Alpha Field Team
94,20240115,88,1,Corrective,16.71,8552.61,True,Bravo Reliability Team
95,20240704,12,2,Preventive,6.12,1831.17,False,Central Response Team
96,20251214,77,1,Corrective,9.3,7548.06,True,Bravo Reliability Team
97,20250428,81,5,Upgrade,8.59,8250.16,False,Island Logistics Team
98,20250408,245,1,Inspection,2.11,667.01,False,Bravo Reliability Team
99,20240129,65,1,Inspection,3.09,2271.14,False,Island Logistics Team
100,20240928,205,4,Inspection,1.31,1800.58,False,Central Response Team
101,20241006,144,4,Upgrade,10.55,16837.26,False,Central Response Team
102,20241030,202,3,Corrective,24.58,4760.15,False,Island Logistics Team
103,20250728,226,3,Preventive,4.48,2431.56,False,Central Response Team
104,20251124,93,1,Preventive,8.48,2890.98,False,Delta Upgrade Crew
105,20250722,205,4,Preventive,4.07,3278.57,False,Island Logistics Team
106,20241104,164,1,Upgrade,13.82,11588.64,False,Island Logistics Team
107,20250802,100,3,Corrective,41.08,15241.73,True,Island Logistics Team
108,20240118,124,4,Inspection,0.78,770.49,False,Bravo Reliability Team
109,20250430,208,4,Preventive,4.3,2687.53,False,Bravo Reliability Team
110,20241204,167,3,Corrective,11.19,12468.73,False,Alpha Field Team
111,20250915,216,3,Preventive,3.89,1645.62,False,Bravo Reliability Team
112,20241116,61,1,Inspection,2.62,1715.74,False,Island Logistics Team
113,20240203,196,1,Corrective,18.63,20906.41,True,Alpha Field Team
114,20251026,7,5,Corrective,37.21,4735.87,True,Island Logistics Team
115,20250119,173,4,Preventive,2.37,2582.86,False,Delta Upgrade Crew
116,20250531,74,2,Corrective,22.4,4436.86,True,Alpha Field Team
117,20250524,103,3,Inspection,3.17,1840.45,False,Bravo Reliability Team
118,20241219,171,1,Inspection,0.94,1369.71,False,Bravo Reliability Team
119,20251104,138,3,Inspection,2.71,2277.74,False,Alpha Field Team
120,20250731,201,1,Corrective,10.22,8242.71,False,Bravo Reliability Team
121,20250514,220,1,Corrective,16.15,9106.25,True,Central Response Team
122,20250905,121,4,Corrective,11.9,4006.94,False,Delta Upgrade Crew
123,20251128,116,4,Preventive,3.13,1326.49,False,Delta Upgrade Crew
124,20240331,193,3,Upgrade,11.02,10559.46,False,Bravo Reliability Team
125,20250714,176,4,Inspection,0.68,967.67,False,Bravo Reliability Team
126,20251201,89,1,Corrective,34.57,12951.25,False,Alpha Field Team
127,20250916,103,3,Upgrade,5.56,13565.52,False,Central Response Team
128,20250817,211,3,Preventive,2.75,2055.9,False,Delta Upgrade Crew
129,20240408,77,1,Preventive,3.24,2636.62,False,Island Logistics Team
130,20240702,104,3,Preventive,4.73,1091.36,False,Bravo Reliability Team
131,20250817,27,1,Upgrade,17.85,25526.66,False,Alpha Field Team
132,20240304,159,5,Preventive,5.38,4778.74,False,Bravo Reliability Team
133,20250819,224,1,Upgrade,18.75,16906.23,False,Alpha Field Team
134,20251121,216,3,Preventive,3.57,3439.01,False,Alpha Field Team
135,20240611,193,3,Inspection,3.33,1455.84,False,Bravo Reliability Team
136,20240102,190,3,Inspection,0.84,627.35,False,Bravo Reliability Team
137,20240202,182,1,Upgrade,19.5,20100.71,False,Alpha Field Team
138,20241225,209,4,Preventive,3.52,1577.13,False,Delta Upgrade Crew
139,20240312,98,3,Inspection,2.84,1454.91,False,Bravo Reliability Team
140,20250417,136,4,Inspection,1.1,1204.82,False,Bravo Reliability Team
141,20250418,113,1,Upgrade,26.73,10751.61,False,Alpha Field Team
142,20250226,204,2,Upgrade,8.46,6034.41,False,Island Logistics Team
143,20251127,20,1,Corrective,18.5,16218.75,True,Delta Upgrade Crew
144,20250905,150,4,Corrective,27.27,6881.9,True,Bravo Reliability Team
145,20251107,145,1,Inspection,2.1,1800.37,False,Island Logistics Team
146,20251021,206,3,Preventive,3.39,1788.55,False,Bravo Reliability Team
147,20240819,151,1,Corrective,43.1,14254.54,True,Island Logistics Team
148,20251212,54,1,Corrective,27.44,14100.12,True,Bravo Reliability Team
149,20240725,98,3,Upgrade,5.06,14102.2,False,Bravo Reliability Team
150,20241013,188,5,Corrective,31.28,11704.02,True,Alpha Field Team
151,20250528,231,1,Inspection,1.69,3617.1,False,Bravo Reliability Team
152,20250309,92,2,Corrective,30.99,10010.81,True,Island Logistics Team
153,20240117,144,4,Corrective,28.79,4949.06,False,Delta Upgrade Crew
154,20251124,58,1,Corrective,42.04,16957.21,False,Island Logistics Team
155,20250320,249,5,Corrective,13.09,10684.34,False,Delta Upgrade Crew
156,20250901,51,5,Inspection,2.26,2091.11,False,Island Logistics Team
157,20250911,234,5,Preventive,6.67,4875.55,False,Delta Upgrade Crew
158,20241104,231,1,Corrective,28.33,15892.98,True,Bravo Reliability Team
159,20251227,185,1,Upgrade,12.56,15454.51,False,Bravo Reliability Team
160,20250530,55,2,Corrective,20.53,10026.69,False,Bravo Reliability Team
161,20250707,51,5,Corrective,15.02,4665.21,False,Delta Upgrade Crew
162,20240605,142,1,Inspection,3.17,2182.71,False,Alpha Field Team
163,20240517,100,3,Inspection,2.79,1822.73,False,Alpha Field Team
164,20240117,227,1,Upgrade,22.88,11951.23,False,Alpha Field Team
165,20240718,226,3,Corrective,27.67,4366.04,True,Central Response Team
166,20240530,159,5,Corrective,20.89,5983.34,False,Bravo Reliability Team
167,20250610,244,3,Corrective,31.3,5180.07,True,Island Logistics Team
168,20250707,198,2,Corrective,23.57,9008.42,True,Delta Upgrade Crew
169,20240112,125,1,Inspection,4.21,811.0,False,Delta Upgrade Crew
170,20250908,242,2,Preventive,3.26,2195.82,False,Delta Upgrade Crew
171,20251105,190,3,Inspection,2.42,720.05,False,Alpha Field Team
172,20250923,109,4,Inspection,3.54,725.39,False,Island Logistics Team
173,20240204,223,1,Inspection,3.5,1927.58,False,Central Response Team
174,20250102,90,2,Corrective,4.57,6085.7,False,Alpha Field Team
175,20250129,44,5,Inspection,3.92,2006.3,False,Central Response Team
176,20251112,222,5,Corrective,30.91,14042.96,True,Delta Upgrade Crew
177,20250329,71,1,Corrective,37.64,22940.91,True,Alpha Field Team
178,20251109,138,3,Preventive,5.48,1806.23,False,Delta Upgrade Crew
179,20240221,67,2,Corrective,21.8,11653.37,True,Alpha Field Team
180,20240513,79,1,Upgrade,19.19,26623.09,False,Delta Upgrade Crew
181,20240506,177,1,Inspection,3.0,1136.43,False,Central Response Team
182,20240629,91,5,Upgrade,17.81,29381.57,False,Central Response Team
183,20240621,6,1,Corrective,28.47,16574.11,True,Central Response Team
184,20241116,159,5,Corrective,26.36,14645.52,True,Central Response Team
185,20240516,13,3,Preventive,7.61,3764.22,False,Delta Upgrade Crew
186,20250617,18,1,Preventive,5.57,4437.21,False,Delta Upgrade Crew
187,20241203,86,1,Preventive,4.32,4191.21,False,Central Response Team
188,20240319,65,1,Corrective,23.7,12521.2,True,Bravo Reliability Team
189,20240128,115,2,Inspection,2.85,631.8,False,Central Response Team
190,20250216,69,4,Preventive,6.26,1926.44,False,Alpha Field Team
191,20241005,87,2,Upgrade,14.4,7490.05,False,Delta Upgrade Crew
192,20250320,216,3,Preventive,2.45,3107.43,False,Alpha Field Team
193,20240411,197,2,Corrective,11.94,6103.09,True,Alpha Field Team
194,20241103,10,3,Preventive,2.61,2790.11,False,Alpha Field Team
195,20240321,133,1,Preventive,8.38,2920.19,False,Bravo Reliability Team
196,20240402,56,2,Corrective,26.02,11159.68,True,Delta Upgrade Crew
197,20250810,43,1,Inspection,3.38,2084.81,False,Island Logistics Team
198,20250730,35,2,Preventive,2.23,2203.03,False,Bravo Reliability Team
199,20240218,106,1,Inspection,1.05,2147.17,False,Central Response Team
200,20240511,199,1,Inspection,0.97,947.72,False,Delta Upgrade Crew
201,20240829,82,2,Inspection,1.39,1123.48,False,Central Response Team
202,20240409,45,4,Corrective,33.92,15213.32,True,Island Logistics Team
203,20250708,147,1,Upgrade,19.32,16281.22,False,Delta Upgrade Crew
204,20250412,220,1,Upgrade,28.35,21772.63,False,Bravo Reliability Team
205,20240114,21,3,Inspection,2.86,1527.5,False,Island Logistics Team
206,20250312,148,3,Inspection,1.12,875.71,False,Island Logistics Team
207,20241209,64,1,Preventive,3.15,1517.79,False,Delta Upgrade Crew
208,20241021,137,5,Upgrade,11.5,16871.18,False,Delta Upgrade Crew
209,20240229,234,5,Inspection,1.23,562.42,False,Delta Upgrade Crew
210,20250531,61,1,Corrective,24.48,21749.52,True,Island Logistics Team
211,20250530,60,3,Corrective,11.16,7009.58,False,Bravo Reliability Team
212,20250126,217,2,Inspection,0.5,1177.9,False,Bravo Reliability Team
213,20250429,88,1,Corrective,41.01,5938.7,True,Alpha Field Team
214,20240411,18,1,Inspection,0.81,1155.58,False,Bravo Reliability Team
215,20250418,243,4,Corrective,25.17,6668.75,True,Alpha Field Team
216,20240926,126,1,Corrective,41.04,9533.35,False,Island Logistics Team
217,20240325,179,1,Corrective,38.77,12366.09,True,Island Logistics Team
218,20241009,45,4,Preventive,3.9,2701.95,False,Bravo Reliability Team
219,20240224,122,1,Preventive,1.97,3729.95,False,Bravo Reliability Team
220,20251012,244,3,Upgrade,19.75,15651.19,False,Delta Upgrade Crew
221,20240308,131,5,Inspection,0.7,1749.6,False,Island Logistics Team
222,20240730,140,2,Preventive,1.64,2756.12,False,Central Response Team
223,20241117,249,5,Corrective,43.1,15657.82,True,Island Logistics Team
224,20250902,230,5,Corrective,26.83,8449.61,False,Delta Upgrade Crew
225,20251017,169,1,Inspection,3.35,1482.53,False,Alpha Field Team
226,20240531,24,2,Preventive,5.45,2448.85,False,Central Response Team
227,20250121,116,4,Corrective,20.48,13000.6,True,Island Logistics Team
228,20241124,95,2,Upgrade,9.74,12896.36,False,Island Logistics Team
229,20240126,152,4,Upgrade,15.55,14063.18,False,Delta Upgrade Crew
230,20240309,105,3,Corrective,23.55,8984.33,True,Delta Upgrade Crew
231,20250617,13,3,Inspection,1.82,1349.12,False,Island Logistics Team
232,20241209,116,4,Preventive,3.41,3397.27,False,Delta Upgrade Crew
233,20240203,32,1,Preventive,3.12,1866.87,False,Delta Upgrade Crew
234,20241228,9,1,Corrective,35.49,10135.82,True,Central Response Team
235,20250628,73,5,Corrective,12.83,11997.99,True,Bravo Reliability Team
236,20241122,7,5,Inspection,1.31,763.29,False,Alpha Field Team
237,20251217,185,1,Upgrade,22.64,8718.32,False,Island Logistics Team
238,20250826,193,3,Inspection,3.18,885.9,False,Delta Upgrade Crew
239,20241017,196,1,Upgrade,9.65,17166.09,False,Island Logistics Team
240,20250401,61,1,Corrective,39.58,11613.61,False,Alpha Field Team
241,20251108,176,4,Upgrade,14.23,13431.82,False,Delta Upgrade Crew
242,20251104,150,4,Preventive,5.62,3615.27,False,Central Response Team
243,20250123,26,2,Upgrade,9.36,7875.43,False,Alpha Field Team
244,20241013,234,5,Inspection,1.98,1344.41,False,Island Logistics Team
245,20240403,86,1,Corrective,20.65,21986.48,True,Delta Upgrade Crew
246,20240310,71,1,Corrective,26.68,16575.71,True,Bravo Reliability Team
247,20240914,153,1,Inspection,2.39,456.97,False,Delta Upgrade Crew
248,20240526,144,4,Corrective,8.05,11142.98,False,Island Logistics Team
249,20241025,162,4,Inspection,2.0,728.07,False,Delta Upgrade Crew
250,20250819,192,1,Upgrade,18.17,14833.33,False,Alpha Field Team
251,20241029,116,4,Corrective,26.2,7004.42,True,Central Response Team
252,20250909,53,5,Inspection,3.14,1704.71,False,Central Response Team
253,20250722,177,1,Corrective,32.39,9570.92,True,Central Response Team
254,20250214,183,2,Corrective,5.54,9631.49,False,Delta Upgrade Crew
255,20240509,209,4,Corrective,19.82,11227.95,True,Island Logistics Team
256,20250215,176,4,Preventive,4.19,1380.18,False,Island Logistics Team
257,20241007,167,3,Corrective,11.73,4224.49,True,Bravo Reliability Team
258,20251214,51,5,Corrective,28.89,9031.94,True,Delta Upgrade Crew
259,20240407,81,5,Inspection,4.53,1872.06,False,Island Logistics Team
260,20251130,99,3,Upgrade,7.38,9871.17,False,Delta Upgrade Crew
261,20240407,159,5,Corrective,32.47,6058.91,True,Island Logistics Team
262,20240701,44,5,Upgrade,8.95,18828.32,False,Alpha Field Team
263,20241202,144,4,Corrective,17.21,9562.7,True,Bravo Reliability Team
264,20250918,177,1,Preventive,7.6,4230.21,False,Central Response Team
265,20241219,37,1,Upgrade,9.9,23779.27,False,Delta Upgrade Crew
266,20250508,36,3,Preventive,3.67,3130.8,False,Delta Upgrade Crew
267,20251202,105,3,Inspection,1.02,1536.18,False,Island Logistics Team
268,20240613,202,3,Upgrade,5.92,15682.49,False,Central Response Team
269,20250220,121,4,Preventive,3.21,1764.64,False,Central Response Team
270,20251120,132,1,Upgrade,14.0,7048.71,False,Alpha Field Team
271,20240716,149,5,Inspection,2.88,750.16,False,Delta Upgrade Crew
272,20251124,196,1,Upgrade,5.56,15466.67,False,Delta Upgrade Crew
273,20251012,37,1,Upgrade,16.39,32907.81,False,Alpha Field Team
274,20250808,169,1,Inspection,0.94,2416.27,False,Island Logistics Team
275,20240223,20,1,Inspection,4.24,2514.59,False,Alpha Field Team
276,20241020,148,3,Inspection,2.47,792.65,False,Island Logistics Team
277,20240628,216,3,Preventive,2.58,1102.18,False,Alpha Field Team
278,20241106,56,2,Preventive,1.95,1305.93,False,Delta Upgrade Crew
279,20250911,203,4,Corrective,8.11,11120.79,False,Central Response Team
280,20251223,92,2,Corrective,11.14,6871.38,False,Alpha Field Team
281,20240128,147,1,Preventive,2.96,3041.85,False,Delta Upgrade Crew
282,20250802,224,1,Inspection,2.97,1232.06,False,Central Response Team
283,20241019,20,1,Corrective,33.54,8331.16,False,Bravo Reliability Team
284,20240303,185,1,Inspection,0.98,2272.36,False,Central Response Team
285,20240730,165,3,Preventive,4.9,2286.41,False,Alpha Field Team
286,20240126,48,2,Corrective,8.31,11215.96,True,Island Logistics Team
287,20240525,172,2,Preventive,3.66,2975.1,False,Alpha Field Team
288,20240120,100,3,Upgrade,13.16,18332.61,False,Central Response Team
289,20250108,129,3,Inspection,2.69,1084.2,False,Central Response Team
290,20251206,53,5,Preventive,5.17,2747.64,False,Delta Upgrade Crew
291,20240802,90,2,Preventive,1.38,2012.17,False,Island Logistics Team
292,20240213,15,3,Corrective,11.39,9663.5,True,Bravo Reliability Team
293,20240625,207,2,Upgrade,4.69,17097.66,False,Delta Upgrade Crew
294,20250701,10,3,Upgrade,14.08,15933.92,False,Delta Upgrade Crew
295,20240926,231,1,Corrective,32.93,24258.74,True,Delta Upgrade Crew
296,20240319,223,1,Corrective,35.6,10017.88,True,Alpha Field Team
297,20240629,25,2,Upgrade,9.12,6045.66,False,Bravo Reliability Team
298,20251003,72,4,Preventive,6.66,3748.37,False,Island Logistics Team
299,20240219,61,1,Corrective,53.89,14265.86,True,Bravo Reliability Team
300,20241122,115,2,Corrective,7.24,5289.84,True,Alpha Field Team
301,20240917,247,4,Preventive,4.61,1062.99,False,Central Response Team
302,20251221,152,4,Upgrade,7.75,6772.43,False,Bravo Reliability Team
303,20241007,112,2,Preventive,1.56,2068.66,False,Bravo Reliability Team
304,20240424,245,1,Preventive,4.43,2329.93,False,Delta Upgrade Crew
305,20250904,67,2,Inspection,0.89,1452.2,False,Delta Upgrade Crew
306,20251004,144,4,Inspection,3.72,1226.27,False,Alpha Field Team
307,20240821,125,1,Corrective,26.82,15682.91,False,Central Response Team
308,20250519,210,1,Corrective,39.55,20121.82,True,Island Logistics Team
309,20240701,99,3,Upgrade,19.71,19523.43,False,Alpha Field Team
310,20250211,179,1,Inspection,1.36,2602.67,False,Alpha Field Team
311,20241014,124,4,Inspection,2.8,1841.83,False,Island Logistics Team
312,20240619,192,1,Upgrade,12.95,15669.58,False,Bravo Reliability Team
313,20240827,82,2,Upgrade,12.17,9113.79,False,Alpha Field Team
314,20240307,41,1,Corrective,16.87,14800.46,True,Bravo Reliability Team
315,20250713,183,2,Inspection,0.43,1002.71,False,Alpha Field Team
316,20240107,104,3,Inspection,0.52,982.87,False,Bravo Reliability Team
317,20240419,185,1,Preventive,5.15,5505.47,False,Central Response Team
318,20240417,80,4,Upgrade,6.5,16109.86,False,Delta Upgrade Crew
319,20250327,53,5,Preventive,2.01,2212.62,False,Central Response Team
320,20240810,1,4,Upgrade,18.99,11790.63,False,Delta Upgrade Crew
321,20240128,142,1,Corrective,24.75,15356.37,True,Alpha Field Team
322,20250521,15,3,Inspection,2.16,1315.49,False,Alpha Field Team
323,20251229,90,2,Corrective,8.4,3969.39,False,Alpha Field Team
324,20240806,59,5,Corrective,12.55,17731.66,True,Bravo Reliability Team
325,20250801,173,4,Corrective,17.68,4449.34,False,Central Response Team
326,20241106,73,5,Inspection,3.1,782.36,False,Central Response Team
327,20240727,12,2,Upgrade,18.24,19369.52,False,Alpha Field Team
328,20241230,77,1,Inspection,0.84,1553.32,False,Bravo Reliability Team
329,20250401,143,2,Corrective,18.68,4147.08,True,Island Logistics Team
330,20250222,178,4,Upgrade,8.79,11621.17,False,Bravo Reliability Team
331,20250421,1,4,Preventive,2.94,3178.7,False,Delta Upgrade Crew
332,20251111,232,4,Preventive,4.96,3195.99,False,Central Response Team
333,20240401,89,1,Inspection,2.43,1709.34,False,Delta Upgrade Crew
334,20250507,205,4,Corrective,9.54,8834.22,True,Alpha Field Team
335,20250814,29,5,Preventive,6.64,3420.7,False,Island Logistics Team
336,20240116,190,3,Preventive,3.71,2537.04,False,Delta Upgrade Crew
337,20240404,111,1,Preventive,4.2,2102.02,False,Delta Upgrade Crew
338,20240526,168,3,Inspection,0.47,1600.68,False,Alpha Field Team
339,20241103,5,1,Inspection,2.36,804.62,False,Delta Upgrade Crew
340,20241107,2,1,Corrective,24.26,24558.95,True,Bravo Reliability Team
341,20240731,248,1,Corrective,43.94,14952.57,True,Bravo Reliability Team
342,20240524,194,1,Corrective,25.38,11950.01,True,Bravo Reliability Team
343,20250630,50,3,Corrective,21.96,4444.64,True,Island Logistics Team
344,20240523,244,3,Preventive,6.5,1725.06,False,Bravo Reliability Team
345,20250531,113,1,Upgrade,13.32,18326.27,False,Alpha Field Team
346,20240208,154,1,Inspection,1.08,2470.57,False,Central Response Team
347,20240813,230,5,Preventive,2.47,4626.71,False,Central Response Team
348,20251017,241,2,Inspection,1.84,527.62,False,Delta Upgrade Crew
349,20240420,193,3,Corrective,21.01,12294.3,False,Central Response Team
350,20250210,231,1,Corrective,37.56,22387.32,False,Central Response Team
351,20250401,202,3,Preventive,4.33,2038.85,False,Central Response Team
352,20241105,204,2,Inspection,1.12,1144.48,False,Central Response Team
353,20250916,171,1,Corrective,30.5,13590.85,False,Central Response Team
354,20240615,18,1,Upgrade,19.3,28136.68,False,Island Logistics Team
355,20240107,191,1,Preventive,2.58,2276.85,False,Central Response Team
356,20250722,111,1,Upgrade,9.37,11060.27,False,Bravo Reliability Team
357,20250306,248,1,Corrective,48.69,19060.06,True,Delta Upgrade Crew
358,20251215,81,5,Corrective,16.75,6648.32,False,Delta Upgrade Crew
359,20240325,189,5,Corrective,25.38,11453.6,True,Alpha Field Team
360,20240511,49,3,Inspection,3.39,594.85,False,Central Response Team
361,20250303,208,4,Inspection,1.92,1681.01,False,Alpha Field Team
362,20250108,57,2,Inspection,1.4,824.51,False,Delta Upgrade Crew
363,20250521,45,4,Corrective,25.03,9245.89,False,Central Response Team
364,20240804,191,1,Preventive,4.39,1636.08,False,Delta Upgrade Crew
365,20240122,193,3,Upgrade,22.76,12105.38,False,Bravo Reliability Team
366,20250611,235,3,Inspection,2.43,1064.35,False,Bravo Reliability Team
367,20251207,67,2,Inspection,1.16,1421.63,False,Bravo Reliability Team
368,20250516,205,4,Inspection,1.65,814.68,False,Central Response Team
369,20250108,38,3,Corrective,22.37,6347.79,False,Delta Upgrade Crew
370,20250927,35,2,Preventive,1.88,3060.3,False,Bravo Reliability Team
371,20250212,235,3,Upgrade,4.86,10428.24,False,Island Logistics Team
372,20240616,97,2,Corrective,7.97,4975.75,True,Alpha Field Team
373,20240519,46,4,Corrective,30.98,9669.4,True,Bravo Reliability Team
374,20250515,20,1,Corrective,33.14,16259.62,False,Delta Upgrade Crew
375,20240319,14,3,Inspection,1.83,932.57,False,Delta Upgrade Crew
376,20250516,123,3,Corrective,13.54,4167.13,False,Central Response Team
377,20240622,37,1,Inspection,3.13,2682.9,False,Delta Upgrade Crew
378,20250918,215,4,Upgrade,9.75,15411.17,False,Central Response Team
379,20251210,171,1,Upgrade,8.94,23133.85,False,Alpha Field Team
380,20240628,169,1,Preventive,7.77,4778.3,False,Central Response Team
381,20250331,154,1,Inspection,3.22,1064.76,False,Island Logistics Team
382,20251103,89,1,Corrective,25.85,16080.37,True,Delta Upgrade Crew
383,20250519,232,4,Corrective,33.6,4951.41,True,Delta Upgrade Crew
384,20240922,231,1,Upgrade,29.21,32185.1,False,Central Response Team
385,20250531,34,5,Corrective,17.58,8378.61,False,Bravo Reliability Team
386,20241125,133,1,Corrective,18.02,5678.05,True,Island Logistics Team
387,20240513,152,4,Inspection,2.34,1069.92,False,Alpha Field Team
388,20250809,220,1,Upgrade,21.41,28655.33,False,Delta Upgrade Crew
389,20250808,73,5,Upgrade,6.97,27223.41,False,Bravo Reliability Team
390,20250715,179,1,Preventive,8.55,3364.72,False,Island Logistics Team
391,20250501,130,5,Corrective,32.22,10051.44,True,Bravo Reliability Team
392,20241124,64,1,Preventive,4.02,3881.75,False,Alpha Field Team
393,20241021,104,3,Corrective,10.91,7281.83,True,Island Logistics Team
394,20240326,82,2,Upgrade,7.55,8607.36,False,Delta Upgrade Crew
395,20241216,79,1,Upgrade,20.07,19174.87,False,Island Logistics Team
396,20240201,13,3,Inspection,3.39,1935.43,False,Delta Upgrade Crew
397,20240130,113,1,Corrective,31.08,14982.43,True,Delta Upgrade Crew
398,20241119,226,3,Corrective,22.95,3683.78,False,Bravo Reliability Team
399,20240914,45,4,Upgrade,20.68,11142.29,False,Alpha Field Team
400,20250608,36,3,Inspection,0.66,670.5,False,Bravo Reliability Team
401,20250906,9,1,Upgrade,7.22,18180.86,False,Alpha Field Team
402,20250306,221,4,Inspection,2.38,1169.4,False,Delta Upgrade Crew
403,20250219,231,1,Corrective,37.93,27555.63,True,Central Response Team
404,20240915,30,4,Inspection,2.72,585.8,False,Alpha Field Team
405,20250615,167,3,Preventive,2.03,3693.14,False,Alpha Field Team
406,20240816,39,1,Preventive,8.3,3351.04,False,Alpha Field Team
407,20240515,62,4,Preventive,5.86,3939.08,False,Central Response Team
408,20250308,188,5,Inspection,0.7,1011.71,False,Central Response Team
409,20240210,63,1,Corrective,20.11,8578.53,True,Central Response Team
410,20240715,220,1,Corrective,17.41,8617.22,True,Island Logistics Team
411,20250510,51,5,Preventive,3.64,2311.33,False,Island Logistics Team
412,20240226,72,4,Upgrade,21.08,14627.27,False,Island Logistics Team
413,20241221,182,1,Upgrade,29.21,24003.85,False,Island Logistics Team
414,20240708,3,2,Preventive,2.72,1038.8,False,Delta Upgrade Crew
415,20251105,62,4,Corrective,36.43,4108.29,True,Island Logistics Team
416,20250320,103,3,Corrective,15.84,12127.35,True,Alpha Field Team
417,20250621,174,5,Corrective,15.4,3390.49,False,Central Response Team
418,20240425,231,1,Corrective,31.18,27193.52,True,Delta Upgrade Crew
419,20240211,203,4,Preventive,4.64,1186.77,False,Delta Upgrade Crew
420,20240729,48,2,Corrective,13.17,6865.75,True,Delta Upgrade Crew
421,20240806,107,2,Upgrade,5.88,6995.53,False,Delta Upgrade Crew
422,20240506,104,3,Inspection,0.82,1070.37,False,Delta Upgrade Crew
423,20251111,191,1,Corrective,23.8,4295.44,False,Alpha Field Team
424,20240426,222,5,Preventive,1.66,3045.68,False,Island Logistics Team
425,20250406,81,5,Corrective,21.71,15691.11,True,Bravo Reliability Team
426,20251203,23,3,Inspection,0.63,1031.88,False,Bravo Reliability Team
427,20240706,219,3,Inspection,2.16,402.78,False,Alpha Field Team
428,20240209,39,1,Inspection,3.11,1259.84,False,Island Logistics Team
429,20240719,218,1,Corrective,8.46,9827.84,True,Bravo Reliability Team
430,20250124,130,5,Corrective,30.16,12700.44,True,Island Logistics Team
431,20251214,146,3,Preventive,2.29,1343.08,False,Alpha Field Team
432,20250921,225,3,Inspection,2.06,389.16,False,Alpha Field Team
433,20250806,61,1,Corrective,45.94,20788.65,True,Bravo Reliability Team
434,20250306,70,4,Inspection,2.04,675.54,False,Delta Upgrade Crew
435,20250702,148,3,Inspection,1.25,1927.95,False,Island Logistics Team
436,20250309,249,5,Corrective,10.44,13042.0,False,Bravo Reliability Team
437,20250716,95,2,Upgrade,5.4,16722.71,False,Central Response Team
438,20250505,69,4,Corrective,9.87,11682.76,True,Delta Upgrade Crew
439,20240826,98,3,Preventive,1.52,3380.29,False,Bravo Reliability Team
440,20240417,60,3,Inspection,2.18,1740.74,False,Delta Upgrade Crew
441,20250102,169,1,Corrective,29.79,21863.8,True,Central Response Team
442,20240225,152,4,Corrective,14.42,8466.68,True,Bravo Reliability Team
443,20250814,150,4,Corrective,34.53,7443.85,True,Island Logistics Team
444,20250528,114,2,Inspection,1.77,907.42,False,Central Response Team
445,20250507,91,5,Corrective,44.64,9469.75,True,Delta Upgrade Crew
446,20240528,50,3,Preventive,2.88,3505.28,False,Bravo Reliability Team
447,20250331,126,1,Preventive,5.6,4496.39,False,Island Logistics Team
448,20240913,218,1,Corrective,35.48,9042.93,True,Central Response Team
449,20240322,173,4,Inspection,1.79,1927.68,False,Bravo Reliability Team
450,20250814,178,4,Corrective,13.05,4249.56,True,Island Logistics Team
451,20241207,29,5,Corrective,34.11,13250.42,True,Alpha Field Team
452,20240220,234,5,Preventive,5.79,2698.24,False,Bravo Reliability Team
453,20240913,7,5,Preventive,3.6,3347.16,False,Delta Upgrade Crew
454,20240106,81,5,Inspection,3.12,2063.97,False,Bravo Reliability Team
455,20250603,42,2,Preventive,3.44,2367.2,False,Island Logistics Team
456,20240524,241,2,Corrective,13.69,3184.14,False,Bravo Reliability Team
457,20251004,195,2,Inspection,1.76,598.32,False,Central Response Team
458,20250228,67,2,Upgrade,2.94,11475.68,False,Central Response Team
459,20241209,120,4,Inspection,0.8,1743.22,False,Bravo Reliability Team
460,20240821,136,4,Corrective,44.24,11837.39,True,Alpha Field Team
461,20250602,54,1,Preventive,5.43,2769.51,False,Central Response Team
462,20250329,208,4,Corrective,15.49,3141.37,False,Central Response Team
463,20240807,199,1,Preventive,2.43,4948.93,False,Bravo Reliability Team
464,20240723,178,4,Inspection,1.8,631.53,False,Island Logistics Team
465,20250806,198,2,Inspection,1.93,532.26,False,Delta Upgrade Crew
466,20241013,179,1,Inspection,1.39,3135.86,False,Bravo Reliability Team
467,20250706,180,5,Corrective,20.34,12413.57,True,Central Response Team
468,20250916,21,3,Upgrade,7.42,9773.29,False,Delta Upgrade Crew
469,20240205,62,4,Preventive,2.47,2019.17,False,Alpha Field Team
470,20240822,60,3,Preventive,3.61,1661.2,False,Bravo Reliability Team
471,20250207,28,3,Preventive,4.86,2958.27,False,Central Response Team
472,20240213,204,2,Corrective,8.74,6248.72,True,Central Response Team
473,20251220,239,4,Preventive,7.42,4306.76,False,Central Response Team
474,20240721,81,5,Preventive,6.73,2895.91,False,Delta Upgrade Crew
475,20250407,39,1,Corrective,26.73,17673.57,False,Delta Upgrade Crew
476,20240329,151,1,Corrective,30.47,19732.67,True,Island Logistics Team
477,20251127,97,2,Corrective,20.71,4171.93,True,Delta Upgrade Crew
478,20250419,40,3,Corrective,32.91,8306.2,True,Bravo Reliability Team
479,20240709,169,1,Upgrade,7.59,15988.17,False,Central Response Team
480,20241013,98,3,Corrective,22.89,10374.18,True,Delta Upgrade Crew
481,20250607,27,1,Corrective,23.33,9504.41,True,Bravo Reliability Team
482,20240222,98,3,Inspection,2.99,527.07,False,Central Response Team
483,20251107,44,5,Corrective,26.33,15305.64,False,Alpha Field Team
484,20250918,97,2,Preventive,2.74,887.53,False,Delta Upgrade Crew
485,20241222,27,1,Inspection,3.78,1964.13,False,Central Response Team
486,20240229,249,5,Corrective,40.3,10750.68,True,Bravo Reliability Team
487,20240721,95,2,Preventive,4.98,1871.82,False,Delta Upgrade Crew
488,20240325,35,2,Preventive,2.64,1423.65,False,Delta Upgrade Crew
489,20240215,157,1,Inspection,1.96,2528.95,False,Island Logistics Team
490,20250508,124,4,Preventive,4.61,3214.99,False,Alpha Field Team
491,20250809,56,2,Preventive,3.67,3431.79,False,Delta Upgrade Crew
492,20251021,62,4,Upgrade,13.86,13549.88,False,Delta Upgrade Crew
493,20250520,132,1,Corrective,29.18,14634.14,True,Central Response Team
494,20250711,118,1,Corrective,12.49,8060.11,True,Bravo Reliability Team
495,20250219,35,2,Inspection,1.77,1404.94,False,Delta Upgrade Crew
496,20240720,51,5,Corrective,15.89,11317.42,False,Island Logistics Team
497,20240110,11,4,Preventive,2.89,2487.37,False,Delta Upgrade Crew
498,20250901,88,1,Upgrade,17.21,19707.01,False,Island Logistics Team
499,20240730,116,4,Corrective,23.37,6808.46,True,Delta Upgrade Crew
500,20250412,76,5,Preventive,5.16,3149.9,False,Island Logistics Team
501,20250421,199,1,Corrective,33.74,11216.42,True,Island Logistics Team
502,20241109,60,3,Upgrade,6.41,19096.18,False,Bravo Reliability Team
503,20240808,136,4,Preventive,7.46,1886.08,False,Bravo Reliability Team
504,20250724,195,2,Corrective,19.34,11070.83,False,Central Response Team
505,20240830,190,3,Preventive,1.55,1108.49,False,Bravo Reliability Team
506,20250420,234,5,Inspection,2.96,2163.4,False,Delta Upgrade Crew
507,20250717,242,2,Upgrade,6.67,7130.06,False,Delta Upgrade Crew
508,20240122,223,1,Upgrade,9.15,11645.68,False,Alpha Field Team
509,20251001,136,4,Corrective,20.83,11789.28,False,Bravo Reliability Team
510,20241124,209,4,Inspection,2.82,558.36,False,Bravo Reliability Team
511,20250531,32,1,Preventive,5.76,2177.14,False,Alpha Field Team
512,20240606,149,5,Inspection,2.92,538.18,False,Central Response Team
513,20240328,163,4,Preventive,3.64,1760.08,False,Central Response Team
514,20251102,98,3,Preventive,2.48,3701.21,False,Central Response Team
515,20241228,213,2,Inspection,0.8,811.96,False,Bravo Reliability Team
516,20240316,100,3,Corrective,26.44,13664.4,False,Central Response Team
517,20250101,93,1,Corrective,22.09,11518.67,True,Central Response Team
518,20250202,188,5,Upgrade,11.51,19048.17,False,Central Response Team
519,20250725,21,3,Corrective,18.0,8984.54,True,Island Logistics Team
520,20240914,116,4,Inspection,1.51,2040.5,False,Central Response Team
521,20240111,40,3,Preventive,4.22,1291.71,False,Island Logistics Team
522,20250413,195,2,Preventive,4.56,3031.04,False,Island Logistics Team
523,20250826,39,1,Corrective,39.14,8217.39,False,Delta Upgrade Crew
524,20240425,139,4,Corrective,27.12,12754.25,True,Bravo Reliability Team
525,20250611,71,1,Inspection,3.69,667.52,False,Central Response Team
526,20250119,142,1,Corrective,26.98,8985.18,True,Delta Upgrade Crew
527,20250423,27,1,Inspection,1.28,2427.24,False,Delta Upgrade Crew
528,20250211,50,3,Corrective,17.9,5269.24,True,Alpha Field Team
529,20250412,24,2,Inspection,3.09,530.34,False,Bravo Reliability Team
530,20250628,37,1,Corrective,51.32,19602.57,True,Central Response Team
531,20240520,134,3,Inspection,1.72,1118.11,False,Bravo Reliability Team
532,20250429,164,1,Corrective,31.15,9871.09,True,Island Logistics Team
533,20240129,25,2,Preventive,4.44,2674.12,False,Island Logistics Team
534,20250724,79,1,Upgrade,10.47,11166.27,False,Island Logistics Team
535,20250116,86,1,Corrective,15.82,20383.13,True,Central Response Team
536,20241005,204,2,Corrective,18.35,10276.82,True,Bravo Reliability Team
537,20250412,174,5,Preventive,3.62,2216.01,False,Central Response Team
538,20250303,150,4,Corrective,24.28,7777.02,False,Delta Upgrade Crew
539,20240804,219,3,Preventive,3.41,1206.38,False,Island Logistics Team
540,20251109,237,1,Corrective,13.11,23952.85,True,Central Response Team
541,20241211,48,2,Preventive,1.73,3615.68,False,Central Response Team
542,20240930,13,3,Preventive,3.48,2935.78,False,Island Logistics Team
543,20240609,56,2,Preventive,3.78,2611.52,False,Island Logistics Team
544,20240629,157,1,Preventive,2.37,5881.76,False,Island Logistics Team
545,20250905,67,2,Inspection,1.92,769.75,False,Alpha Field Team
546,20250807,163,4,Corrective,16.12,6967.31,True,Central Response Team
547,20240120,177,1,Inspection,2.64,2338.79,False,Delta Upgrade Crew
548,20240626,196,1,Upgrade,17.7,15229.93,False,Bravo Reliability Team
549,20240519,232,4,Preventive,5.99,2422.87,False,Island Logistics Team
550,20240529,26,2,Corrective,21.85,11808.01,True,Bravo Reliability Team
551,20250718,81,5,Inspection,2.44,1528.81,False,Bravo Reliability Team
552,20250112,211,3,Corrective,24.73,8646.95,True,Alpha Field Team
553,20240823,153,1,Inspection,2.98,1059.67,False,Island Logistics Team
554,20241015,211,3,Preventive,2.14,3643.67,False,Delta Upgrade Crew
555,20240502,99,3,Inspection,2.44,1099.27,False,Bravo Reliability Team
556,20250809,222,5,Corrective,14.53,8718.99,False,Central Response Team
557,20241017,188,5,Corrective,32.8,10546.72,True,Island Logistics Team
558,20240529,111,1,Corrective,11.3,10424.45,True,Alpha Field Team
559,20251002,33,5,Preventive,5.47,4268.16,False,Island Logistics Team
560,20250610,194,1,Inspection,0.74,1006.67,False,Bravo Reliability Team
561,20250624,7,5,Corrective,17.68,9597.36,True,Alpha Field Team
562,20250827,156,4,Inspection,1.49,1562.2,False,Island Logistics Team
563,20241126,110,2,Corrective,16.15,10299.16,True,Central Response Team
564,20250519,189,5,Corrective,11.66,5999.13,True,Bravo Reliability Team
565,20241226,185,1,Inspection,1.05,704.86,False,Central Response Team
566,20250902,237,1,Corrective,34.59,9902.84,True,Central Response Team
567,20250414,32,1,Inspection,1.94,857.33,False,Delta Upgrade Crew
568,20250826,2,1,Corrective,12.71,11415.89,True,Bravo Reliability Team
569,20240406,165,3,Upgrade,21.01,24964.28,False,Bravo Reliability Team
570,20240421,157,1,Corrective,16.64,14250.9,True,Central Response Team
571,20250324,88,1,Corrective,33.84,9274.34,False,Delta Upgrade Crew
572,20240225,71,1,Upgrade,14.08,19158.78,False,Island Logistics Team
573,20250629,1,4,Corrective,22.29,12198.76,True,Bravo Reliability Team
574,20241226,207,2,Preventive,4.69,2399.63,False,Central Response Team
575,20250502,89,1,Corrective,33.48,16679.19,True,Delta Upgrade Crew
576,20240321,59,5,Preventive,3.16,2786.76,False,Island Logistics Team
577,20250506,35,2,Inspection,0.92,1113.32,False,Bravo Reliability Team
578,20251017,42,2,Preventive,2.11,1818.08,False,Delta Upgrade Crew
579,20240804,224,1,Corrective,22.67,8372.77,True,Island Logistics Team
580,20240624,163,4,Upgrade,15.48,5322.52,False,Bravo Reliability Team
581,20240106,109,4,Preventive,4.72,4100.2,False,Alpha Field Team
582,20251120,38,3,Corrective,7.43,7721.5,True,Alpha Field Team
583,20250517,50,3,Preventive,5.0,3766.88,False,Central Response Team
584,20240709,114,2,Preventive,3.87,3395.56,False,Alpha Field Team
585,20250727,15,3,Preventive,5.32,2829.84,False,Island Logistics Team
586,20250622,139,4,Preventive,1.97,1035.21,False,Bravo Reliability Team
587,20250823,101,4,Preventive,6.09,1184.77,False,Delta Upgrade Crew
588,20240530,197,2,Upgrade,4.56,19286.27,False,Central Response Team
589,20251023,249,5,Inspection,1.06,1429.19,False,Bravo Reliability Team
590,20240603,117,5,Corrective,19.77,6065.75,False,Delta Upgrade Crew
591,20240426,69,4,Preventive,2.99,2113.7,False,Central Response Team
592,20250119,86,1,Upgrade,26.36,30460.44,False,Central Response Team
593,20240203,83,2,Preventive,3.12,2282.3,False,Alpha Field Team
594,20251124,222,5,Preventive,3.37,1913.37,False,Central Response Team
595,20250913,120,4,Preventive,4.64,1317.81,False,Delta Upgrade Crew
596,20240628,181,1,Preventive,3.39,4747.29,False,Alpha Field Team
597,20250115,67,2,Preventive,2.28,2147.89,False,Central Response Team
598,20250824,155,5,Corrective,9.58,10176.64,True,Delta Upgrade Crew
599,20240805,34,5,Inspection,1.68,793.7,False,Alpha Field Team
600,20240905,104,3,Corrective,17.96,10365.47,True,Central Response Team
601,20240311,196,1,Preventive,3.09,5012.02,False,Island Logistics Team
602,20240320,41,1,Corrective,53.46,8844.02,True,Island Logistics Team
603,20240731,232,4,Preventive,4.08,937.75,False,Delta Upgrade Crew
604,20250503,106,1,Preventive,4.89,5540.81,False,Central Response Team
605,20240607,247,4,Upgrade,13.89,9961.19,False,Delta Upgrade Crew
606,20250726,129,3,Preventive,5.26,2421.62,False,Delta Upgrade Crew
607,20251011,154,1,Preventive,5.14,1755.82,False,Central Response Team
608,20251103,154,1,Inspection,1.06,2068.78,False,Delta Upgrade Crew
609,20250919,249,5,Preventive,5.94,3532.89,False,Delta Upgrade Crew
610,20240313,54,1,Preventive,3.42,4124.04,False,Delta Upgrade Crew
611,20250307,156,4,Inspection,3.35,897.99,False,Central Response Team
612,20251128,152,4,Preventive,3.79,3005.29,False,Delta Upgrade Crew
613,20250827,177,1,Inspection,1.27,1327.99,False,Alpha Field Team
614,20240217,38,3,Preventive,4.75,2158.53,False,Delta Upgrade Crew
615,20250227,28,3,Preventive,2.0,1470.84,False,Central Response Team
616,20240310,32,1,Inspection,3.11,2232.1,False,Delta Upgrade Crew
617,20240602,38,3,Inspection,0.72,1602.84,False,Central Response Team
618,20251226,168,3,Preventive,4.74,2899.52,False,Bravo Reliability Team
619,20250525,237,1,Corrective,38.39,22214.84,True,Delta Upgrade Crew
620,20250225,131,5,Upgrade,17.2,12987.71,False,Central Response Team
621,20240820,69,4,Preventive,4.67,1643.71,False,Central Response Team
622,20250319,220,1,Corrective,18.45,17515.96,True,Delta Upgrade Crew
623,20240704,140,2,Preventive,2.1,1776.95,False,Bravo Reliability Team
624,20240205,44,5,Corrective,15.19,5662.03,True,Island Logistics Team
625,20240621,23,3,Inspection,1.79,792.72,False,Island Logistics Team
626,20251229,77,1,Upgrade,16.92,7439.25,False,Central Response Team
627,20240101,210,1,Inspection,2.16,2038.53,False,Delta Upgrade Crew
628,20250322,31,2,Inspection,1.08,900.43,False,Central Response Team
629,20241004,229,1,Corrective,30.85,8393.95,True,Alpha Field Team
630,20250827,228,2,Corrective,31.85,7671.45,True,Delta Upgrade Crew
631,20241102,49,3,Corrective,25.81,5875.97,True,Central Response Team
632,20251010,43,1,Inspection,2.23,1927.79,False,Alpha Field Team
633,20250705,234,5,Corrective,23.05,5952.83,True,Central Response Team
634,20240218,83,2,Upgrade,18.83,10749.19,False,Delta Upgrade Crew
635,20251029,147,1,Inspection,2.17,1220.54,False,Delta Upgrade Crew
636,20251014,86,1,Inspection,3.74,1726.43,False,Delta Upgrade Crew
637,20250317,226,3,Inspection,0.91,1554.37,False,Central Response Team
638,20251002,210,1,Upgrade,22.97,19523.26,False,Alpha Field Team
639,20250719,204,2,Preventive,5.56,1847.27,False,Alpha Field Team
640,20241002,250,2,Inspection,0.49,734.11,False,Central Response Team
641,20241013,62,4,Corrective,30.55,13118.66,True,Island Logistics Team
642,20250408,113,1,Inspection,2.33,2626.55,False,Bravo Reliability Team
643,20251008,178,4,Corrective,18.4,6333.68,True,Central Response Team
644,20241215,171,1,Upgrade,19.21,32779.23,False,Bravo Reliability Team
645,20251225,249,5,Upgrade,21.87,9155.07,False,Bravo Reliability Team
646,20250113,32,1,Preventive,2.38,2853.25,False,Delta Upgrade Crew
647,20241007,185,1,Inspection,2.45,1312.4,False,Central Response Team
648,20250227,28,3,Corrective,13.36,4742.48,True,Island Logistics Team
649,20250311,164,1,Preventive,4.85,3739.12,False,Island Logistics Team
650,20251225,81,5,Inspection,3.39,1007.55,False,Alpha Field Team
651,20250828,214,4,Preventive,5.67,2492.97,False,Central Response Team
652,20240830,226,3,Preventive,4.58,2806.76,False,Bravo Reliability Team
653,20250214,197,2,Corrective,29.02,14008.12,True,Central Response Team
654,20240718,228,2,Preventive,3.48,3730.26,False,Island Logistics Team
655,20250131,175,5,Preventive,3.72,4161.58,False,Bravo Reliability Team
656,20250211,122,1,Corrective,9.96,7826.38,False,Bravo Reliability Team
657,20240620,109,4,Inspection,3.07,1618.94,False,Island Logistics Team
658,20240817,149,5,Corrective,22.07,13355.53,False,Delta Upgrade Crew
659,20250126,130,5,Preventive,2.71,2911.4,False,Island Logistics Team
660,20240820,239,4,Corrective,17.69,5945.65,False,Alpha Field Team
661,20240818,112,2,Upgrade,3.34,6951.21,False,Central Response Team
662,20250321,103,3,Preventive,4.16,1294.72,False,Central Response Team
663,20240902,104,3,Upgrade,4.32,16610.6,False,Central Response Team
664,20250406,229,1,Inspection,2.47,2074.42,False,Central Response Team
665,20241225,45,4,Inspection,1.1,1052.88,False,Central Response Team
666,20241030,219,3,Corrective,11.92,8727.19,False,Island Logistics Team
667,20240728,118,1,Corrective,18.14,12546.44,False,Delta Upgrade Crew
668,20250326,155,5,Corrective,29.58,7323.63,True,Alpha Field Team
669,20250612,58,1,Corrective,14.32,12574.35,True,Central Response Team
670,20240808,97,2,Preventive,2.66,2719.07,False,Alpha Field Team
671,20241113,233,3,Inspection,0.82,1948.63,False,Delta Upgrade Crew
672,20240708,219,3,Upgrade,7.48,10817.34,False,Bravo Reliability Team
673,20241020,154,1,Upgrade,21.0,22170.66,False,Bravo Reliability Team
674,20241024,13,3,Inspection,3.5,687.4,False,Delta Upgrade Crew
675,20240413,32,1,Corrective,28.78,8651.15,False,Alpha Field Team
676,20240101,192,1,Preventive,6.34,2326.5,False,Island Logistics Team
677,20251224,54,1,Corrective,22.31,15967.8,True,Alpha Field Team
678,20250719,174,5,Corrective,20.25,6079.19,False,Delta Upgrade Crew
679,20240820,182,1,Inspection,3.16,1303.68,False,Delta Upgrade Crew
680,20240924,152,4,Inspection,1.93,1585.36,False,Alpha Field Team
681,20240603,36,3,Preventive,2.82,1096.12,False,Bravo Reliability Team
682,20250915,125,1,Inspection,2.09,2560.63,False,Bravo Reliability Team
683,20250903,160,1,Upgrade,5.92,19075.0,False,Delta Upgrade Crew
684,20250505,17,3,Inspection,2.48,1137.8,False,Alpha Field Team
685,20250415,23,3,Corrective,12.1,14204.14,True,Bravo Reliability Team
686,20240422,25,2,Corrective,18.86,8586.47,True,Delta Upgrade Crew
687,20250730,220,1,Preventive,6.54,1707.12,False,Delta Upgrade Crew
688,20250817,169,1,Preventive,7.97,6056.26,False,Central Response Team
689,20240928,166,1,Preventive,3.47,2195.01,False,Alpha Field Team
690,20250419,27,1,Corrective,20.94,14368.09,False,Central Response Team
691,20251108,231,1,Upgrade,21.57,33846.79,False,Island Logistics Team
692,20250611,140,2,Upgrade,11.07,10225.64,False,Bravo Reliability Team
693,20240824,73,5,Inspection,2.69,1528.58,False,Island Logistics Team
694,20250701,47,1,Inspection,2.73,2408.13,False,Delta Upgrade Crew
695,20240907,184,5,Corrective,28.03,6011.77,True,Island Logistics Team
696,20250903,163,4,Corrective,24.11,7072.32,True,Delta Upgrade Crew
697,20250416,118,1,Inspection,2.18,1104.23,False,Central Response Team
698,20240522,116,4,Upgrade,7.78,22552.5,False,Delta Upgrade Crew
699,20250923,99,3,Upgrade,19.13,9725.26,False,Delta Upgrade Crew
700,20250723,45,4,Inspection,3.63,770.28,False,Bravo Reliability Team
701,20251026,86,1,Corrective,34.28,6827.43,True,Bravo Reliability Team
702,20240125,220,1,Preventive,7.79,3966.77,False,Delta Upgrade Crew
703,20240416,55,2,Preventive,4.68,2080.37,False,Delta Upgrade Crew
704,20250105,136,4,Upgrade,23.39,13157.07,False,Island Logistics Team
705,20250508,232,4,Inspection,0.61,1012.04,False,Island Logistics Team
706,20240529,20,1,Corrective,21.57,18294.88,True,Bravo Reliability Team
707,20240210,230,5,Preventive,5.58,1733.23,False,Central Response Team
708,20241230,190,3,Inspection,1.31,1326.16,False,Alpha Field Team
709,20250329,169,1,Corrective,39.4,5968.03,True,Alpha Field Team
710,20250928,25,2,Preventive,4.03,840.55,False,Central Response Team
711,20250308,190,3,Upgrade,8.45,16232.05,False,Central Response Team
712,20241017,82,2,Corrective,18.73,5627.53,True,Bravo Reliability Team
713,20250329,35,2,Corrective,9.9,4276.6,False,Delta Upgrade Crew
714,20240622,78,3,Preventive,2.58,3096.79,False,Island Logistics Team
715,20250708,144,4,Corrective,20.78,11539.77,False,Delta Upgrade Crew
716,20250725,140,2,Inspection,2.89,976.88,False,Alpha Field Team
717,20240812,29,5,Preventive,5.86,2847.84,False,Central Response Team
718,20240316,160,1,Corrective,19.08,7992.26,True,Central Response Team
719,20250424,192,1,Corrective,37.04,11406.2,True,Alpha Field Team
720,20250830,226,3,Preventive,3.27,2402.99,False,Delta Upgrade Crew
721,20240227,111,1,Preventive,4.72,4351.49,False,Alpha Field Team
722,20240926,81,5,Upgrade,7.21,24670.25,False,Bravo Reliability Team
723,20240610,199,1,Upgrade,17.17,18453.78,False,Delta Upgrade Crew
724,20251014,7,5,Inspection,3.13,1398.66,False,Island Logistics Team
725,20240320,37,1,Corrective,48.82,22763.78,True,Island Logistics Team
726,20240808,123,3,Preventive,3.72,1640.91,False,Central Response Team
727,20241009,224,1,Corrective,14.84,11850.29,False,Central Response Team
728,20240704,165,3,Corrective,12.69,16160.53,False,Island Logistics Team
729,20241114,102,3,Inspection,1.96,1505.94,False,Island Logistics Team
730,20250912,129,3,Corrective,27.91,6221.47,False,Alpha Field Team
731,20240416,126,1,Inspection,1.02,988.98,False,Delta Upgrade Crew
732,20250221,141,4,Inspection,1.76,883.66,False,Alpha Field Team
733,20251021,192,1,Preventive,5.85,4712.22,False,Island Logistics Team
734,20250320,55,2,Inspection,0.54,611.56,False,Island Logistics Team
735,20240823,52,2,Preventive,4.88,1053.4,False,Central Response Team
736,20240718,37,1,Inspection,4.26,2699.87,False,Delta Upgrade Crew
737,20241211,125,1,Corrective,22.22,21227.42,True,Alpha Field Team
738,20240921,238,2,Upgrade,18.61,16699.64,False,Bravo Reliability Team
739,20241210,88,1,Corrective,17.36,8943.06,True,Delta Upgrade Crew
740,20240320,100,3,Inspection,0.82,1691.88,False,Central Response Team
741,20240729,200,4,Inspection,1.74,472.53,False,Bravo Reliability Team
742,20240827,76,5,Corrective,11.24,7684.01,False,Bravo Reliability Team
743,20241106,167,3,Inspection,2.38,1488.94,False,Central Response Team
744,20241126,192,1,Preventive,5.67,3515.78,False,Delta Upgrade Crew
745,20240927,34,5,Inspection,1.36,1588.59,False,Bravo Reliability Team
746,20250619,151,1,Inspection,4.12,1789.21,False,Delta Upgrade Crew
747,20240528,39,1,Upgrade,21.08,15891.29,False,Central Response Team
748,20251119,66,5,Preventive,1.87,1333.7,False,Delta Upgrade Crew
749,20240912,155,5,Upgrade,17.72,18890.6,False,Alpha Field Team
750,20240604,234,5,Preventive,6.96,3965.87,False,Alpha Field Team
751,20240215,49,3,Preventive,6.97,1963.63,False,Delta Upgrade Crew
752,20250902,72,4,Corrective,29.84,4376.49,False,Delta Upgrade Crew
753,20241101,152,4,Corrective,13.62,5892.02,True,Central Response Team
754,20240103,58,1,Preventive,7.02,2844.29,False,Central Response Team
755,20251230,240,3,Corrective,18.37,14487.43,True,Bravo Reliability Team
756,20240104,167,3,Corrective,20.72,12224.38,False,Bravo Reliability Team
757,20250912,219,3,Preventive,4.88,3404.4,False,Bravo Reliability Team
758,20240719,225,3,Upgrade,5.96,7528.55,False,Island Logistics Team
759,20250311,138,3,Preventive,7.26,2281.62,False,Central Response Team
760,20250517,224,1,Corrective,11.83,14051.14,True,Central Response Team
761,20241029,207,2,Preventive,1.27,989.29,False,Alpha Field Team
762,20250611,197,2,Inspection,2.63,1164.64,False,Delta Upgrade Crew
763,20240827,79,1,Upgrade,14.45,16223.23,False,Delta Upgrade Crew
764,20240831,222,5,Preventive,2.45,2431.23,False,Delta Upgrade Crew
765,20250309,14,3,Inspection,0.72,1152.72,False,Central Response Team
766,20251014,133,1,Preventive,8.36,1938.58,False,Island Logistics Team
767,20240417,30,4,Corrective,34.2,7485.6,True,Bravo Reliability Team
768,20240809,39,1,Corrective,42.17,15872.36,False,Alpha Field Team
769,20250214,150,4,Upgrade,12.59,6326.25,False,Central Response Team
770,20250331,32,1,Corrective,30.24,17072.15,True,Delta Upgrade Crew
771,20241024,27,1,Corrective,40.07,12983.05,True,Bravo Reliability Team
772,20250208,186,1,Inspection,2.56,2381.62,False,Alpha Field Team
773,20240916,241,2,Preventive,4.56,2908.54,False,Bravo Reliability Team
774,20240103,238,2,Preventive,5.13,1110.9,False,Bravo Reliability Team
775,20250613,173,4,Preventive,6.32,1634.81,False,Central Response Team
776,20250131,160,1,Preventive,1.81,2351.28,False,Central Response Team
777,20250908,106,1,Corrective,32.82,5733.96,True,Bravo Reliability Team
778,20251129,52,2,Preventive,4.52,986.07,False,Delta Upgrade Crew
779,20240412,81,5,Inspection,4.08,1057.91,False,Alpha Field Team
780,20241009,103,3,Corrective,12.76,6443.27,True,Island Logistics Team
781,20240627,80,4,Preventive,5.25,2783.21,False,Alpha Field Team
782,20250414,199,1,Inspection,1.45,1520.23,False,Alpha Field Team
783,20251216,202,3,Preventive,4.86,1161.01,False,Bravo Reliability Team
784,20251123,64,1,Upgrade,19.24,6723.45,False,Delta Upgrade Crew
785,20240623,30,4,Upgrade,17.24,11058.25,False,Island Logistics Team
786,20240101,104,3,Corrective,10.75,8863.98,False,Island Logistics Team
787,20250114,187,5,Upgrade,20.01,8939.31,False,Island Logistics Team
788,20250522,199,1,Corrective,18.35,12093.21,False,Central Response Team
789,20240715,173,4,Corrective,34.05,7328.52,True,Bravo Reliability Team
790,20250601,75,1,Upgrade,13.21,29296.47,False,Island Logistics Team
791,20240625,1,4,Inspection,3.24,877.91,False,Central Response Team
792,20250304,54,1,Corrective,20.1,17137.04,True,Bravo Reliability Team
793,20250817,171,1,Preventive,7.74,4862.91,False,Island Logistics Team
794,20250813,6,1,Preventive,3.06,4999.02,False,Central Response Team
795,20241004,7,5,Inspection,2.12,1323.68,False,Alpha Field Team
796,20250609,199,1,Corrective,7.19,16437.34,False,Delta Upgrade Crew
797,20240512,107,2,Preventive,5.5,3488.31,False,Central Response Team
798,20250811,243,4,Upgrade,18.71,17860.24,False,Delta Upgrade Crew
799,20240915,25,2,Corrective,25.29,7707.67,True,Island Logistics Team
800,20251019,160,1,Inspection,1.33,2205.65,False,Island Logistics Team
801,20240728,26,2,Preventive,4.2,3489.68,False,Alpha Field Team
802,20241224,80,4,Upgrade,14.81,17043.34,False,Delta Upgrade Crew
803,20240724,67,2,Corrective,16.69,2769.28,False,Delta Upgrade Crew
804,20250327,216,3,Upgrade,15.22,9235.11,False,Alpha Field Team
805,20250818,226,3,Corrective,12.67,4996.4,False,Bravo Reliability Team
806,20240725,190,3,Corrective,10.99,8946.73,True,Delta Upgrade Crew
807,20240303,142,1,Corrective,35.67,14752.81,False,Central Response Team
808,20250527,134,3,Corrective,10.68,14136.85,True,Alpha Field Team
809,20251117,180,5,Corrective,18.87,13232.69,True,Delta Upgrade Crew
810,20240906,113,1,Inspection,1.07,1243.69,False,Delta Upgrade Crew
811,20251105,88,1,Corrective,26.55,17599.12,True,Island Logistics Team
812,20250624,161,4,Upgrade,17.15,6928.31,False,Bravo Reliability Team
813,20240601,66,5,Upgrade,5.98,9419.0,False,Delta Upgrade Crew
814,20250806,117,5,Corrective,25.72,8647.49,False,Delta Upgrade Crew
815,20241222,191,1,Corrective,24.52,5732.7,True,Alpha Field Team
816,20240121,108,2,Corrective,16.14,3648.26,True,Delta Upgrade Crew
817,20251025,215,4,Inspection,0.54,1464.53,False,Island Logistics Team
818,20240124,77,1,Corrective,41.37,9520.27,True,Alpha Field Team
819,20240222,174,5,Upgrade,15.09,7801.32,False,Island Logistics Team
820,20251229,200,4,Preventive,6.07,2434.69,False,Central Response Team
821,20251021,7,5,Inspection,1.8,833.96,False,Bravo Reliability Team
822,20250206,50,3,Upgrade,6.79,7272.39,False,Bravo Reliability Team
823,20250409,121,4,Corrective,26.79,6233.27,False,Alpha Field Team
824,20240303,151,1,Inspection,3.75,2487.98,False,Delta Upgrade Crew
825,20250702,171,1,Corrective,36.49,8412.16,False,Alpha Field Team
826,20251124,70,4,Preventive,6.25,2623.38,False,Bravo Reliability Team
827,20250111,139,4,Corrective,18.6,3036.46,False,Alpha Field Team
828,20240601,177,1,Corrective,30.31,13990.78,True,Central Response Team
829,20240906,247,4,Upgrade,16.74,5321.59,False,Central Response Team
830,20250905,29,5,Upgrade,5.85,8539.14,False,Bravo Reliability Team
831,20241014,203,4,Preventive,6.26,1395.7,False,Alpha Field Team
832,20250812,222,5,Upgrade,13.35,24116.35,False,Island Logistics Team
833,20240927,20,1,Inspection,1.32,2632.57,False,Central Response Team
834,20240814,181,1,Inspection,1.0,1273.71,False,Central Response Team
835,20250901,107,2,Preventive,5.64,2744.2,False,Central Response Team
836,20250709,118,1,Upgrade,21.23,25494.35,False,Central Response Team
837,20240314,103,3,Corrective,12.29,10682.89,False,Bravo Reliability Team
838,20240310,152,4,Upgrade,4.97,12423.53,False,Delta Upgrade Crew
839,20250427,81,5,Preventive,6.49,5570.2,False,Island Logistics Team
840,20240720,178,4,Corrective,15.6,9689.0,False,Alpha Field Team
841,20241107,105,3,Corrective,19.66,11447.12,True,Alpha Field Team
842,20240808,87,2,Upgrade,10.1,15721.02,False,Central Response Team
843,20250329,211,3,Upgrade,9.29,15321.29,False,Bravo Reliability Team
844,20251017,204,2,Corrective,14.49,5347.69,True,Island Logistics Team
845,20250117,132,1,Corrective,20.02,13288.69,True,Bravo Reliability Team
846,20240402,32,1,Preventive,1.74,4519.4,False,Island Logistics Team
847,20241028,121,4,Corrective,13.6,9287.6,True,Delta Upgrade Crew
848,20240724,181,1,Preventive,5.97,5904.83,False,Island Logistics Team
849,20250314,37,1,Preventive,4.77,3687.88,False,Island Logistics Team
850,20240605,128,4,Inspection,2.47,1256.52,False,Island Logistics Team
851,20240529,237,1,Corrective,23.36,16920.15,False,Delta Upgrade Crew
852,20250611,247,4,Preventive,5.55,1835.06,False,Central Response Team
853,20240307,30,4,Preventive,3.02,3083.26,False,Island Logistics Team
854,20250430,41,1,Inspection,2.91,748.74,False,Alpha Field Team
855,20250912,201,1,Upgrade,20.92,18492.8,False,Island Logistics Team
856,20240907,232,4,Corrective,13.41,9957.07,True,Alpha Field Team
857,20240203,53,5,Corrective,31.48,17921.92,True,Island Logistics Team
858,20250110,14,3,Inspection,1.03,608.33,False,Alpha Field Team
859,20250810,194,1,Upgrade,4.81,14039.68,False,Delta Upgrade Crew
860,20251008,73,5,Corrective,18.45,9580.6,True,Alpha Field Team
861,20251230,156,4,Preventive,7.82,2166.72,False,Island Logistics Team
862,20240919,157,1,Inspection,2.87,660.85,False,Bravo Reliability Team
863,20250309,136,4,Preventive,2.16,1714.78,False,Alpha Field Team
864,20250814,104,3,Corrective,20.8,6037.65,True,Bravo Reliability Team
865,20250629,196,1,Inspection,3.16,1600.3,False,Bravo Reliability Team
866,20251220,128,4,Inspection,2.23,1772.79,False,Bravo Reliability Team
867,20240109,129,3,Upgrade,10.97,15198.39,False,Delta Upgrade Crew
868,20241026,239,4,Preventive,5.1,2991.92,False,Alpha Field Team
869,20251126,49,3,Inspection,0.82,1124.11,False,Delta Upgrade Crew
870,20241206,135,1,Preventive,4.04,1894.37,False,Bravo Reliability Team
871,20251228,56,2,Inspection,2.44,1528.92,False,Central Response Team
872,20240316,163,4,Corrective,26.54,11252.57,True,Delta Upgrade Crew
873,20240625,20,1,Corrective,36.05,10616.48,True,Bravo Reliability Team
874,20241230,132,1,Corrective,24.7,16997.56,False,Central Response Team
875,20250712,37,1,Upgrade,17.84,23644.37,False,Delta Upgrade Crew
876,20240129,215,4,Preventive,2.33,919.35,False,Central Response Team
877,20250901,108,2,Corrective,14.98,6573.89,False,Alpha Field Team
878,20250613,228,2,Corrective,17.28,11428.7,True,Island Logistics Team
879,20250110,40,3,Upgrade,13.62,17409.9,False,Delta Upgrade Crew
880,20240111,163,4,Corrective,25.34,7103.85,False,Bravo Reliability Team
881,20250328,101,4,Preventive,5.99,1385.99,False,Alpha Field Team
882,20250130,156,4,Inspection,3.24,1719.68,False,Alpha Field Team
883,20250130,218,1,Corrective,9.36,11255.93,True,Delta Upgrade Crew
884,20240211,16,1,Corrective,12.19,9612.72,True,Alpha Field Team
885,20240408,196,1,Corrective,15.92,22496.44,True,Alpha Field Team
886,20240407,133,1,Upgrade,27.05,12925.15,False,Central Response Team
887,20241013,191,1,Inspection,0.92,1477.21,False,Delta Upgrade Crew
888,20250622,249,5,Upgrade,23.03,22232.73,False,Central Response Team
889,20240826,196,1,Corrective,31.87,19573.41,False,Bravo Reliability Team
890,20241006,46,4,Upgrade,15.93,14159.85,False,Alpha Field Team
891,20251201,229,1,Inspection,3.27,650.99,False,Island Logistics Team
892,20250710,223,1,Preventive,9.69,6303.69,False,Alpha Field Team
893,20250808,15,3,Corrective,19.15,6361.37,True,Alpha Field Team
894,20240716,237,1,Inspection,3.26,1938.34,False,Delta Upgrade Crew
895,20251113,118,1,Corrective,14.54,6001.45,True,Bravo Reliability Team
896,20250501,155,5,Preventive,1.71,3848.61,False,Delta Upgrade Crew
897,20250407,12,2,Corrective,27.96,11610.13,True,Alpha Field Team
898,20240413,174,5,Upgrade,4.25,9016.32,False,Central Response Team
899,20241123,51,5,Inspection,1.91,1448.84,False,Bravo Reliability Team
900,20240801,82,2,Preventive,2.38,1923.54,False,Delta Upgrade Crew
901,20250910,206,3,Preventive,5.09,3268.22,False,Delta Upgrade Crew
902,20250111,24,2,Upgrade,15.13,19205.79,False,Bravo Reliability Team
903,20240531,163,4,Upgrade,17.04,13289.43,False,Alpha Field Team
904,20250619,196,1,Corrective,8.89,9276.67,False,Bravo Reliability Team
905,20240714,237,1,Corrective,15.22,8130.35,True,Alpha Field Team
906,20250426,148,3,Preventive,6.96,4057.58,False,Bravo Reliability Team
907,20240422,31,2,Upgrade,17.36,20173.73,False,Delta Upgrade Crew
908,20250302,158,4,Corrective,26.52,4546.23,True,Bravo Reliability Team
909,20250301,65,1,Corrective,43.24,12382.84,True,Central Response Team
910,20250206,82,2,Upgrade,11.76,19623.82,False,Central Response Team
911,20240823,62,4,Corrective,9.32,11845.88,False,Delta Upgrade Crew
912,20250930,193,3,Inspection,1.28,544.91,False,Delta Upgrade Crew
913,20240706,79,1,Corrective,23.8,20997.7,True,Delta Upgrade Crew
914,20250909,129,3,Preventive,5.55,1733.75,False,Island Logistics Team
915,20250813,80,4,Preventive,2.64,3015.05,False,Central Response Team
916,20241207,82,2,Preventive,4.77,2821.25,False,Bravo Reliability Team
917,20251121,194,1,Inspection,1.73,1871.55,False,Alpha Field Team
918,20240903,15,3,Upgrade,6.44,12243.58,False,Delta Upgrade Crew
919,20250827,49,3,Upgrade,11.81,10491.54,False,Central Response Team
920,20241014,115,2,Upgrade,15.59,7927.91,False,Island Logistics Team
921,20250626,127,3,Upgrade,22.46,8884.62,False,Central Response Team
922,20240717,211,3,Corrective,19.87,4209.74,True,Delta Upgrade Crew
923,20241116,156,4,Preventive,5.45,1081.03,False,Alpha Field Team
924,20240416,68,4,Corrective,24.16,8997.17,True,Alpha Field Team
925,20251128,52,2,Preventive,4.08,2372.17,False,Central Response Team
926,20250701,106,1,Inspection,3.54,2519.59,False,Alpha Field Team
927,20250223,12,2,Inspection,3.09,436.46,False,Alpha Field Team
928,20251021,211,3,Inspection,2.84,1379.04,False,Bravo Reliability Team
929,20241028,233,3,Inspection,0.51,605.59,False,Central Response Team
930,20240204,141,4,Inspection,3.37,1277.1,False,Alpha Field Team
931,20250619,43,1,Preventive,4.51,3314.53,False,Delta Upgrade Crew
932,20240624,175,5,Inspection,1.44,528.08,False,Alpha Field Team
933,20250806,68,4,Upgrade,5.63,7730.63,False,Central Response Team
934,20250402,36,3,Corrective,23.11,7307.93,False,Delta Upgrade Crew
935,20250506,140,2,Corrective,10.86,9339.13,True,Delta Upgrade Crew
936,20250701,180,5,Inspection,1.74,1116.76,False,Island Logistics Team
937,20250405,28,3,Corrective,20.33,10464.81,True,Delta Upgrade Crew
938,20240910,67,2,Corrective,19.89,6975.58,True,Island Logistics Team
939,20250227,220,1,Corrective,43.73,18168.75,True,Delta Upgrade Crew
940,20250127,237,1,Preventive,4.7,2766.05,False,Bravo Reliability Team
941,20240308,34,5,Corrective,10.19,12246.43,True,Delta Upgrade Crew
942,20251004,153,1,Corrective,13.51,11405.39,True,Central Response Team
943,20250908,212,2,Preventive,4.14,2246.5,False,Alpha Field Team
944,20250917,141,4,Preventive,5.85,3813.1,False,Alpha Field Team
945,20241023,119,1,Corrective,12.82,6642.58,True,Central Response Team
946,20240126,63,1,Corrective,46.71,6159.81,True,Delta Upgrade Crew
947,20240528,243,4,Inspection,3.04,566.92,False,Delta Upgrade Crew
948,20251231,49,3,Preventive,6.86,2789.27,False,Central Response Team
949,20240201,83,2,Corrective,22.94,10908.56,False,Alpha Field Team
950,20240714,88,1,Corrective,16.12,14325.67,True,Central Response Team
951,20250918,99,3,Preventive,5.54,3309.5,False,Island Logistics Team
952,20241108,151,1,Corrective,42.12,20604.75,True,Island Logistics Team
953,20250106,88,1,Inspection,3.12,2467.38,False,Bravo Reliability Team
954,20250201,210,1,Inspection,4.44,1784.86,False,Bravo Reliability Team
955,20240105,90,2,Inspection,0.88,1407.82,False,Central Response Team
956,20241130,20,1,Inspection,4.5,1704.58,False,Delta Upgrade Crew
957,20241204,42,2,Upgrade,9.99,8398.16,False,Bravo Reliability Team
958,20251122,102,3,Inspection,1.11,1948.16,False,Alpha Field Team
959,20240621,83,2,Corrective,22.43,6315.29,True,Bravo Reliability Team
960,20250227,17,3,Corrective,11.89,7025.08,True,Alpha Field Team
961,20240925,219,3,Preventive,2.42,3368.31,False,Island Logistics Team
962,20250227,107,2,Inspection,0.9,1458.53,False,Central Response Team
963,20241205,107,2,Upgrade,9.91,10370.37,False,Central Response Team
964,20250912,224,1,Corrective,19.02,6134.42,True,Alpha Field Team
965,20241218,115,2,Corrective,14.45,6537.17,False,Central Response Team
966,20240307,118,1,Corrective,33.95,7046.77,True,Island Logistics Team
967,20250402,2,1,Corrective,20.3,22230.29,False,Alpha Field Team
968,20250317,24,2,Preventive,5.95,1862.47,False,Central Response Team
969,20251213,200,4,Inspection,0.89,470.97,False,Alpha Field Team
970,20251125,192,1,Corrective,48.66,14665.79,True,Island Logistics Team
971,20240214,187,5,Inspection,1.97,1408.92,False,Island Logistics Team
972,20240624,232,4,Corrective,15.25,6177.52,False,Island Logistics Team
973,20240821,58,1,Corrective,28.22,6406.74,True,Bravo Reliability Team
974,20250828,134,3,Corrective,26.63,6942.77,False,Delta Upgrade Crew
975,20240606,152,4,Corrective,23.05,7904.87,False,Delta Upgrade Crew
976,20250814,66,5,Upgrade,20.85,13752.91,False,Island Logistics Team
977,20240209,189,5,Inspection,1.2,767.52,False,Alpha Field Team
978,20240726,21,3,Inspection,1.65,1109.29,False,Delta Upgrade Crew
979,20241010,228,2,Corrective,28.23,5073.26,True,Delta Upgrade Crew
980,20241019,136,4,Upgrade,21.32,16811.64,False,Delta Upgrade Crew
981,20251117,69,4,Upgrade,4.21,11191.47,False,Island Logistics Team
982,20240309,141,4,Preventive,6.87,2957.93,False,Island Logistics Team
983,20250907,5,1,Preventive,3.53,4961.2,False,Delta Upgrade Crew
984,20241016,181,1,Preventive,6.26,6207.97,False,Island Logistics Team
985,20240821,110,2,Corrective,24.8,11131.78,True,Central Response Team
986,20251009,92,2,Inspection,1.45,1149.97,False,Central Response Team
987,20250118,96,5,Inspection,1.2,1370.24,False,Island Logistics Team
988,20250613,170,4,Corrective,17.7,11505.7,True,Bravo Reliability Team
989,20250425,126,1,Corrective,53.26,8555.63,True,Bravo Reliability Team
990,20240508,248,1,Corrective,30.15,11317.52,True,Island Logistics Team
991,20240914,217,2,Inspection,1.31,1147.58,False,Delta Upgrade Crew
992,20241019,184,5,Upgrade,20.71,19541.34,False,Delta Upgrade Crew
993,20251118,232,4,Upgrade,10.77,8411.75,False,Island Logistics Team
994,20250105,159,5,Preventive,4.36,5149.46,False,Bravo Reliability Team
995,20251030,102,3,Preventive,1.8,2165.49,False,Island Logistics Team
996,20240916,230,5,Preventive,2.28,2165.44,False,Alpha Field Team
997,20251205,95,2,Preventive,4.38,2052.69,False,Delta Upgrade Crew
998,20240111,21,3,Corrective,25.71,8159.14,False,Alpha Field Team
999,20250518,118,1,Corrective,32.46,10069.12,True,Island Logistics Team
1000,20240530,77,1,Corrective,33.6,10801.73,True,Bravo Reliability Team
1001,20240706,109,4,Preventive,5.65,2301.78,False,Alpha Field Team
1002,20250609,67,2,Preventive,2.09,2000.23,False,Island Logistics Team
1003,20250414,121,4,Corrective,28.88,12330.17,False,Bravo Reliability Team
1004,20240404,125,1,Inspection,1.93,1319.61,False,Bravo Reliability Team
1005,20241005,11,4,Inspection,1.85,1668.92,False,Delta Upgrade Crew
1006,20240915,102,3,Corrective,9.21,7186.85,True,Delta Upgrade Crew
1007,20240501,201,1,Corrective,15.42,15095.11,True,Central Response Team
1008,20240824,193,3,Corrective,9.2,5207.79,True,Alpha Field Team
1009,20250410,148,3,Preventive,4.09,2726.22,False,Alpha Field Team
1010,20241106,135,1,Inspection,3.0,1613.29,False,Bravo Reliability Team
1011,20240702,238,2,Preventive,5.37,1566.0,False,Central Response Team
1012,20241215,226,3,Corrective,7.0,6230.5,False,Delta Upgrade Crew
1013,20240501,200,4,Inspection,0.57,1121.88,False,Alpha Field Team
1014,20251101,172,2,Preventive,4.73,2645.0,False,Central Response Team
1015,20250807,147,1,Inspection,3.56,989.3,False,Island Logistics Team
1016,20250214,16,1,Corrective,24.18,19022.22,True,Delta Upgrade Crew
1017,20240819,77,1,Inspection,1.87,1375.03,False,Island Logistics Team
1018,20240304,105,3,Corrective,20.35,9575.22,False,Delta Upgrade Crew
1019,20240730,92,2,Corrective,13.24,4689.37,False,Island Logistics Team
1020,20240109,82,2,Inspection,2.91,1475.88,False,Delta Upgrade Crew
1021,20250823,166,1,Inspection,3.71,911.65,False,Delta Upgrade Crew
1022,20250709,242,2,Inspection,0.59,774.16,False,Bravo Reliability Team
1023,20250602,158,4,Preventive,6.14,1737.27,False,Bravo Reliability Team
1024,20250501,179,1,Inspection,4.17,1600.99,False,Delta Upgrade Crew
1025,20250614,84,2,Preventive,3.79,1497.94,False,Bravo Reliability Team
1026,20250619,2,1,Corrective,23.01,18536.03,True,Central Response Team
1027,20241021,127,3,Inspection,1.71,2361.46,False,Alpha Field Team
1028,20240804,11,4,Preventive,2.05,1826.61,False,Bravo Reliability Team
1029,20250413,37,1,Corrective,15.9,19491.03,False,Central Response Team
1030,20251116,171,1,Corrective,21.56,20433.42,False,Alpha Field Team
1031,20240323,147,1,Corrective,16.49,16335.54,True,Delta Upgrade Crew
1032,20251006,198,2,Inspection,0.78,1011.7,False,Bravo Reliability Team
1033,20240618,224,1,Preventive,2.56,2060.93,False,Bravo Reliability Team
1034,20240220,131,5,Corrective,24.43,13615.07,True,Island Logistics Team
1035,20251221,166,1,Corrective,8.34,12053.47,False,Central Response Team
1036,20240113,226,3,Preventive,1.59,1663.64,False,Central Response Team
1037,20240330,201,1,Corrective,22.96,9193.28,True,Bravo Reliability Team
1038,20250203,223,1,Inspection,0.99,1921.18,False,Alpha Field Team
1039,20240419,40,3,Upgrade,5.34,13716.62,False,Island Logistics Team
1040,20250429,28,3,Upgrade,6.03,14491.88,False,Alpha Field Team
1041,20240914,112,2,Upgrade,6.17,12385.96,False,Alpha Field Team
1042,20251103,26,2,Inspection,1.11,1480.61,False,Central Response Team
1043,20251126,132,1,Corrective,27.36,11262.58,False,Bravo Reliability Team
1044,20240416,4,1,Corrective,17.67,18062.53,True,Island Logistics Team
1045,20240120,123,3,Upgrade,22.98,12192.57,False,Alpha Field Team
1046,20240602,38,3,Corrective,28.2,12839.07,True,Alpha Field Team
1047,20251112,143,2,Upgrade,12.46,11109.32,False,Central Response Team
1048,20240521,147,1,Corrective,38.22,8084.26,True,Central Response Team
1049,20240408,14,3,Corrective,17.9,13946.8,False,Bravo Reliability Team
1050,20240314,116,4,Inspection,2.34,1754.38,False,Alpha Field Team
1051,20250527,231,1,Inspection,1.39,1941.83,False,Central Response Team
1052,20250611,20,1,Corrective,29.73,11320.63,True,Delta Upgrade Crew
1053,20250318,145,1,Corrective,13.28,23393.1,True,Island Logistics Team
1054,20251019,146,3,Inspection,2.23,555.29,False,Central Response Team
1055,20250802,21,3,Corrective,29.1,4240.42,False,Island Logistics Team
1056,20240301,49,3,Preventive,2.81,2348.55,False,Delta Upgrade Crew
1057,20240611,192,1,Inspection,1.74,1196.94,False,Island Logistics Team
1058,20241013,170,4,Preventive,4.86,3854.36,False,Central Response Team
1059,20250814,3,2,Inspection,0.73,1378.37,False,Central Response Team
1060,20250203,42,2,Corrective,6.91,10268.29,True,Central Response Team
1061,20241115,145,1,Preventive,2.27,3571.67,False,Delta Upgrade Crew
1062,20250121,202,3,Corrective,16.06,13286.58,False,Central Response Team
1063,20250709,192,1,Upgrade,8.01,11588.98,False,Delta Upgrade Crew
1064,20241226,76,5,Preventive,3.48,2812.36,False,Alpha Field Team
1065,20240904,4,1,Inspection,3.46,1228.9,False,Delta Upgrade Crew
1066,20250307,140,2,Preventive,4.59,2668.66,False,Central Response Team
1067,20240409,40,3,Corrective,17.81,6772.92,False,Island Logistics Team
1068,20241208,93,1,Inspection,4.11,2823.91,False,Alpha Field Team
1069,20240928,2,1,Corrective,27.49,11047.33,True,Central Response Team
1070,20250313,75,1,Corrective,11.83,13940.55,False,Bravo Reliability Team
1071,20240117,13,3,Corrective,9.5,13502.65,False,Delta Upgrade Crew
1072,20240921,121,4,Preventive,1.91,2079.34,False,Alpha Field Team
1073,20251208,32,1,Inspection,1.26,1817.92,False,Delta Upgrade Crew
1074,20240701,217,2,Upgrade,16.65,15247.52,False,Delta Upgrade Crew
1075,20250202,213,2,Preventive,1.54,2070.39,False,Alpha Field Team
1076,20250802,125,1,Corrective,13.67,12301.79,False,Delta Upgrade Crew
1077,20240205,180,5,Corrective,19.75,9035.57,True,Central Response Team
1078,20240528,220,1,Inspection,3.45,1495.54,False,Island Logistics Team
1079,20240417,120,4,Preventive,5.25,2677.16,False,Alpha Field Team
1080,20250729,204,2,Preventive,5.63,2526.84,False,Delta Upgrade Crew
1081,20250325,245,1,Corrective,24.27,6348.75,True,Delta Upgrade Crew
1082,20240317,190,3,Corrective,5.75,7902.5,False,Delta Upgrade Crew
1083,20250426,193,3,Inspection,2.34,810.86,False,Bravo Reliability Team
1084,20241012,2,1,Corrective,21.28,12990.94,True,Island Logistics Team
1085,20240612,110,2,Corrective,7.44,2942.79,True,Central Response Team
1086,20250130,115,2,Corrective,10.87,5706.55,False,Island Logistics Team
1087,20241117,148,3,Preventive,2.83,2924.7,False,Island Logistics Team
1088,20250922,245,1,Corrective,35.32,18567.96,True,Alpha Field Team
1089,20240120,126,1,Preventive,6.92,4182.14,False,Alpha Field Team
1090,20251029,54,1,Upgrade,12.44,25966.34,False,Island Logistics Team
1091,20250620,184,5,Inspection,3.14,547.61,False,Bravo Reliability Team
1092,20250815,10,3,Inspection,0.44,1100.5,False,Island Logistics Team
1093,20241123,152,4,Preventive,1.71,3257.7,False,Delta Upgrade Crew
1094,20250706,109,4,Corrective,29.3,8682.05,True,Island Logistics Team
1095,20240117,165,3,Corrective,19.14,11017.68,True,Island Logistics Team
1096,20240306,106,1,Inspection,2.79,945.37,False,Island Logistics Team
1097,20240917,200,4,Preventive,3.63,1767.88,False,Island Logistics Team
1098,20250925,229,1,Upgrade,21.08,30885.19,False,Central Response Team
1099,20251104,9,1,Upgrade,7.69,10489.3,False,Alpha Field Team
1100,20250130,139,4,Preventive,2.77,1116.84,False,Island Logistics Team
1101,20241104,95,2,Upgrade,14.92,17615.77,False,Island Logistics Team
1102,20240626,170,4,Corrective,22.78,11552.16,True,Central Response Team
1103,20250807,196,1,Preventive,7.65,4714.53,False,Island Logistics Team
1104,20241125,75,1,Corrective,11.99,21727.31,False,Island Logistics Team
1105,20250724,233,3,Corrective,10.47,8068.07,False,Alpha Field Team
1106,20240702,39,1,Upgrade,6.62,12992.7,False,Delta Upgrade Crew
1107,20240406,155,5,Inspection,1.9,1591.0,False,Central Response Team
1108,20240209,9,1,Inspection,1.0,1206.28,False,Delta Upgrade Crew
1109,20250327,16,1,Corrective,19.84,5895.9,True,Central Response Team
1110,20240105,28,3,Corrective,22.99,9834.49,False,Alpha Field Team
1111,20250307,184,5,Inspection,1.23,952.96,False,Bravo Reliability Team
1112,20240408,80,4,Corrective,18.43,7254.19,True,Central Response Team
1113,20251019,106,1,Upgrade,18.03,11959.85,False,Island Logistics Team
1114,20240421,122,1,Corrective,38.39,12788.0,True,Alpha Field Team
1115,20241016,1,4,Preventive,5.8,2873.66,False,Island Logistics Team
1116,20250713,177,1,Inspection,1.48,679.1,False,Island Logistics Team
1117,20240812,79,1,Corrective,23.57,18785.34,True,Alpha Field Team
1118,20240910,111,1,Upgrade,10.68,8335.54,False,Alpha Field Team
1119,20251029,79,1,Upgrade,20.61,13418.4,False,Central Response Team
1120,20251010,53,5,Corrective,21.34,17255.69,True,Delta Upgrade Crew
1121,20251123,71,1,Corrective,29.81,7041.79,True,Island Logistics Team
1122,20250605,83,2,Inspection,2.13,1648.4,False,Island Logistics Team
1123,20250203,76,5,Corrective,20.15,7112.98,False,Bravo Reliability Team
1124,20250326,79,1,Upgrade,28.45,30720.91,False,Alpha Field Team
1125,20240504,52,2,Preventive,3.58,2745.62,False,Central Response Team
1126,20251021,160,1,Preventive,2.88,3395.74,False,Island Logistics Team
1127,20241109,93,1,Corrective,14.78,5485.6,False,Alpha Field Team
1128,20240803,44,5,Upgrade,7.74,24004.43,False,Central Response Team
1129,20240705,34,5,Inspection,3.09,1462.29,False,Delta Upgrade Crew
1130,20250130,155,5,Inspection,0.89,994.5,False,Delta Upgrade Crew
1131,20241203,22,3,Inspection,1.71,780.09,False,Bravo Reliability Team
1132,20250828,145,1,Upgrade,19.79,31366.35,False,Delta Upgrade Crew
1133,20240607,233,3,Corrective,14.06,15178.86,True,Delta Upgrade Crew
1134,20250409,179,1,Corrective,40.44,19827.38,False,Alpha Field Team
1135,20241021,127,3,Upgrade,20.59,14676.97,False,Delta Upgrade Crew
1136,20250301,60,3,Preventive,4.8,2802.1,False,Central Response Team
1137,20251129,81,5,Preventive,4.37,3713.92,False,Island Logistics Team
1138,20250603,168,3,Corrective,13.08,8481.24,True,Bravo Reliability Team
1139,20251101,240,3,Corrective,17.06,5007.34,True,Alpha Field Team
1140,20251117,218,1,Inspection,2.23,2334.01,False,Central Response Team
1141,20251218,23,3,Preventive,4.74,2122.87,False,Bravo Reliability Team
1142,20240327,13,3,Inspection,1.71,1285.5,False,Delta Upgrade Crew
1143,20250108,238,2,Preventive,2.58,1464.44,False,Delta Upgrade Crew
1144,20250417,2,1,Inspection,4.25,1657.23,False,Bravo Reliability Team
1145,20250221,177,1,Corrective,31.86,18342.47,True,Central Response Team
1146,20241114,13,3,Inspection,3.24,702.69,False,Island Logistics Team
1147,20250526,11,4,Preventive,5.63,3526.17,False,Central Response Team
1148,20240922,6,1,Preventive,4.59,4652.26,False,Island Logistics Team
1149,20250316,83,2,Preventive,2.32,2597.04,False,Central Response Team
1150,20241203,89,1,Corrective,12.46,15891.65,True,Alpha Field Team
1151,20250115,157,1,Corrective,11.62,23217.53,True,Alpha Field Team
1152,20250823,2,1,Preventive,5.79,4256.33,False,Bravo Reliability Team
1153,20240128,81,5,Preventive,8.98,1758.4,False,Island Logistics Team
1154,20240617,139,4,Upgrade,15.3,7410.84,False,Alpha Field Team
1155,20251222,211,3,Preventive,2.4,2114.97,False,Delta Upgrade Crew
1156,20241213,171,1,Preventive,9.15,5489.83,False,Central Response Team
1157,20250211,38,3,Upgrade,14.59,6409.88,False,Bravo Reliability Team
1158,20240314,171,1,Inspection,1.74,2014.69,False,Alpha Field Team
1159,20240720,142,1,Inspection,3.15,1709.78,False,Island Logistics Team
1160,20250921,181,1,Inspection,2.16,1613.67,False,Central Response Team
1161,20250813,190,3,Preventive,1.95,3214.05,False,Delta Upgrade Crew
1162,20251029,200,4,Preventive,5.09,2660.39,False,Central Response Team
1163,20251229,171,1,Corrective,39.71,14452.56,True,Bravo Reliability Team
1164,20250612,36,3,Upgrade,14.93,18146.26,False,Delta Upgrade Crew
1165,20250729,7,5,Upgrade,16.64,22630.07,False,Island Logistics Team
1166,20241009,220,1,Inspection,2.03,2034.35,False,Bravo Reliability Team
1167,20240306,154,1,Corrective,26.54,15385.19,False,Central Response Team
1168,20240526,16,1,Corrective,23.07,17531.5,True,Island Logistics Team
1169,20241118,196,1,Preventive,3.47,1983.88,False,Delta Upgrade Crew
1170,20250702,1,4,Preventive,6.2,1249.29,False,Delta Upgrade Crew
1171,20241125,15,3,Inspection,2.49,1174.89,False,Alpha Field Team
1172,20240228,63,1,Corrective,13.84,17851.96,False,Bravo Reliability Team
1173,20250403,61,1,Upgrade,17.58,31317.53,False,Central Response Team
1174,20250310,40,3,Corrective,15.84,9772.1,False,Alpha Field Team
1175,20250923,57,2,Corrective,16.31,3593.0,True,Bravo Reliability Team
1176,20251012,214,4,Upgrade,6.15,6918.54,False,Alpha Field Team
1177,20250325,23,3,Preventive,5.87,2030.36,False,Alpha Field Team
1178,20250827,14,3,Upgrade,8.36,22707.74,False,Delta Upgrade Crew
1179,20240725,138,3,Corrective,13.55,17466.22,True,Central Response Team
1180,20250119,205,4,Preventive,4.52,3786.27,False,Delta Upgrade Crew
1181,20250413,10,3,Preventive,2.42,2687.59,False,Island Logistics Team
1182,20241201,63,1,Inspection,1.86,2136.72,False,Island Logistics Team
1183,20240303,162,4,Inspection,0.73,1581.53,False,Island Logistics Team
1184,20250103,189,5,Corrective,27.58,8926.61,True,Island Logistics Team
1185,20250217,90,2,Inspection,0.98,1181.31,False,Delta Upgrade Crew
1186,20250922,142,1,Inspection,3.42,741.28,False,Island Logistics Team
1187,20250701,78,3,Upgrade,15.53,12271.84,False,Bravo Reliability Team
1188,20240301,200,4,Upgrade,12.66,14647.53,False,Bravo Reliability Team
1189,20250217,209,4,Upgrade,18.48,16669.41,False,Alpha Field Team
1190,20250629,122,1,Upgrade,16.28,9310.26,False,Island Logistics Team
1191,20250105,242,2,Inspection,1.35,1283.52,False,Island Logistics Team
1192,20241011,147,1,Corrective,23.94,12964.69,True,Bravo Reliability Team
1193,20250828,222,5,Inspection,2.02,622.24,False,Central Response Team
1194,20250109,42,2,Inspection,1.5,926.37,False,Island Logistics Team
1195,20250824,35,2,Corrective,21.89,8778.43,False,Delta Upgrade Crew
1196,20240809,22,3,Corrective,12.69,6440.73,True,Alpha Field Team
1197,20240509,108,2,Preventive,3.24,3149.73,False,Island Logistics Team
1198,20250410,1,4,Upgrade,9.48,17309.39,False,Bravo Reliability Team
1199,20250514,70,4,Corrective,32.95,10041.79,True,Alpha Field Team
1200,20250126,20,1,Upgrade,17.35,23468.2,False,Alpha Field Team
1201,20250111,27,1,Preventive,4.97,3553.07,False,Central Response Team
1202,20250708,6,1,Preventive,4.05,3186.71,False,Delta Upgrade Crew
1203,20250107,83,2,Preventive,3.72,4057.87,False,Alpha Field Team
1204,20250525,249,5,Preventive,5.42,4135.5,False,Central Response Team
1205,20250411,194,1,Preventive,3.27,2711.53,False,Delta Upgrade Crew
1206,20250922,136,4,Corrective,32.93,12227.67,True,Delta Upgrade Crew
1207,20251216,29,5,Upgrade,14.82,15608.95,False,Island Logistics Team
1208,20250716,3,2,Preventive,2.95,2246.51,False,Central Response Team
1209,20250327,199,1,Corrective,12.94,14198.73,False,Alpha Field Team
1210,20251224,37,1,Preventive,9.82,5727.53,False,Delta Upgrade Crew
1211,20240623,151,1,Corrective,17.25,8334.41,False,Island Logistics Team
1212,20251220,30,4,Preventive,6.88,4017.91,False,Delta Upgrade Crew
1213,20240427,86,1,Inspection,4.5,1281.05,False,Bravo Reliability Team
1214,20251216,170,4,Corrective,9.63,8535.88,False,Island Logistics Team
1215,20240429,232,4,Inspection,2.18,1153.65,False,Bravo Reliability Team
1216,20240508,147,1,Upgrade,20.84,20752.74,False,Central Response Team
1217,20250223,70,4,Inspection,2.96,1087.03,False,Delta Upgrade Crew
1218,20250609,137,5,Upgrade,10.08,20473.21,False,Delta Upgrade Crew
1219,20250401,40,3,Corrective,24.79,4268.36,True,Bravo Reliability Team
1220,20240216,196,1,Preventive,2.56,1702.96,False,Bravo Reliability Team
1221,20251203,124,4,Preventive,5.4,3190.4,False,Alpha Field Team
1222,20250806,166,1,Corrective,21.18,5131.52,True,Delta Upgrade Crew
1223,20250327,122,1,Corrective,22.7,6830.31,False,Bravo Reliability Team
1224,20250924,172,2,Preventive,4.98,2140.81,False,Central Response Team
1225,20241024,149,5,Preventive,4.1,2426.35,False,Island Logistics Team
1226,20250802,202,3,Upgrade,17.68,14861.42,False,Island Logistics Team
1227,20240428,192,1,Upgrade,8.26,28584.74,False,Bravo Reliability Team
1228,20240215,226,3,Preventive,3.0,1690.67,False,Delta Upgrade Crew
1229,20240427,150,4,Corrective,33.25,13638.07,True,Central Response Team
1230,20250320,197,2,Upgrade,9.69,13670.55,False,Alpha Field Team
1231,20240928,54,1,Upgrade,17.01,12127.44,False,Delta Upgrade Crew
1232,20240921,193,3,Inspection,1.57,1336.75,False,Island Logistics Team
1233,20240818,66,5,Upgrade,10.07,7240.03,False,Central Response Team
1234,20250527,103,3,Inspection,2.78,1798.42,False,Alpha Field Team
1235,20250429,151,1,Inspection,2.8,2187.15,False,Central Response Team
1236,20241123,39,1,Corrective,42.32,20371.93,True,Alpha Field Team
1237,20241010,233,3,Corrective,16.51,6151.5,True,Island Logistics Team
1238,20240216,204,2,Preventive,2.08,2539.98,False,Island Logistics Team
1239,20240430,163,4,Corrective,34.28,9235.33,True,Island Logistics Team
1240,20240307,114,2,Upgrade,7.08,22600.87,False,Central Response Team
1241,20250716,122,1,Corrective,20.52,10493.83,True,Alpha Field Team
1242,20250716,68,4,Corrective,30.43,3481.38,True,Bravo Reliability Team
1243,20250607,151,1,Inspection,4.24,2553.81,False,Island Logistics Team
1244,20241023,23,3,Preventive,3.1,3967.06,False,Alpha Field Team
1245,20250421,66,5,Upgrade,11.06,11820.03,False,Island Logistics Team
1246,20240621,187,5,Corrective,13.44,5758.64,True,Island Logistics Team
1247,20250111,146,3,Preventive,4.24,2539.73,False,Delta Upgrade Crew
1248,20251101,81,5,Corrective,20.33,6800.78,True,Central Response Team
1249,20241129,233,3,Corrective,25.28,6925.51,True,Bravo Reliability Team
1250,20250618,197,2,Inspection,1.26,525.84,False,Bravo Reliability Team
1251,20250213,8,2,Preventive,1.7,2042.92,False,Island Logistics Team
1252,20241101,17,3,Corrective,18.08,5722.54,True,Central Response Team
1253,20240711,211,3,Corrective,10.07,9793.71,True,Central Response Team
1254,20240523,110,2,Inspection,0.99,677.21,False,Island Logistics Team
1255,20250118,22,3,Corrective,25.65,14690.99,True,Bravo Reliability Team
1256,20250131,136,4,Upgrade,17.28,19785.94,False,Bravo Reliability Team
1257,20250819,19,2,Preventive,3.8,2970.1,False,Island Logistics Team
1258,20251026,216,3,Preventive,6.28,2623.09,False,Delta Upgrade Crew
1259,20240218,47,1,Corrective,38.06,6447.96,False,Island Logistics Team
1260,20251005,128,4,Corrective,25.93,12014.87,False,Island Logistics Team
1261,20241002,105,3,Preventive,2.25,1249.09,False,Alpha Field Team
1262,20240323,41,1,Inspection,3.44,1686.46,False,Central Response Team
1263,20250514,137,5,Inspection,2.93,2211.19,False,Bravo Reliability Team
1264,20250324,47,1,Corrective,42.25,18299.28,True,Bravo Reliability Team
1265,20241018,47,1,Preventive,4.76,4103.72,False,Central Response Team
1266,20240204,243,4,Corrective,28.67,8607.0,True,Central Response Team
1267,20251005,239,4,Upgrade,11.44,22281.41,False,Delta Upgrade Crew
1268,20240309,215,4,Preventive,2.74,1175.33,False,Delta Upgrade Crew
1269,20250905,7,5,Inspection,1.06,755.67,False,Central Response Team
1270,20250318,232,4,Upgrade,5.56,16660.91,False,Alpha Field Team
1271,20240804,50,3,Inspection,0.75,757.91,False,Delta Upgrade Crew
1272,20240414,33,5,Upgrade,8.98,18129.75,False,Central Response Team
1273,20250704,44,5,Upgrade,25.35,14951.86,False,Central Response Team
1274,20250618,67,2,Corrective,9.85,9031.73,False,Central Response Team
1275,20250816,221,4,Corrective,28.39,13758.72,True,Delta Upgrade Crew
1276,20251222,163,4,Corrective,19.83,6322.09,False,Bravo Reliability Team
1277,20250321,94,3,Preventive,2.15,1364.82,False,Bravo Reliability Team
1278,20250219,133,1,Preventive,7.63,3329.17,False,Delta Upgrade Crew
1279,20250910,55,2,Upgrade,12.19,15775.75,False,Central Response Team
1280,20250219,191,1,Preventive,5.35,3042.29,False,Island Logistics Team
1281,20250318,117,5,Preventive,3.71,3024.07,False,Central Response Team
1282,20250114,86,1,Corrective,45.4,12458.14,True,Central Response Team
1283,20240501,234,5,Corrective,16.99,8423.7,True,Bravo Reliability Team
1284,20250417,193,3,Preventive,2.45,2402.58,False,Alpha Field Team
1285,20240106,34,5,Inspection,1.07,1346.79,False,Central Response Team
1286,20240725,110,2,Preventive,3.03,2840.91,False,Island Logistics Team
1287,20250602,39,1,Corrective,35.36,15883.58,True,Central Response Team
1288,20240518,180,5,Preventive,5.56,2183.25,False,Alpha Field Team
1289,20241221,22,3,Corrective,23.25,14519.93,True,Alpha Field Team
1290,20241209,124,4,Inspection,3.13,1028.92,False,Delta Upgrade Crew
1291,20250409,133,1,Corrective,41.06,14108.97,True,Delta Upgrade Crew
1292,20240914,120,4,Preventive,4.1,2318.42,False,Alpha Field Team
1293,20250728,212,2,Upgrade,15.14,15179.29,False,Alpha Field Team
1294,20240124,12,2,Upgrade,15.85,17742.28,False,Delta Upgrade Crew
1295,20250508,130,5,Upgrade,13.24,12470.38,False,Bravo Reliability Team
1296,20250815,234,5,Preventive,2.55,2493.65,False,Bravo Reliability Team
1297,20250423,104,3,Preventive,2.92,2868.57,False,Delta Upgrade Crew
1298,20250120,201,1,Inspection,3.3,2110.95,False,Central Response Team
1299,20250506,41,1,Inspection,2.14,1034.98,False,Alpha Field Team
1300,20250627,124,4,Corrective,11.45,13397.52,True,Alpha Field Team
1301,20240505,248,1,Preventive,6.03,2747.17,False,Alpha Field Team
1302,20241127,235,3,Inspection,1.72,1909.62,False,Island Logistics Team
1303,20240922,138,3,Inspection,0.72,2128.66,False,Central Response Team
1304,20240414,61,1,Inspection,2.53,1480.54,False,Delta Upgrade Crew
1305,20241110,35,2,Upgrade,12.45,6612.28,False,Delta Upgrade Crew
1306,20251022,39,1,Inspection,2.06,1095.58,False,Delta Upgrade Crew
1307,20251009,115,2,Upgrade,4.45,18854.23,False,Island Logistics Team
1308,20251114,32,1,Preventive,5.32,1847.69,False,Delta Upgrade Crew
1309,20251129,160,1,Corrective,7.76,16170.83,False,Island Logistics Team
1310,20250815,134,3,Preventive,3.66,2736.32,False,Alpha Field Team
1311,20250617,201,1,Preventive,2.79,3641.29,False,Island Logistics Team
1312,20250826,135,1,Corrective,14.21,10985.09,False,Alpha Field Team
1313,20250808,180,5,Corrective,9.64,8301.57,False,Alpha Field Team
1314,20241109,85,5,Preventive,7.81,1685.53,False,Island Logistics Team
1315,20241013,197,2,Preventive,2.33,1319.07,False,Island Logistics Team
1316,20240115,95,2,Preventive,3.52,1746.97,False,Delta Upgrade Crew
1317,20240802,167,3,Upgrade,10.69,14448.48,False,Bravo Reliability Team
1318,20240220,197,2,Corrective,32.49,7878.72,True,Central Response Team
1319,20240618,194,1,Corrective,16.52,8276.77,False,Bravo Reliability Team
1320,20240825,6,1,Inspection,1.44,1108.4,False,Bravo Reliability Team
1321,20240319,231,1,Corrective,35.48,14061.0,False,Island Logistics Team
1322,20241213,220,1,Preventive,4.07,4876.92,False,Delta Upgrade Crew
1323,20250515,249,5,Inspection,3.59,1300.22,False,Island Logistics Team
1324,20240525,163,4,Upgrade,12.67,6886.14,False,Island Logistics Team
1325,20241006,20,1,Upgrade,16.95,18630.11,False,Alpha Field Team
1326,20250618,80,4,Inspection,3.51,1419.65,False,Alpha Field Team
1327,20251121,117,5,Preventive,2.21,4276.3,False,Alpha Field Team
1328,20240522,245,1,Preventive,7.41,5764.89,False,Island Logistics Team
1329,20250703,4,1,Corrective,43.67,9956.02,True,Delta Upgrade Crew
1330,20240327,37,1,Corrective,23.74,25337.38,True,Delta Upgrade Crew
1331,20251104,227,1,Preventive,2.49,2395.99,False,Alpha Field Team
1332,20250619,229,1,Preventive,4.54,4756.39,False,Alpha Field Team
1333,20250205,227,1,Corrective,42.75,14230.47,True,Delta Upgrade Crew
1334,20241028,8,2,Inspection,0.79,1291.42,False,Bravo Reliability Team
1335,20250814,86,1,Corrective,12.32,18921.57,True,Central Response Team
1336,20250707,214,4,Corrective,30.1,9529.5,True,Bravo Reliability Team
1337,20250708,203,4,Preventive,2.59,2597.09,False,Island Logistics Team
1338,20250425,156,4,Preventive,2.26,3327.89,False,Delta Upgrade Crew
1339,20240227,65,1,Corrective,21.06,23899.15,True,Island Logistics Team
1340,20240217,190,3,Upgrade,8.54,15972.16,False,Alpha Field Team
1341,20251012,180,5,Preventive,4.75,5364.07,False,Alpha Field Team
1342,20240306,120,4,Inspection,3.62,1804.98,False,Delta Upgrade Crew
1343,20240919,116,4,Preventive,7.05,3846.54,False,Island Logistics Team
1344,20250401,217,2,Upgrade,8.22,9376.02,False,Bravo Reliability Team
1345,20240701,83,2,Preventive,3.65,3597.57,False,Island Logistics Team
1346,20251104,175,5,Preventive,4.69,2471.29,False,Delta Upgrade Crew
1347,20240920,128,4,Upgrade,8.33,19953.83,False,Alpha Field Team
1348,20240327,119,1,Corrective,22.69,10557.06,True,Delta Upgrade Crew
1349,20240109,238,2,Preventive,4.09,1730.39,False,Alpha Field Team
1350,20250624,179,1,Inspection,2.61,1806.74,False,Delta Upgrade Crew
1351,20251128,174,5,Preventive,3.62,3272.43,False,Alpha Field Team
1352,20240501,27,1,Corrective,26.62,18099.84,True,Central Response Team
1353,20251102,213,2,Upgrade,5.96,4239.5,False,Delta Upgrade Crew
1354,20251005,211,3,Corrective,34.54,8022.99,True,Alpha Field Team
1355,20240310,214,4,Preventive,3.25,3287.85,False,Island Logistics Team
1356,20250802,9,1,Preventive,4.31,1495.37,False,Central Response Team
1357,20240815,103,3,Corrective,23.75,5305.29,False,Delta Upgrade Crew
1358,20250715,2,1,Inspection,3.95,1596.62,False,Bravo Reliability Team
1359,20240102,22,3,Inspection,2.03,1235.13,False,Delta Upgrade Crew
1360,20241023,122,1,Preventive,5.54,1842.98,False,Delta Upgrade Crew
1361,20240907,150,4,Inspection,1.06,396.3,False,Delta Upgrade Crew
1362,20241117,69,4,Inspection,2.58,1179.04,False,Alpha Field Team
1363,20240519,219,3,Corrective,14.76,8467.36,False,Delta Upgrade Crew
1364,20251213,121,4,Corrective,8.86,8247.99,True,Alpha Field Team
1365,20250514,88,1,Inspection,3.27,2577.46,False,Alpha Field Team
1366,20250821,132,1,Inspection,1.82,1724.58,False,Alpha Field Team
1367,20250216,5,1,Upgrade,19.29,20441.76,False,Island Logistics Team
1368,20240530,127,3,Preventive,5.6,4212.83,False,Alpha Field Team
1369,20250730,150,4,Corrective,7.77,8358.32,True,Island Logistics Team
1370,20250117,73,5,Corrective,18.7,17042.53,True,Island Logistics Team
1371,20250219,126,1,Upgrade,10.2,21099.53,False,Delta Upgrade Crew
1372,20250826,16,1,Corrective,38.69,6290.02,True,Island Logistics Team
1373,20250401,98,3,Corrective,10.91,7636.86,True,Delta Upgrade Crew
1374,20250514,106,1,Corrective,45.08,16811.37,True,Delta Upgrade Crew
1375,20240407,6,1,Inspection,0.8,1246.56,False,Delta Upgrade Crew
1376,20250407,231,1,Corrective,22.92,15617.4,True,Delta Upgrade Crew
1377,20241031,116,4,Preventive,4.94,2802.42,False,Bravo Reliability Team
1378,20251115,186,1,Preventive,6.83,3941.87,False,Bravo Reliability Team
1379,20240731,132,1,Corrective,28.66,9047.77,False,Bravo Reliability Team
1380,20250512,112,2,Preventive,2.81,1492.24,False,Central Response Team
1381,20251210,89,1,Corrective,20.56,9015.76,False,Delta Upgrade Crew
1382,20240929,154,1,Preventive,6.85,1828.73,False,Bravo Reliability Team
1383,20250512,180,5,Corrective,14.93,21303.43,True,Bravo Reliability Team
1384,20241021,171,1,Corrective,22.44,14566.65,False,Delta Upgrade Crew
1385,20240811,165,3,Upgrade,18.18,16849.14,False,Bravo Reliability Team
1386,20251204,179,1,Corrective,12.84,16768.85,True,Island Logistics Team
1387,20251220,38,3,Preventive,3.89,3300.33,False,Island Logistics Team
1388,20250504,139,4,Corrective,16.5,11660.74,True,Island Logistics Team
1389,20250814,237,1,Inspection,2.69,2581.86,False,Island Logistics Team
1390,20250207,203,4,Preventive,6.94,2191.25,False,Bravo Reliability Team
1391,20250102,20,1,Corrective,42.57,13177.69,True,Bravo Reliability Team
1392,20240903,28,3,Preventive,3.17,2826.12,False,Bravo Reliability Team
1393,20251011,75,1,Corrective,17.41,23694.65,True,Island Logistics Team
1394,20240506,56,2,Inspection,1.37,1074.71,False,Delta Upgrade Crew
1395,20241108,173,4,Corrective,19.79,4097.75,True,Delta Upgrade Crew
1396,20250220,106,1,Corrective,43.83,19056.38,True,Delta Upgrade Crew
1397,20250122,50,3,Corrective,7.14,8869.17,False,Central Response Team
1398,20240114,7,5,Corrective,36.44,6042.64,True,Delta Upgrade Crew
1399,20250115,194,1,Inspection,0.7,1224.99,False,Alpha Field Team
1400,20250805,197,2,Corrective,19.6,6688.93,True,Island Logistics Team
1401,20250506,201,1,Corrective,16.4,7533.43,True,Delta Upgrade Crew
1402,20250316,70,4,Inspection,2.2,1443.25,False,Bravo Reliability Team
1403,20250521,242,2,Inspection,1.53,389.19,False,Central Response Team
1404,20240611,62,4,Inspection,1.23,945.66,False,Delta Upgrade Crew
1405,20240602,215,4,Corrective,16.7,7324.92,False,Delta Upgrade Crew
1406,20240524,124,4,Preventive,2.26,2129.37,False,Island Logistics Team
1407,20250204,240,3,Corrective,21.43,9650.47,True,Bravo Reliability Team
1408,20250709,183,2,Corrective,8.6,8983.71,True,Delta Upgrade Crew
1409,20240130,189,5,Inspection,0.56,968.38,False,Bravo Reliability Team
1410,20250525,36,3,Upgrade,5.4,15416.17,False,Delta Upgrade Crew
1411,20240331,61,1,Corrective,23.89,17967.91,True,Alpha Field Team
1412,20250610,36,3,Preventive,4.08,3175.58,False,Delta Upgrade Crew
1413,20240312,109,4,Preventive,7.14,3777.14,False,Bravo Reliability Team
1414,20240719,98,3,Corrective,14.16,11999.33,True,Delta Upgrade Crew
1415,20241202,127,3,Inspection,1.76,934.59,False,Delta Upgrade Crew
1416,20250919,72,4,Preventive,6.74,2322.89,False,Alpha Field Team
1417,20240217,79,1,Corrective,26.37,19983.26,False,Island Logistics Team
1418,20250905,205,4,Corrective,15.7,12994.43,True,Alpha Field Team
1419,20250407,240,3,Preventive,6.36,2388.22,False,Island Logistics Team
1420,20250520,98,3,Inspection,2.31,981.31,False,Delta Upgrade Crew
1421,20250208,68,4,Upgrade,16.57,13039.63,False,Delta Upgrade Crew
1422,20240323,91,5,Upgrade,18.85,9072.98,False,Central Response Team
1423,20240510,135,1,Corrective,26.88,6539.56,False,Bravo Reliability Team
1424,20250831,138,3,Corrective,14.83,7771.88,True,Delta Upgrade Crew
1425,20240511,197,2,Preventive,1.97,2499.1,False,Alpha Field Team
1426,20240704,40,3,Inspection,2.92,733.32,False,Island Logistics Team
1427,20250326,119,1,Corrective,19.28,13260.47,True,Alpha Field Team
1428,20251229,39,1,Upgrade,17.21,9717.79,False,Delta Upgrade Crew
1429,20250715,207,2,Inspection,1.89,1611.95,False,Delta Upgrade Crew
1430,20240623,35,2,Preventive,1.27,2172.64,False,Island Logistics Team
1431,20240721,196,1,Upgrade,13.25,20263.21,False,Central Response Team
1432,20241127,134,3,Corrective,15.29,7928.49,False,Alpha Field Team
1433,20240324,170,4,Corrective,22.27,6823.15,True,Bravo Reliability Team
1434,20250329,98,3,Corrective,26.67,7286.82,False,Island Logistics Team
1435,20250321,129,3,Inspection,1.09,1459.82,False,Delta Upgrade Crew
1436,20240107,125,1,Upgrade,16.74,30293.75,False,Central Response Team
1437,20241009,174,5,Preventive,1.91,1845.29,False,Bravo Reliability Team
1438,20240410,77,1,Corrective,32.27,7493.49,True,Delta Upgrade Crew
1439,20240809,41,1,Upgrade,23.2,31724.26,False,Central Response Team
1440,20250705,63,1,Corrective,13.66,8642.69,False,Island Logistics Team
1441,20250329,244,3,Preventive,4.55,3306.72,False,Island Logistics Team
1442,20240424,27,1,Preventive,3.29,2888.23,False,Island Logistics Team
1443,20250426,193,3,Inspection,3.34,530.29,False,Bravo Reliability Team
1444,20240101,6,1,Corrective,27.51,10910.76,True,Delta Upgrade Crew
1445,20250303,120,4,Inspection,2.97,408.32,False,Island Logistics Team
1446,20250617,73,5,Inspection,2.63,1165.45,False,Island Logistics Team
1447,20240229,36,3,Corrective,20.82,6259.33,True,Island Logistics Team
1448,20240312,5,1,Preventive,5.49,5060.08,False,Island Logistics Team
1449,20250715,118,1,Preventive,3.65,3155.02,False,Central Response Team
1450,20240524,60,3,Corrective,6.67,8208.44,False,Central Response Team
1451,20241106,236,3,Inspection,1.99,1481.27,False,Bravo Reliability Team
1452,20251109,222,5,Inspection,1.17,805.58,False,Bravo Reliability Team
1453,20240305,128,4,Corrective,8.15,10732.06,False,Delta Upgrade Crew
1454,20240713,69,4,Inspection,0.61,906.54,False,Bravo Reliability Team
1455,20250410,245,1,Preventive,4.06,4371.11,False,Central Response Team
1456,20241025,146,3,Upgrade,3.81,11612.63,False,Bravo Reliability Team
1457,20250411,56,2,Preventive,4.51,2810.78,False,Alpha Field Team
1458,20251112,135,1,Corrective,34.85,10271.89,True,Alpha Field Team
1459,20241225,176,4,Corrective,21.46,7695.21,True,Bravo Reliability Team
1460,20250726,41,1,Inspection,2.25,825.38,False,Island Logistics Team
1461,20251026,71,1,Corrective,19.08,16517.49,True,Bravo Reliability Team
1462,20240220,52,2,Inspection,1.83,469.57,False,Island Logistics Team
1463,20241111,119,1,Preventive,4.95,2639.48,False,Central Response Team
1464,20251030,166,1,Upgrade,19.51,11917.69,False,Bravo Reliability Team
1465,20240424,207,2,Corrective,25.4,3859.36,True,Delta Upgrade Crew
1466,20240416,49,3,Corrective,12.51,9315.2,False,Alpha Field Team
1467,20240712,204,2,Preventive,3.9,2666.6,False,Alpha Field Team
1468,20250603,149,5,Corrective,27.9,5244.37,True,Bravo Reliability Team
1469,20241122,129,3,Preventive,5.67,2783.48,False,Central Response Team
1470,20251029,157,1,Corrective,14.68,15597.42,True,Delta Upgrade Crew
1471,20250228,150,4,Preventive,5.18,1301.6,False,Bravo Reliability Team
1472,20241115,1,4,Corrective,9.15,10356.53,True,Bravo Reliability Team
1473,20250710,214,4,Corrective,27.18,9522.79,False,Central Response Team
1474,20240531,217,2,Upgrade,8.72,14319.42,False,Central Response Team
1475,20240808,153,1,Corrective,22.33,10551.32,False,Bravo Reliability Team
1476,20251020,31,2,Preventive,2.31,1686.39,False,Island Logistics Team
1477,20251009,248,1,Upgrade,27.04,22295.67,False,Island Logistics Team
1478,20240321,126,1,Corrective,44.77,19386.06,True,Delta Upgrade Crew
1479,20241128,100,3,Corrective,33.88,5417.29,True,Bravo Reliability Team
1480,20240318,186,1,Preventive,5.43,5552.73,False,Central Response Team
1481,20241101,155,5,Corrective,23.89,9243.61,True,Island Logistics Team
1482,20240621,86,1,Corrective,15.15,21542.11,True,Central Response Team
1483,20251208,234,5,Inspection,1.48,1692.82,False,Island Logistics Team
1484,20250210,37,1,Corrective,25.8,8834.57,False,Alpha Field Team
1485,20251006,209,4,Corrective,13.97,12429.23,False,Bravo Reliability Team
1486,20240707,236,3,Preventive,3.79,2226.39,False,Central Response Team
1487,20241014,89,1,Inspection,1.31,1159.01,False,Delta Upgrade Crew
1488,20240918,47,1,Upgrade,13.84,19123.94,False,Alpha Field Team
1489,20250411,246,1,Corrective,24.46,8817.26,True,Central Response Team
1490,20250630,51,5,Preventive,5.68,3882.77,False,Bravo Reliability Team
1491,20250311,121,4,Corrective,22.33,7891.32,True,Bravo Reliability Team
1492,20240414,219,3,Inspection,2.38,1533.33,False,Bravo Reliability Team
1493,20240722,136,4,Corrective,14.33,7960.91,False,Alpha Field Team
1494,20240326,196,1,Preventive,5.86,2020.72,False,Bravo Reliability Team
1495,20240420,52,2,Preventive,2.05,3053.68,False,Delta Upgrade Crew
1496,20240226,65,1,Upgrade,12.08,24473.54,False,Bravo Reliability Team
1497,20251006,166,1,Corrective,37.1,7541.41,True,Bravo Reliability Team
1498,20240718,16,1,Corrective,48.06,11719.6,True,Alpha Field Team
1499,20241007,54,1,Preventive,2.92,5042.87,False,Alpha Field Team
1500,20240219,237,1,Corrective,37.52,12604.02,False,Island Logistics Team
1501,20250704,2,1,Corrective,27.14,14402.19,False,Central Response Team
1502,20240622,219,3,Preventive,2.53,2378.07,False,Delta Upgrade Crew
1503,20250222,200,4,Upgrade,10.44,8574.12,False,Delta Upgrade Crew
1504,20250105,86,1,Corrective,37.04,10912.28,True,Delta Upgrade Crew
1505,20250301,133,1,Upgrade,23.42,16129.46,False,Island Logistics Team
1506,20240815,52,2,Preventive,3.97,3287.12,False,Central Response Team
1507,20250420,139,4,Upgrade,11.61,19243.51,False,Bravo Reliability Team
1508,20240629,77,1,Inspection,1.96,746.67,False,Alpha Field Team
1509,20250603,56,2,Preventive,3.97,1465.92,False,Alpha Field Team
1510,20240908,23,3,Corrective,30.28,8258.94,True,Island Logistics Team
1511,20250712,199,1,Preventive,5.12,3987.48,False,Island Logistics Team
1512,20240421,114,2,Corrective,32.16,5444.13,True,Central Response Team
1513,20250709,231,1,Preventive,9.23,5680.59,False,Central Response Team
1514,20250806,151,1,Corrective,40.58,13920.66,False,Alpha Field Team
1515,20250703,113,1,Preventive,3.3,2239.1,False,Alpha Field Team
1516,20250911,33,5,Inspection,2.11,1484.15,False,Bravo Reliability Team
1517,20250416,165,3,Preventive,2.59,5326.07,False,Delta Upgrade Crew
1518,20240106,180,5,Upgrade,13.02,27647.5,False,Island Logistics Team
1519,20250331,159,5,Corrective,32.62,12701.05,False,Bravo Reliability Team
1520,20251123,175,5,Corrective,21.26,6566.54,True,Alpha Field Team
1521,20240624,227,1,Corrective,13.6,14417.99,True,Island Logistics Team
1522,20250823,201,1,Upgrade,8.24,21688.42,False,Island Logistics Team
1523,20250818,177,1,Inspection,0.75,2609.08,False,Alpha Field Team
1524,20250526,211,3,Corrective,24.89,7473.67,True,Bravo Reliability Team
1525,20240907,79,1,Corrective,35.47,7994.75,True,Delta Upgrade Crew
1526,20250512,60,3,Preventive,3.39,3312.95,False,Delta Upgrade Crew
1527,20240522,38,3,Inspection,2.26,932.49,False,Delta Upgrade Crew
1528,20250428,214,4,Preventive,3.73,2761.43,False,Island Logistics Team
1529,20240130,142,1,Corrective,34.74,11004.05,True,Central Response Team
1530,20241226,117,5,Corrective,14.56,4646.13,False,Island Logistics Team
1531,20250326,207,2,Preventive,1.61,1567.83,False,Central Response Team
1532,20240204,165,3,Preventive,6.31,3190.14,False,Bravo Reliability Team
1533,20250109,75,1,Inspection,3.72,1418.22,False,Bravo Reliability Team
1534,20240122,124,4,Preventive,5.44,3038.31,False,Bravo Reliability Team
1535,20241023,26,2,Corrective,13.59,5429.73,True,Bravo Reliability Team
1536,20240218,246,1,Corrective,15.58,8424.66,True,Alpha Field Team
1537,20250814,143,2,Corrective,17.64,5937.27,False,Island Logistics Team
1538,20241122,84,2,Preventive,4.51,3332.97,False,Island Logistics Team
1539,20250214,249,5,Inspection,3.67,1260.72,False,Delta Upgrade Crew
1540,20240823,120,4,Preventive,6.0,2593.3,False,Delta Upgrade Crew
1541,20251111,238,2,Preventive,2.33,3522.03,False,Central Response Team
1542,20250621,135,1,Inspection,2.49,632.94,False,Alpha Field Team
1543,20250716,250,2,Upgrade,8.49,5786.49,False,Central Response Team
1544,20240716,131,5,Preventive,5.25,3136.55,False,Central Response Team
1545,20240531,70,4,Inspection,1.78,1606.12,False,Island Logistics Team
1546,20241002,206,3,Preventive,4.05,968.71,False,Alpha Field Team
1547,20241101,204,2,Corrective,7.8,6400.09,True,Alpha Field Team
1548,20250530,28,3,Upgrade,4.12,9177.29,False,Alpha Field Team
1549,20240920,94,3,Upgrade,7.69,8134.12,False,Island Logistics Team
1550,20240510,153,1,Preventive,5.3,3254.67,False,Bravo Reliability Team
1551,20251103,188,5,Inspection,2.57,1211.19,False,Bravo Reliability Team
1552,20240303,90,2,Inspection,1.95,452.62,False,Bravo Reliability Team
1553,20240515,235,3,Preventive,5.1,2130.86,False,Alpha Field Team
1554,20250704,231,1,Corrective,18.2,24804.22,True,Delta Upgrade Crew
1555,20240303,2,1,Inspection,2.76,2733.12,False,Alpha Field Team
1556,20250729,231,1,Corrective,16.05,22843.98,True,Bravo Reliability Team
1557,20241226,162,4,Preventive,6.48,1873.64,False,Delta Upgrade Crew
1558,20240614,184,5,Corrective,9.34,8130.8,False,Island Logistics Team
1559,20251215,220,1,Preventive,7.61,2400.27,False,Delta Upgrade Crew
1560,20240819,7,5,Upgrade,6.07,23642.97,False,Bravo Reliability Team
1561,20250103,135,1,Corrective,18.07,12323.32,True,Alpha Field Team
1562,20240912,2,1,Preventive,6.82,1949.35,False,Island Logistics Team
1563,20240413,115,2,Preventive,5.15,3145.13,False,Bravo Reliability Team
1564,20250120,2,1,Corrective,31.56,22833.99,True,Central Response Team
1565,20250223,151,1,Preventive,4.66,3142.15,False,Alpha Field Team
1566,20250615,226,3,Inspection,1.08,1531.2,False,Alpha Field Team
1567,20241208,156,4,Inspection,2.78,1357.26,False,Alpha Field Team
1568,20240409,244,3,Inspection,1.17,759.21,False,Island Logistics Team
1569,20240728,248,1,Inspection,2.66,2243.87,False,Island Logistics Team
1570,20240421,45,4,Preventive,5.35,3761.79,False,Bravo Reliability Team
1571,20250121,176,4,Corrective,10.93,7795.67,False,Central Response Team
1572,20250518,215,4,Preventive,1.59,1705.19,False,Bravo Reliability Team
1573,20241024,220,1,Inspection,2.87,1226.52,False,Alpha Field Team
1574,20240201,214,4,Upgrade,14.14,9002.4,False,Bravo Reliability Team
1575,20250827,81,5,Preventive,5.91,1962.61,False,Central Response Team
1576,20240112,195,2,Inspection,3.07,416.24,False,Alpha Field Team
1577,20240910,186,1,Inspection,1.63,807.07,False,Delta Upgrade Crew
1578,20240920,211,3,Upgrade,10.03,10419.03,False,Bravo Reliability Team
1579,20250411,145,1,Corrective,42.43,8914.53,True,Delta Upgrade Crew
1580,20250116,56,2,Upgrade,10.96,16610.93,False,Bravo Reliability Team
1581,20241102,91,5,Inspection,2.13,1182.06,False,Central Response Team
1582,20240405,73,5,Inspection,0.77,1992.29,False,Alpha Field Team
1583,20241226,225,3,Corrective,11.64,6608.4,False,Central Response Team
1584,20250307,6,1,Corrective,16.82,16005.21,True,Island Logistics Team
1585,20250516,43,1,Preventive,2.42,3787.05,False,Alpha Field Team
1586,20240412,212,2,Inspection,0.83,1150.14,False,Island Logistics Team
1587,20240308,99,3,Corrective,26.85,10715.73,True,Island Logistics Team
1588,20240608,246,1,Corrective,9.96,12967.12,True,Delta Upgrade Crew
1589,20240313,25,2,Corrective,16.21,8109.95,False,Island Logistics Team
1590,20240216,242,2,Inspection,1.05,1107.4,False,Alpha Field Team
1591,20250527,29,5,Inspection,3.4,1716.63,False,Delta Upgrade Crew
1592,20240807,104,3,Preventive,4.1,2865.69,False,Alpha Field Team
1593,20251117,108,2,Corrective,5.4,5701.9,False,Alpha Field Team
1594,20250112,13,3,Preventive,4.77,1366.82,False,Delta Upgrade Crew
1595,20250226,185,1,Upgrade,5.37,12507.88,False,Alpha Field Team
1596,20251115,196,1,Upgrade,16.83,25608.13,False,Island Logistics Team
1597,20250504,131,5,Upgrade,5.25,18536.03,False,Alpha Field Team
1598,20240613,52,2,Corrective,26.04,3884.02,True,Central Response Team
1599,20240917,249,5,Corrective,13.08,12332.1,True,Delta Upgrade Crew
1600,20251116,95,2,Upgrade,6.82,17696.57,False,Central Response Team
1601,20240627,53,5,Upgrade,15.88,20183.94,False,Delta Upgrade Crew
1602,20250921,169,1,Preventive,5.55,4607.04,False,Island Logistics Team
1603,20240704,93,1,Inspection,3.8,1659.71,False,Delta Upgrade Crew
1604,20251002,209,4,Inspection,1.62,1070.56,False,Alpha Field Team
1605,20240316,64,1,Inspection,1.7,1720.67,False,Alpha Field Team
1606,20251201,79,1,Preventive,6.98,3586.88,False,Bravo Reliability Team
1607,20240331,71,1,Corrective,24.09,20389.06,True,Bravo Reliability Team
1608,20251220,182,1,Preventive,9.33,4997.04,False,Central Response Team
1609,20250701,39,1,Corrective,19.43,11344.86,False,Alpha Field Team
1610,20240128,45,4,Inspection,2.37,895.0,False,Alpha Field Team
1611,20240914,25,2,Upgrade,12.97,5024.09,False,Island Logistics Team
1612,20250204,196,1,Corrective,26.96,18580.64,False,Alpha Field Team
1613,20240101,18,1,Inspection,0.78,1001.09,False,Alpha Field Team
1614,20240625,13,3,Inspection,2.36,877.24,False,Bravo Reliability Team
1615,20240705,47,1,Preventive,7.5,4282.4,False,Bravo Reliability Team
1616,20240210,140,2,Inspection,0.67,873.15,False,Central Response Team
1617,20250209,3,2,Preventive,2.21,1141.18,False,Delta Upgrade Crew
1618,20250703,237,1,Upgrade,9.28,32753.98,False,Central Response Team
1619,20250705,38,3,Upgrade,6.06,17612.24,False,Island Logistics Team
1620,20250906,8,2,Inspection,1.25,916.49,False,Central Response Team
1621,20240808,217,2,Inspection,1.28,318.08,False,Bravo Reliability Team
1622,20240611,138,3,Preventive,4.32,1886.43,False,Delta Upgrade Crew
1623,20240503,220,1,Corrective,34.3,14503.13,True,Bravo Reliability Team
1624,20250427,126,1,Corrective,20.39,5196.54,False,Delta Upgrade Crew
1625,20240615,36,3,Inspection,2.53,1489.29,False,Island Logistics Team
1626,20240319,15,3,Upgrade,13.47,5198.19,False,Central Response Team
1627,20240313,108,2,Preventive,2.65,3298.78,False,Bravo Reliability Team
1628,20251001,56,2,Upgrade,13.12,6760.29,False,Island Logistics Team
1629,20240723,7,5,Preventive,3.42,2842.95,False,Central Response Team
1630,20240828,9,1,Inspection,2.4,764.69,False,Delta Upgrade Crew
1631,20250821,212,2,Corrective,7.56,8129.88,False,Alpha Field Team
1632,20240327,31,2,Corrective,27.93,4066.52,True,Central Response Team
1633,20250104,172,2,Upgrade,18.62,9664.75,False,Bravo Reliability Team
1634,20250806,206,3,Preventive,5.95,1510.01,False,Island Logistics Team
1635,20250722,69,4,Upgrade,5.48,15812.0,False,Delta Upgrade Crew
1636,20240129,164,1,Inspection,1.02,2631.94,False,Bravo Reliability Team
1637,20251012,244,3,Inspection,2.36,1466.66,False,Alpha Field Team
1638,20240108,154,1,Inspection,2.29,2282.14,False,Delta Upgrade Crew
1639,20241115,221,4,Preventive,2.21,3157.37,False,Delta Upgrade Crew
1640,20240705,169,1,Corrective,24.41,11256.38,True,Bravo Reliability Team
1641,20251127,201,1,Upgrade,18.74,18541.02,False,Bravo Reliability Team
1642,20240123,164,1,Preventive,7.11,5354.55,False,Central Response Team
1643,20250809,239,4,Preventive,3.61,4301.61,False,Central Response Team
1644,20250729,12,2,Upgrade,11.73,10143.32,False,Island Logistics Team
1645,20241023,199,1,Inspection,3.03,744.01,False,Central Response Team
1646,20241213,145,1,Corrective,48.02,18625.89,True,Central Response Team
1647,20251009,66,5,Upgrade,16.99,15508.78,False,Alpha Field Team
1648,20240404,165,3,Preventive,2.66,2522.14,False,Bravo Reliability Team
1649,20250630,157,1,Corrective,31.74,8764.85,True,Delta Upgrade Crew
1650,20251004,80,4,Preventive,7.36,1147.26,False,Alpha Field Team
1651,20250706,178,4,Upgrade,15.52,11012.19,False,Central Response Team
1652,20240319,236,3,Corrective,23.43,5789.13,False,Island Logistics Team
1653,20250122,98,3,Corrective,15.67,10365.97,False,Bravo Reliability Team
1654,20240520,245,1,Preventive,7.42,2506.12,False,Bravo Reliability Team
1655,20250327,210,1,Upgrade,13.53,12740.12,False,Central Response Team
1656,20240104,20,1,Corrective,20.34,16435.56,True,Alpha Field Team
1657,20250827,81,5,Corrective,17.15,12289.63,True,Central Response Team
1658,20250813,120,4,Corrective,11.37,6108.2,True,Central Response Team
1659,20250125,90,2,Corrective,8.47,9876.0,True,Central Response Team
1660,20240123,208,4,Corrective,18.97,8073.33,True,Bravo Reliability Team
1661,20251114,33,5,Preventive,3.34,3914.37,False,Bravo Reliability Team
1662,20250910,152,4,Preventive,1.38,1561.84,False,Delta Upgrade Crew
1663,20240513,52,2,Preventive,3.71,1660.19,False,Island Logistics Team
1664,20241210,89,1,Upgrade,14.63,12443.41,False,Island Logistics Team
1665,20240802,201,1,Inspection,1.68,936.38,False,Central Response Team
1666,20240401,5,1,Corrective,38.64,9892.14,True,Central Response Team
1667,20250418,137,5,Upgrade,15.08,25908.64,False,Central Response Team
1668,20251118,213,2,Inspection,2.01,1140.9,False,Delta Upgrade Crew
1669,20241021,169,1,Corrective,20.39,7913.18,True,Island Logistics Team
1670,20241127,123,3,Preventive,6.29,3765.7,False,Delta Upgrade Crew
1671,20250912,29,5,Inspection,2.98,778.76,False,Central Response Team
1672,20241105,54,1,Corrective,34.11,6711.66,False,Island Logistics Team
1673,20250426,49,3,Preventive,6.25,4287.84,False,Bravo Reliability Team
1674,20250211,148,3,Corrective,26.9,10940.65,False,Bravo Reliability Team
1675,20250421,33,5,Preventive,4.61,1195.9,False,Central Response Team
1676,20250420,102,3,Corrective,17.05,8631.09,False,Island Logistics Team
1677,20250907,227,1,Corrective,14.95,17251.94,True,Bravo Reliability Team
1678,20241126,217,2,Preventive,3.27,2822.05,False,Bravo Reliability Team
1679,20251116,7,5,Corrective,26.88,14847.78,True,Alpha Field Team
1680,20240924,78,3,Preventive,4.23,1604.03,False,Central Response Team
1681,20250713,20,1,Inspection,2.54,2396.81,False,Island Logistics Team
1682,20251118,92,2,Inspection,1.74,1298.13,False,Island Logistics Team
1683,20250315,112,2,Preventive,1.68,897.23,False,Bravo Reliability Team
1684,20250707,178,4,Inspection,1.17,859.05,False,Alpha Field Team
1685,20240301,41,1,Corrective,50.11,17828.04,True,Bravo Reliability Team
1686,20241226,90,2,Upgrade,12.21,14636.64,False,Island Logistics Team
1687,20240213,132,1,Inspection,2.62,2161.68,False,Island Logistics Team
1688,20241128,194,1,Corrective,27.14,14620.08,True,Central Response Team
1689,20240207,42,2,Inspection,1.99,970.44,False,Bravo Reliability Team
1690,20240911,137,5,Inspection,3.74,1645.95,False,Alpha Field Team
1691,20241107,50,3,Inspection,1.41,1108.36,False,Island Logistics Team
1692,20250128,60,3,Preventive,3.43,1815.06,False,Alpha Field Team
1693,20240512,249,5,Inspection,2.45,2656.66,False,Central Response Team
1694,20240925,125,1,Inspection,4.54,1229.07,False,Alpha Field Team
1695,20240324,184,5,Inspection,0.72,2048.76,False,Island Logistics Team
1696,20250914,184,5,Corrective,18.31,11726.56,False,Island Logistics Team
1697,20240906,190,3,Corrective,26.05,11943.92,True,Delta Upgrade Crew
1698,20250617,197,2,Preventive,2.87,1978.93,False,Bravo Reliability Team
1699,20241114,185,1,Preventive,7.14,4803.45,False,Central Response Team
1700,20241005,77,1,Inspection,2.12,804.18,False,Central Response Team
1701,20240314,195,2,Upgrade,7.71,6890.67,False,Bravo Reliability Team
1702,20251215,56,2,Preventive,2.14,3125.89,False,Delta Upgrade Crew
1703,20240406,230,5,Corrective,16.61,6365.34,True,Island Logistics Team
1704,20240505,180,5,Corrective,23.96,16570.24,True,Alpha Field Team
1705,20240118,196,1,Corrective,19.65,8321.87,True,Island Logistics Team
1706,20250413,186,1,Corrective,38.3,8014.23,True,Island Logistics Team
1707,20241213,47,1,Preventive,9.01,5153.74,False,Delta Upgrade Crew
1708,20250508,29,5,Corrective,13.06,8921.33,False,Alpha Field Team
1709,20250729,207,2,Corrective,22.26,5816.72,False,Alpha Field Team
1710,20241113,192,1,Preventive,4.56,4156.36,False,Delta Upgrade Crew
1711,20250105,39,1,Inspection,3.63,2095.71,False,Delta Upgrade Crew
1712,20240807,84,2,Preventive,3.56,1193.72,False,Alpha Field Team
1713,20240330,44,5,Inspection,4.53,2083.22,False,Central Response Team
1714,20250810,196,1,Corrective,9.13,6238.53,True,Bravo Reliability Team
1715,20250703,89,1,Corrective,18.29,17878.96,True,Island Logistics Team
1716,20250508,249,5,Preventive,5.2,4405.99,False,Alpha Field Team
1717,20250315,34,5,Inspection,1.82,1987.03,False,Delta Upgrade Crew
1718,20240229,231,1,Inspection,3.61,3384.53,False,Bravo Reliability Team
1719,20251016,64,1,Corrective,26.26,9117.61,True,Central Response Team
1720,20250613,173,4,Preventive,4.29,3787.82,False,Island Logistics Team
1721,20240202,50,3,Preventive,2.07,1088.52,False,Central Response Team
1722,20241129,90,2,Inspection,0.37,765.02,False,Bravo Reliability Team
1723,20250418,121,4,Corrective,28.93,14983.08,True,Delta Upgrade Crew
1724,20250406,8,2,Preventive,2.32,1763.01,False,Delta Upgrade Crew
1725,20241218,208,4,Corrective,34.03,4145.45,True,Bravo Reliability Team
1726,20240224,55,2,Preventive,5.61,2367.18,False,Delta Upgrade Crew
1727,20250901,150,4,Corrective,19.04,10168.47,False,Alpha Field Team
1728,20240913,29,5,Corrective,15.95,10539.42,False,Alpha Field Team
1729,20251227,64,1,Inspection,3.1,1206.27,False,Alpha Field Team
1730,20240208,15,3,Inspection,2.8,1503.51,False,Island Logistics Team
1731,20250914,111,1,Preventive,3.07,3812.66,False,Central Response Team
1732,20250301,1,4,Upgrade,19.68,12805.95,False,Delta Upgrade Crew
1733,20241216,143,2,Inspection,0.9,800.74,False,Central Response Team
1734,20240803,235,3,Corrective,13.6,12511.39,False,Bravo Reliability Team
1735,20240304,91,5,Corrective,24.23,18312.67,True,Bravo Reliability Team
1736,20250504,169,1,Inspection,3.09,1606.12,False,Alpha Field Team
1737,20241010,18,1,Inspection,1.85,940.51,False,Delta Upgrade Crew
1738,20250425,22,3,Upgrade,9.56,15928.57,False,Delta Upgrade Crew
1739,20250309,182,1,Corrective,39.99,20448.93,True,Island Logistics Team
1740,20241029,226,3,Inspection,2.01,1352.13,False,Central Response Team
1741,20240127,249,5,Corrective,22.96,10431.4,True,Bravo Reliability Team
1742,20250517,106,1,Inspection,2.97,1314.57,False,Alpha Field Team
1743,20250909,9,1,Inspection,2.59,891.56,False,Central Response Team
1744,20250822,31,2,Preventive,5.76,1607.74,False,Bravo Reliability Team
1745,20240821,83,2,Preventive,3.22,3790.94,False,Delta Upgrade Crew
1746,20250526,244,3,Preventive,4.69,4543.16,False,Island Logistics Team
1747,20240727,214,4,Preventive,4.41,2554.37,False,Delta Upgrade Crew
1748,20250607,79,1,Corrective,36.49,11284.01,False,Delta Upgrade Crew
1749,20240420,49,3,Upgrade,16.94,6771.33,False,Alpha Field Team
1750,20240419,130,5,Inspection,1.59,1176.92,False,Delta Upgrade Crew
1751,20250501,87,2,Inspection,1.64,1626.55,False,Alpha Field Team
1752,20240301,17,3,Inspection,1.2,1300.2,False,Island Logistics Team
1753,20241207,45,4,Preventive,3.88,2508.19,False,Alpha Field Team
1754,20251021,214,4,Inspection,2.04,757.74,False,Island Logistics Team
1755,20240314,118,1,Corrective,25.34,18913.6,False,Delta Upgrade Crew
1756,20241027,114,2,Preventive,3.56,2183.83,False,Central Response Team
1757,20240828,4,1,Inspection,1.82,1044.79,False,Bravo Reliability Team
1758,20240220,250,2,Corrective,18.64,9628.12,True,Alpha Field Team
1759,20250707,75,1,Inspection,1.12,2059.74,False,Delta Upgrade Crew
1760,20240625,108,2,Preventive,3.93,2144.69,False,Bravo Reliability Team
1761,20241024,6,1,Upgrade,13.97,10583.32,False,Bravo Reliability Team
1762,20240607,160,1,Corrective,13.27,11635.38,True,Bravo Reliability Team
1763,20250322,104,3,Preventive,2.97,1138.49,False,Central Response Team
1764,20250424,117,5,Preventive,5.13,1424.31,False,Island Logistics Team
1765,20250806,245,1,Corrective,37.64,17685.1,True,Alpha Field Team
1766,20250104,155,5,Inspection,1.96,1004.93,False,Central Response Team
1767,20250302,127,3,Preventive,6.02,5017.29,False,Island Logistics Team
1768,20251030,156,4,Preventive,2.94,3447.57,False,Delta Upgrade Crew
1769,20240825,81,5,Upgrade,23.95,19050.63,False,Central Response Team
1770,20240131,193,3,Upgrade,20.92,16684.21,False,Island Logistics Team
1771,20241130,209,4,Preventive,6.11,3184.68,False,Alpha Field Team
1772,20240809,215,4,Corrective,17.4,4222.44,False,Alpha Field Team
1773,20240329,79,1,Upgrade,15.32,19454.3,False,Alpha Field Team
1774,20240410,58,1,Corrective,24.22,20786.78,True,Central Response Team
1775,20240906,115,2,Upgrade,9.75,13619.1,False,Island Logistics Team
1776,20240426,24,2,Upgrade,14.48,7465.73,False,Delta Upgrade Crew
1777,20250607,218,1,Corrective,19.14,13594.98,False,Alpha Field Team
1778,20240209,117,5,Inspection,2.74,666.89,False,Alpha Field Team
1779,20241111,87,2,Upgrade,7.85,7758.68,False,Island Logistics Team
1780,20251110,60,3,Corrective,16.81,8094.32,True,Central Response Team
1781,20240704,199,1,Corrective,25.14,12729.19,False,Alpha Field Team
1782,20241128,100,3,Corrective,22.13,18159.07,False,Island Logistics Team
1783,20240117,6,1,Upgrade,6.61,19612.86,False,Alpha Field Team
1784,20241113,205,4,Corrective,8.96,8182.88,True,Bravo Reliability Team
1785,20250306,134,3,Inspection,1.24,999.51,False,Central Response Team
1786,20250323,102,3,Corrective,15.88,7884.07,True,Island Logistics Team
1787,20250427,97,2,Preventive,3.47,1894.65,False,Central Response Team
1788,20240430,140,2,Preventive,4.64,3725.01,False,Central Response Team
1789,20251013,239,4,Preventive,6.39,1225.86,False,Bravo Reliability Team
1790,20240125,55,2,Preventive,2.14,1000.13,False,Central Response Team
1791,20240608,176,4,Preventive,2.12,2147.61,False,Island Logistics Team
1792,20250308,80,4,Upgrade,21.89,15802.24,False,Island Logistics Team
1793,20240919,171,1,Corrective,35.31,17497.37,True,Alpha Field Team
1794,20241103,213,2,Inspection,2.08,958.93,False,Delta Upgrade Crew
1795,20240930,62,4,Corrective,26.76,12605.6,False,Alpha Field Team
1796,20240118,209,4,Corrective,29.06,6137.33,True,Island Logistics Team
1797,20240709,153,1,Upgrade,20.12,13012.77,False,Central Response Team
1798,20240822,178,4,Corrective,28.97,5192.47,True,Delta Upgrade Crew
1799,20240328,8,2,Corrective,5.44,10808.27,False,Island Logistics Team
1800,20240126,214,4,Corrective,33.79,13227.24,True,Alpha Field Team
1801,20240916,202,3,Upgrade,6.43,7165.6,False,Delta Upgrade Crew
1802,20240411,51,5,Corrective,28.06,13451.05,False,Bravo Reliability Team
1803,20250801,146,3,Preventive,2.05,1166.91,False,Bravo Reliability Team
1804,20240430,211,3,Preventive,5.71,3469.24,False,Central Response Team
1805,20250803,249,5,Corrective,17.82,14880.18,True,Central Response Team
1806,20250402,120,4,Corrective,23.32,6692.72,True,Bravo Reliability Team
1807,20251221,16,1,Corrective,25.23,21157.11,True,Bravo Reliability Team
1808,20240725,18,1,Inspection,3.49,2505.54,False,Bravo Reliability Team
1809,20240802,33,5,Inspection,3.54,1591.39,False,Bravo Reliability Team
1810,20250830,217,2,Corrective,19.4,4441.48,True,Delta Upgrade Crew
1811,20250729,136,4,Preventive,3.71,2594.1,False,Central Response Team
1812,20241225,164,1,Corrective,20.42,6978.2,False,Central Response Team
1813,20241216,21,3,Preventive,4.2,3844.79,False,Delta Upgrade Crew
1814,20240526,40,3,Inspection,2.66,973.1,False,Bravo Reliability Team
1815,20240127,105,3,Corrective,20.4,9833.47,False,Delta Upgrade Crew
1816,20250711,221,4,Corrective,14.09,5569.83,True,Delta Upgrade Crew
1817,20240623,76,5,Preventive,4.79,2232.96,False,Delta Upgrade Crew
1818,20251020,116,4,Corrective,20.67,13391.22,True,Alpha Field Team
1819,20250115,60,3,Preventive,5.55,1195.44,False,Alpha Field Team
1820,20240515,162,4,Upgrade,15.1,7293.62,False,Central Response Team
1821,20251130,163,4,Upgrade,14.48,17093.57,False,Island Logistics Team
1822,20240127,205,4,Inspection,1.19,1352.13,False,Island Logistics Team
1823,20240908,215,4,Inspection,1.6,730.21,False,Central Response Team
1824,20250916,16,1,Preventive,6.61,2192.5,False,Alpha Field Team
1825,20251128,125,1,Upgrade,27.87,16264.96,False,Delta Upgrade Crew
1826,20251016,37,1,Upgrade,21.46,35298.3,False,Bravo Reliability Team
1827,20250430,9,1,Preventive,5.01,2662.88,False,Alpha Field Team
1828,20250214,57,2,Upgrade,8.96,10590.86,False,Alpha Field Team
1829,20241207,133,1,Corrective,39.92,12984.67,False,Bravo Reliability Team
1830,20250109,118,1,Corrective,29.59,13212.58,True,Island Logistics Team
1831,20251116,232,4,Corrective,10.73,5501.9,False,Bravo Reliability Team
1832,20240519,7,5,Corrective,10.37,16135.25,True,Delta Upgrade Crew
1833,20240623,18,1,Inspection,1.5,2099.95,False,Island Logistics Team
1834,20251015,70,4,Corrective,11.0,4136.0,True,Central Response Team
1835,20250513,63,1,Corrective,48.51,8226.79,True,Alpha Field Team
1836,20240424,82,2,Upgrade,10.91,11680.32,False,Bravo Reliability Team
1837,20241008,176,4,Corrective,22.25,8436.19,True,Central Response Team
1838,20251212,59,5,Corrective,41.84,10333.0,True,Bravo Reliability Team
1839,20250919,249,5,Upgrade,18.43,28820.35,False,Island Logistics Team
1840,20251208,199,1,Corrective,16.1,9979.17,True,Central Response Team
1841,20250210,64,1,Inspection,2.14,965.67,False,Bravo Reliability Team
1842,20251213,208,4,Inspection,3.12,523.74,False,Delta Upgrade Crew
1843,20250510,96,5,Inspection,3.26,719.82,False,Island Logistics Team
1844,20251214,203,4,Preventive,3.56,1464.84,False,Alpha Field Team
1845,20240324,16,1,Corrective,30.71,11686.78,False,Island Logistics Team
1846,20251203,122,1,Preventive,3.24,3633.74,False,Alpha Field Team
1847,20240414,4,1,Inspection,3.98,1682.05,False,Bravo Reliability Team
1848,20240221,11,4,Corrective,31.79,12028.76,True,Island Logistics Team
1849,20240419,21,3,Corrective,20.42,14488.06,True,Island Logistics Team
1850,20251203,241,2,Corrective,26.0,6608.24,True,Central Response Team
1851,20250802,170,4,Inspection,0.92,923.0,False,Central Response Team
1852,20241206,123,3,Inspection,0.64,918.79,False,Bravo Reliability Team
1853,20240323,36,3,Upgrade,10.4,10866.32,False,Central Response Team
1854,20250326,84,2,Inspection,1.24,1265.69,False,Central Response Team
1855,20240628,27,1,Corrective,39.04,15824.03,True,Delta Upgrade Crew
1856,20251106,118,1,Inspection,1.96,2659.59,False,Delta Upgrade Crew
1857,20250111,176,4,Corrective,19.37,7877.05,True,Alpha Field Team
1858,20240618,138,3,Corrective,39.16,12072.97,True,Alpha Field Team
1859,20240327,137,5,Upgrade,19.55,10235.87,False,Alpha Field Team
1860,20250630,70,4,Corrective,14.81,6317.15,True,Island Logistics Team
1861,20241112,62,4,Corrective,28.89,12089.83,True,Central Response Team
1862,20240722,249,5,Preventive,4.12,4982.97,False,Central Response Team
1863,20241015,43,1,Corrective,39.96,10742.15,True,Bravo Reliability Team
1864,20240224,167,3,Inspection,0.84,528.55,False,Bravo Reliability Team
1865,20250323,124,4,Upgrade,14.97,21132.97,False,Island Logistics Team
1866,20250811,48,2,Upgrade,7.21,9942.96,False,Bravo Reliability Team
1867,20240601,219,3,Corrective,24.84,6711.3,True,Island Logistics Team
1868,20240331,237,1,Corrective,35.31,8790.93,True,Alpha Field Team
1869,20240704,76,5,Inspection,3.61,583.91,False,Island Logistics Team
1870,20241117,222,5,Preventive,5.32,4219.26,False,Central Response Team
1871,20251005,120,4,Corrective,12.65,10868.41,False,Central Response Team
1872,20250923,159,5,Inspection,2.88,1352.22,False,Delta Upgrade Crew
1873,20240131,146,3,Preventive,2.27,1929.15,False,Bravo Reliability Team
1874,20240928,236,3,Upgrade,6.37,6482.84,False,Central Response Team
1875,20250320,47,1,Corrective,32.72,15322.41,False,Bravo Reliability Team
1876,20251102,33,5,Preventive,5.6,1613.55,False,Central Response Team
1877,20250206,54,1,Upgrade,18.79,25773.75,False,Island Logistics Team
1878,20250718,185,1,Corrective,28.74,11564.4,True,Central Response Team
1879,20250213,214,4,Corrective,8.77,9207.7,False,Alpha Field Team
1880,20250507,94,3,Upgrade,10.87,16896.16,False,Bravo Reliability Team
1881,20250106,208,4,Preventive,2.17,2688.28,False,Bravo Reliability Team
1882,20241029,157,1,Corrective,26.11,17273.77,True,Central Response Team
1883,20240104,32,1,Corrective,20.12,10941.01,False,Bravo Reliability Team
1884,20240227,191,1,Preventive,3.85,2805.23,False,Delta Upgrade Crew
1885,20250421,11,4,Upgrade,11.73,19082.68,False,Island Logistics Team
1886,20250420,22,3,Corrective,26.39,5777.93,True,Delta Upgrade Crew
1887,20251219,104,3,Corrective,15.18,6558.95,False,Bravo Reliability Team
1888,20241116,167,3,Corrective,8.62,13497.96,True,Island Logistics Team
1889,20251109,120,4,Preventive,4.74,2151.95,False,Island Logistics Team
1890,20240111,16,1,Inspection,1.43,1856.76,False,Bravo Reliability Team
1891,20251028,170,4,Inspection,1.78,1318.87,False,Central Response Team
1892,20251109,54,1,Upgrade,20.93,10278.89,False,Delta Upgrade Crew
1893,20250725,245,1,Corrective,19.03,19840.61,True,Alpha Field Team
1894,20251212,214,4,Corrective,20.25,10537.61,True,Island Logistics Team
1895,20240107,154,1,Upgrade,23.67,8797.33,False,Central Response Team
1896,20250121,113,1,Inspection,3.47,2256.67,False,Alpha Field Team
1897,20250630,157,1,Corrective,10.44,14186.5,True,Island Logistics Team
1898,20250504,144,4,Corrective,34.44,4221.25,True,Bravo Reliability Team
1899,20250925,32,1,Preventive,2.35,3269.67,False,Bravo Reliability Team
1900,20240506,85,5,Corrective,13.59,16078.82,True,Alpha Field Team
1901,20250314,178,4,Preventive,4.01,1763.36,False,Island Logistics Team
1902,20241002,195,2,Inspection,1.12,1151.58,False,Central Response Team
1903,20240226,65,1,Corrective,41.39,23391.19,True,Delta Upgrade Crew
1904,20251118,41,1,Corrective,12.61,19961.51,True,Delta Upgrade Crew
1905,20241019,129,3,Inspection,3.03,1345.2,False,Alpha Field Team
1906,20250117,214,4,Corrective,29.66,13553.99,False,Central Response Team
1907,20250511,128,4,Inspection,2.66,1778.96,False,Delta Upgrade Crew
1908,20240815,208,4,Inspection,1.66,841.96,False,Central Response Team
1909,20251006,192,1,Corrective,44.96,19935.99,True,Bravo Reliability Team
1910,20241012,239,4,Corrective,27.51,14036.77,False,Island Logistics Team
1911,20241010,39,1,Preventive,3.19,2503.4,False,Island Logistics Team
1912,20250811,73,5,Upgrade,18.5,12056.7,False,Delta Upgrade Crew
1913,20240621,156,4,Corrective,14.66,9728.88,True,Alpha Field Team
1914,20240416,39,1,Inspection,2.23,949.72,False,Central Response Team
1915,20250416,227,1,Inspection,0.76,2528.74,False,Island Logistics Team
1916,20251005,163,4,Preventive,5.71,3526.92,False,Central Response Team
1917,20240512,223,1,Upgrade,16.88,18457.87,False,Bravo Reliability Team
1918,20251011,111,1,Upgrade,16.39,15536.93,False,Central Response Team
1919,20240312,238,2,Inspection,1.89,1591.86,False,Island Logistics Team
1920,20241109,177,1,Corrective,16.98,14846.13,True,Alpha Field Team
1921,20241118,226,3,Preventive,2.03,1038.83,False,Bravo Reliability Team
1922,20250326,112,2,Preventive,1.94,1997.5,False,Central Response Team
1923,20240525,102,3,Corrective,27.89,5332.84,False,Delta Upgrade Crew
1924,20250515,25,2,Inspection,0.61,1117.47,False,Alpha Field Team
1925,20241103,250,2,Preventive,5.12,2056.47,False,Delta Upgrade Crew
1926,20250416,13,3,Preventive,2.96,2895.9,False,Alpha Field Team
1927,20240814,202,3,Preventive,5.07,2087.97,False,Delta Upgrade Crew
1928,20240627,38,3,Inspection,0.7,1152.83,False,Bravo Reliability Team
1929,20240608,249,5,Inspection,3.94,1360.2,False,Central Response Team
1930,20240618,126,1,Preventive,5.11,4781.76,False,Central Response Team
1931,20240915,117,5,Preventive,6.52,3663.74,False,Alpha Field Team
1932,20240119,151,1,Preventive,2.36,3577.89,False,Bravo Reliability Team
1933,20240624,60,3,Upgrade,15.43,8293.66,False,Island Logistics Team
1934,20240626,109,4,Inspection,1.17,1556.16,False,Island Logistics Team
1935,20240815,27,1,Corrective,20.08,14911.21,True,Bravo Reliability Team
1936,20240729,47,1,Corrective,49.65,14969.22,True,Delta Upgrade Crew
1937,20251126,185,1,Corrective,9.7,6010.95,False,Delta Upgrade Crew
1938,20250208,63,1,Corrective,46.91,16025.99,True,Island Logistics Team
1939,20240614,110,2,Preventive,3.16,3061.44,False,Island Logistics Team
1940,20251125,225,3,Preventive,1.88,3180.23,False,Central Response Team
1941,20251107,160,1,Preventive,5.52,3527.86,False,Alpha Field Team
1942,20250818,99,3,Corrective,7.53,6799.68,False,Island Logistics Team
1943,20240202,79,1,Corrective,32.48,10428.57,False,Bravo Reliability Team
1944,20240430,135,1,Inspection,3.15,1320.77,False,Central Response Team
1945,20240420,238,2,Preventive,2.33,1358.22,False,Island Logistics Team
1946,20250503,60,3,Upgrade,10.49,7997.6,False,Delta Upgrade Crew
1947,20240628,57,2,Upgrade,9.8,5673.05,False,Alpha Field Team
1948,20250311,164,1,Upgrade,13.58,22653.14,False,Delta Upgrade Crew
1949,20240304,109,4,Preventive,5.41,2288.09,False,Alpha Field Team
1950,20250620,213,2,Corrective,22.04,5066.81,True,Island Logistics Team
1951,20240425,105,3,Upgrade,12.37,17786.19,False,Bravo Reliability Team
1952,20240215,81,5,Inspection,3.73,1787.11,False,Central Response Team
1953,20240417,212,2,Preventive,2.0,3615.47,False,Central Response Team
1954,20241101,234,5,Preventive,2.66,4482.0,False,Alpha Field Team
1955,20250612,114,2,Inspection,3.05,1415.75,False,Island Logistics Team
1956,20251002,91,5,Corrective,20.82,18970.6,True,Island Logistics Team
1957,20240527,238,2,Preventive,4.79,2567.54,False,Delta Upgrade Crew
1958,20240101,41,1,Corrective,32.24,9366.66,True,Bravo Reliability Team
1959,20250304,2,1,Inspection,0.85,2912.28,False,Delta Upgrade Crew
1960,20241004,169,1,Corrective,29.75,14239.68,True,Delta Upgrade Crew
1961,20240219,249,5,Corrective,37.35,9100.43,True,Central Response Team
1962,20250624,89,1,Inspection,0.88,2619.79,False,Delta Upgrade Crew
1963,20240809,236,3,Corrective,26.91,11569.41,True,Bravo Reliability Team
1964,20240515,123,3,Preventive,4.36,2876.83,False,Alpha Field Team
1965,20251120,2,1,Preventive,6.3,3187.33,False,Delta Upgrade Crew
1966,20250219,140,2,Upgrade,12.51,14988.23,False,Central Response Team
1967,20251123,33,5,Corrective,28.85,8657.19,True,Delta Upgrade Crew
1968,20241225,79,1,Corrective,50.19,8944.72,True,Delta Upgrade Crew
1969,20251205,153,1,Inspection,2.21,2014.66,False,Central Response Team
1970,20240218,210,1,Corrective,15.78,7981.91,True,Delta Upgrade Crew
1971,20250820,179,1,Corrective,24.41,19214.01,True,Bravo Reliability Team
1972,20250903,109,4,Preventive,5.81,3532.66,False,Bravo Reliability Team
1973,20241210,104,3,Corrective,21.41,7522.92,True,Bravo Reliability Team
1974,20241111,130,5,Inspection,1.05,1293.58,False,Island Logistics Team
1975,20240809,161,4,Preventive,7.03,3364.23,False,Delta Upgrade Crew
1976,20250808,2,1,Corrective,39.05,11876.44,False,Delta Upgrade Crew
1977,20241010,138,3,Upgrade,20.26,14273.34,False,Alpha Field Team
1978,20240821,63,1,Preventive,4.09,4809.34,False,Bravo Reliability Team
1979,20250117,5,1,Inspection,4.15,2406.07,False,Delta Upgrade Crew
1980,20250408,126,1,Preventive,9.18,3877.23,False,Bravo Reliability Team
1981,20240629,39,1,Corrective,20.94,20179.39,False,Bravo Reliability Team
1982,20241104,116,4,Inspection,2.78,1359.06,False,Island Logistics Team
1983,20241021,60,3,Preventive,4.49,1473.58,False,Central Response Team
1984,20240606,106,1,Preventive,7.2,3915.5,False,Island Logistics Team
1985,20240505,145,1,Preventive,7.8,4494.24,False,Bravo Reliability Team
1986,20240110,229,1,Preventive,7.43,1702.1,False,Alpha Field Team
1987,20240805,202,3,Upgrade,4.31,10407.01,False,Bravo Reliability Team
1988,20240216,178,4,Corrective,13.17,9069.6,False,Bravo Reliability Team
1989,20240114,164,1,Preventive,2.32,4270.73,False,Island Logistics Team
1990,20240923,191,1,Corrective,15.63,9772.29,False,Bravo Reliability Team
1991,20250126,106,1,Upgrade,9.62,24720.25,False,Island Logistics Team
1992,20241210,26,2,Corrective,8.1,5996.38,True,Alpha Field Team
1993,20251107,250,2,Inspection,2.58,1086.99,False,Alpha Field Team
1994,20251231,124,4,Corrective,26.63,13256.43,False,Alpha Field Team
1995,20251203,215,4,Corrective,24.06,7819.74,False,Island Logistics Team
1996,20250124,198,2,Preventive,3.77,1182.48,False,Alpha Field Team
1997,20240224,26,2,Corrective,24.32,5264.2,False,Alpha Field Team
1998,20240810,43,1,Corrective,34.73,12515.03,True,Central Response Team
1999,20240611,32,1,Inspection,2.33,811.06,False,Island Logistics Team
2000,20250605,124,4,Upgrade,5.43,20712.04,False,Island Logistics Team
2001,20240405,223,1,Upgrade,12.45,24246.75,False,Bravo Reliability Team
2002,20240811,186,1,Corrective,23.02,20115.32,True,Island Logistics Team
2003,20241120,223,1,Inspection,3.08,2528.1,False,Alpha Field Team
2004,20250301,17,3,Corrective,22.29,5720.51,False,Delta Upgrade Crew
2005,20250301,164,1,Preventive,8.39,2748.66,False,Bravo Reliability Team
2006,20240527,101,4,Corrective,17.77,13095.66,False,Island Logistics Team
2007,20240523,210,1,Corrective,35.07,12939.99,False,Delta Upgrade Crew
2008,20240916,143,2,Corrective,15.33,9161.01,False,Alpha Field Team
2009,20240830,42,2,Preventive,2.93,2491.9,False,Central Response Team
2010,20241019,228,2,Corrective,33.41,11338.21,True,Alpha Field Team
2011,20240529,97,2,Inspection,1.41,1328.06,False,Delta Upgrade Crew
2012,20240410,8,2,Upgrade,12.43,7550.96,False,Central Response Team
2013,20251105,30,4,Corrective,26.16,9356.14,False,Bravo Reliability Team
2014,20250214,126,1,Corrective,41.48,6822.71,False,Alpha Field Team
2015,20250806,71,1,Corrective,41.05,20220.77,True,Central Response Team
2016,20250607,133,1,Corrective,45.41,13795.0,True,Alpha Field Team
2017,20250624,231,1,Corrective,42.77,8864.21,True,Central Response Team
2018,20250602,107,2,Inspection,1.44,1451.94,False,Delta Upgrade Crew
2019,20250516,145,1,Upgrade,23.23,20169.16,False,Alpha Field Team
2020,20240906,119,1,Inspection,2.36,2071.06,False,Alpha Field Team
2021,20240525,106,1,Inspection,2.91,2018.14,False,Island Logistics Team
2022,20241103,40,3,Corrective,7.3,12719.61,False,Island Logistics Team
2023,20240928,231,1,Corrective,20.79,12126.47,True,Alpha Field Team
2024,20240205,147,1,Corrective,27.79,16307.67,False,Delta Upgrade Crew
2025,20241106,83,2,Preventive,2.65,1498.21,False,Delta Upgrade Crew
2026,20250911,40,3,Preventive,2.51,2237.67,False,Central Response Team
2027,20250703,60,3,Corrective,21.95,4308.27,False,Bravo Reliability Team
2028,20251217,230,5,Corrective,18.84,8166.16,True,Alpha Field Team
2029,20250226,60,3,Inspection,1.53,1534.98,False,Alpha Field Team
2030,20240322,234,5,Corrective,31.08,14354.02,True,Bravo Reliability Team
2031,20250317,168,3,Preventive,2.46,1915.58,False,Central Response Team
2032,20251225,115,2,Preventive,4.84,1565.91,False,Alpha Field Team
2033,20250819,55,2,Preventive,4.65,3001.06,False,Delta Upgrade Crew
2034,20250805,57,2,Corrective,16.76,9609.35,True,Bravo Reliability Team
2035,20250714,246,1,Upgrade,6.48,28038.17,False,Central Response Team
2036,20250419,197,2,Corrective,21.38,8405.92,True,Central Response Team
2037,20240912,212,2,Corrective,12.14,10545.9,True,Island Logistics Team
2038,20241011,233,3,Inspection,2.55,1575.16,False,Bravo Reliability Team
2039,20240218,58,1,Corrective,22.7,16045.68,True,Island Logistics Team
2040,20251001,88,1,Corrective,9.94,21347.69,True,Island Logistics Team
2041,20240511,44,5,Upgrade,12.13,27918.8,False,Bravo Reliability Team
2042,20241110,34,5,Upgrade,5.02,22684.48,False,Central Response Team
2043,20250820,30,4,Inspection,3.31,1116.24,False,Alpha Field Team
2044,20241125,62,4,Upgrade,18.69,15226.97,False,Delta Upgrade Crew
2045,20250917,83,2,Corrective,13.33,4753.45,False,Bravo Reliability Team
2046,20250407,233,3,Corrective,12.46,14398.76,True,Alpha Field Team
2047,20250512,88,1,Corrective,25.49,19317.84,False,Alpha Field Team
2048,20240630,187,5,Corrective,28.33,5816.41,False,Bravo Reliability Team
2049,20240715,130,5,Corrective,16.19,11286.88,True,Bravo Reliability Team
2050,20240305,168,3,Corrective,21.45,6581.24,True,Delta Upgrade Crew
2051,20250523,164,1,Corrective,25.66,6845.58,True,Central Response Team
2052,20250316,168,3,Preventive,2.59,1278.51,False,Island Logistics Team
2053,20250411,248,1,Corrective,30.13,8765.84,True,Bravo Reliability Team
2054,20251003,192,1,Preventive,2.49,5273.31,False,Island Logistics Team
2055,20250528,20,1,Inspection,1.42,1067.85,False,Island Logistics Team
2056,20250123,97,2,Upgrade,10.47,4154.14,False,Bravo Reliability Team
2057,20241117,142,1,Upgrade,22.94,20378.36,False,Central Response Team
2058,20250729,205,4,Upgrade,13.4,16774.01,False,Bravo Reliability Team
2059,20240726,121,4,Inspection,2.45,977.97,False,Island Logistics Team
2060,20240109,121,4,Preventive,4.41,2895.41,False,Delta Upgrade Crew
2061,20240426,9,1,Inspection,0.72,1326.59,False,Island Logistics Team
2062,20240915,112,2,Preventive,3.45,2067.66,False,Delta Upgrade Crew
2063,20250909,67,2,Preventive,2.05,1684.95,False,Delta Upgrade Crew
2064,20250527,188,5,Corrective,18.48,10297.19,True,Alpha Field Team
2065,20250831,220,1,Inspection,2.08,1104.62,False,Bravo Reliability Team
2066,20250927,106,1,Inspection,2.78,1437.79,False,Central Response Team
2067,20251024,103,3,Inspection,3.08,2065.42,False,Island Logistics Team
2068,20240213,163,4,Inspection,1.99,994.78,False,Delta Upgrade Crew
2069,20250805,244,3,Corrective,26.81,9005.83,True,Delta Upgrade Crew
2070,20240128,72,4,Upgrade,21.91,18512.57,False,Central Response Team
2071,20240429,152,4,Inspection,1.87,630.07,False,Bravo Reliability Team
2072,20241012,191,1,Inspection,1.33,1185.26,False,Alpha Field Team
2073,20251205,180,5,Inspection,1.07,2207.95,False,Central Response Team
2074,20240604,86,1,Preventive,5.47,5505.5,False,Central Response Team
2075,20240707,177,1,Inspection,3.53,754.42,False,Alpha Field Team
2076,20250212,40,3,Corrective,22.0,6676.85,True,Bravo Reliability Team
2077,20250811,7,5,Corrective,30.38,4720.92,False,Central Response Team
2078,20240214,195,2,Preventive,5.37,2525.08,False,Delta Upgrade Crew
2079,20240926,204,2,Preventive,4.3,1717.25,False,Alpha Field Team
2080,20250603,59,5,Corrective,18.07,5782.58,False,Bravo Reliability Team
2081,20250828,130,5,Inspection,2.35,961.53,False,Delta Upgrade Crew
2082,20240914,139,4,Corrective,25.84,5144.38,True,Delta Upgrade Crew
2083,20240503,248,1,Corrective,49.28,9494.24,True,Island Logistics Team
2084,20240318,166,1,Upgrade,13.47,6686.94,False,Bravo Reliability Team
2085,20250518,154,1,Corrective,18.1,14417.08,True,Alpha Field Team
2086,20240802,235,3,Preventive,4.09,1452.52,False,Alpha Field Team
2087,20250124,108,2,Corrective,6.03,6701.69,True,Central Response Team
2088,20240520,98,3,Upgrade,7.72,15334.79,False,Alpha Field Team
2089,20250619,66,5,Preventive,5.81,3853.8,False,Island Logistics Team
2090,20250725,181,1,Inspection,3.27,1785.29,False,Bravo Reliability Team
2091,20251014,195,2,Corrective,22.07,12439.82,True,Alpha Field Team
2092,20240317,27,1,Preventive,7.45,3893.16,False,Island Logistics Team
2093,20241020,234,5,Corrective,16.25,4511.81,False,Island Logistics Team
2094,20251007,138,3,Upgrade,9.67,9960.41,False,Alpha Field Team
2095,20250403,88,1,Corrective,17.81,11190.73,False,Bravo Reliability Team
2096,20250819,155,5,Inspection,1.4,1147.65,False,Bravo Reliability Team
2097,20240907,237,1,Corrective,34.71,17298.49,True,Alpha Field Team
2098,20250803,190,3,Inspection,2.35,1191.38,False,Central Response Team
2099,20240302,220,1,Corrective,13.75,8443.33,True,Bravo Reliability Team
2100,20240702,235,3,Inspection,0.98,961.62,False,Central Response Team
2101,20250519,52,2,Inspection,0.68,1535.55,False,Delta Upgrade Crew
2102,20250930,232,4,Inspection,2.7,893.29,False,Alpha Field Team
2103,20250702,163,4,Inspection,1.42,1276.57,False,Alpha Field Team
2104,20251025,203,4,Inspection,4.0,660.64,False,Alpha Field Team
2105,20251219,180,5,Preventive,6.86,2112.62,False,Delta Upgrade Crew
2106,20250219,55,2,Preventive,5.22,2447.0,False,Delta Upgrade Crew
2107,20250409,56,2,Inspection,1.52,1026.83,False,Alpha Field Team
2108,20250515,163,4,Preventive,5.0,2335.34,False,Central Response Team
2109,20241031,27,1,Inspection,1.18,546.84,False,Delta Upgrade Crew
2110,20241031,72,4,Preventive,7.13,1756.68,False,Delta Upgrade Crew
2111,20250807,72,4,Corrective,20.67,12023.2,False,Alpha Field Team
2112,20251124,58,1,Preventive,5.67,5203.89,False,Island Logistics Team
2113,20250326,178,4,Upgrade,10.18,6946.08,False,Island Logistics Team
2114,20250301,99,3,Upgrade,20.28,8971.64,False,Bravo Reliability Team
2115,20240902,184,5,Upgrade,20.83,12805.85,False,Delta Upgrade Crew
2116,20240907,235,3,Inspection,1.33,1633.16,False,Delta Upgrade Crew
2117,20240324,131,5,Inspection,0.96,1687.09,False,Bravo Reliability Team
2118,20240719,142,1,Corrective,28.19,15747.65,True,Central Response Team
2119,20240819,208,4,Corrective,12.26,7561.1,True,Island Logistics Team
2120,20240710,89,1,Corrective,27.61,8980.61,True,Alpha Field Team
2121,20240417,103,3,Inspection,3.28,1075.78,False,Central Response Team
2122,20240326,207,2,Corrective,26.6,12646.04,True,Delta Upgrade Crew
2123,20251001,125,1,Preventive,8.83,2315.73,False,Bravo Reliability Team
2124,20250220,47,1,Upgrade,25.75,12481.24,False,Island Logistics Team
2125,20241120,145,1,Inspection,1.89,1575.57,False,Bravo Reliability Team
2126,20240220,122,1,Corrective,20.79,5073.59,True,Delta Upgrade Crew
2127,20240814,11,4,Preventive,3.74,4093.82,False,Alpha Field Team
2128,20250618,22,3,Corrective,15.07,6057.93,True,Alpha Field Team
2129,20240730,135,1,Corrective,27.19,13012.7,True,Alpha Field Team
2130,20240210,208,4,Preventive,1.99,1967.2,False,Island Logistics Team
2131,20241104,191,1,Upgrade,12.42,17515.32,False,Central Response Team
2132,20240806,245,1,Corrective,24.48,17435.16,True,Island Logistics Team
2133,20240417,135,1,Preventive,6.28,2188.37,False,Alpha Field Team
2134,20240801,97,2,Preventive,3.12,1430.62,False,Alpha Field Team
2135,20240618,1,4,Inspection,2.76,720.34,False,Bravo Reliability Team
2136,20250128,194,1,Preventive,2.74,2960.06,False,Central Response Team
2137,20250127,242,2,Inspection,0.94,771.26,False,Central Response Team
2138,20250402,229,1,Corrective,19.69,17378.27,True,Alpha Field Team
2139,20241210,85,5,Inspection,3.01,709.71,False,Central Response Team
2140,20250327,62,4,Upgrade,19.53,15150.26,False,Island Logistics Team
2141,20240420,105,3,Inspection,1.01,987.1,False,Alpha Field Team
2142,20251025,42,2,Inspection,1.48,334.72,False,Island Logistics Team
2143,20251017,126,1,Upgrade,25.61,12408.71,False,Central Response Team
2144,20250919,137,5,Preventive,5.17,1647.93,False,Delta Upgrade Crew
2145,20240915,229,1,Corrective,19.08,9196.6,True,Delta Upgrade Crew
2146,20250412,77,1,Preventive,4.5,1717.59,False,Alpha Field Team
2147,20240320,36,3,Preventive,2.58,2318.58,False,Bravo Reliability Team
2148,20240729,179,1,Corrective,26.15,11136.22,True,Delta Upgrade Crew
2149,20240302,152,4,Inspection,0.94,1031.37,False,Bravo Reliability Team
2150,20251028,121,4,Corrective,8.25,10134.85,True,Delta Upgrade Crew
2151,20241107,120,4,Corrective,38.67,9496.73,True,Bravo Reliability Team
2152,20250917,79,1,Upgrade,10.7,15921.3,False,Central Response Team
2153,20240815,135,1,Corrective,17.13,11156.66,False,Island Logistics Team
2154,20251207,81,5,Inspection,2.49,1868.56,False,Alpha Field Team
2155,20241225,89,1,Preventive,3.07,3563.53,False,Central Response Team
2156,20250529,171,1,Inspection,3.33,2775.88,False,Alpha Field Team
2157,20250731,41,1,Inspection,2.68,1921.44,False,Bravo Reliability Team
2158,20240815,32,1,Corrective,32.66,7282.33,True,Island Logistics Team
2159,20240501,73,5,Corrective,18.2,19108.77,True,Central Response Team
2160,20250807,100,3,Preventive,3.52,3377.55,False,Delta Upgrade Crew
2161,20241122,236,3,Inspection,1.02,520.97,False,Bravo Reliability Team
2162,20240914,152,4,Corrective,22.09,11656.73,True,Central Response Team
2163,20240808,18,1,Preventive,3.05,3672.91,False,Bravo Reliability Team
2164,20240716,124,4,Corrective,28.34,11426.87,False,Delta Upgrade Crew
2165,20241219,109,4,Inspection,2.14,1259.85,False,Island Logistics Team
2166,20241011,37,1,Upgrade,18.49,30487.31,False,Island Logistics Team
2167,20240302,75,1,Corrective,17.78,8926.25,True,Central Response Team
2168,20250722,51,5,Corrective,12.78,7306.02,True,Island Logistics Team
2169,20251203,207,2,Inspection,2.09,1195.17,False,Central Response Team
2170,20250111,39,1,Corrective,22.92,18500.25,True,Central Response Team
2171,20250312,17,3,Corrective,21.09,9442.58,False,Delta Upgrade Crew
2172,20240320,153,1,Preventive,2.64,2110.25,False,Central Response Team
2173,20251222,87,2,Corrective,17.41,5561.28,False,Alpha Field Team
2174,20240122,241,2,Preventive,2.67,3104.25,False,Bravo Reliability Team
2175,20240531,223,1,Upgrade,6.99,22007.02,False,Island Logistics Team
2176,20250626,48,2,Preventive,4.19,1640.64,False,Central Response Team
2177,20240321,21,3,Inspection,2.22,1843.49,False,Alpha Field Team
2178,20251205,5,1,Inspection,1.36,677.94,False,Delta Upgrade Crew
2179,20251009,181,1,Upgrade,14.29,33055.33,False,Alpha Field Team
2180,20240701,187,5,Inspection,1.31,867.58,False,Central Response Team
2181,20250319,222,5,Corrective,20.71,4588.17,False,Delta Upgrade Crew
2182,20251104,209,4,Upgrade,15.17,16618.57,False,Central Response Team
2183,20251009,96,5,Corrective,30.72,4547.09,True,Alpha Field Team
2184,20240316,132,1,Corrective,8.39,11029.91,True,Bravo Reliability Team
2185,20240626,218,1,Inspection,0.89,960.66,False,Central Response Team
2186,20251212,58,1,Preventive,6.83,1950.42,False,Alpha Field Team
2187,20240330,139,4,Inspection,2.66,384.4,False,Bravo Reliability Team
2188,20240404,237,1,Preventive,4.72,3746.52,False,Island Logistics Team
2189,20251212,45,4,Upgrade,11.66,22591.59,False,Alpha Field Team
2190,20240919,207,2,Preventive,4.2,1782.91,False,Delta Upgrade Crew
2191,20250701,114,2,Preventive,1.96,1481.71,False,Bravo Reliability Team
2192,20250602,21,3,Corrective,21.29,4776.69,True,Bravo Reliability Team
2193,20250429,131,5,Upgrade,15.36,21122.58,False,Delta Upgrade Crew
2194,20240220,150,4,Upgrade,18.69,16337.97,False,Central Response Team
2195,20240719,3,2,Preventive,1.55,2306.54,False,Island Logistics Team
2196,20250705,17,3,Upgrade,12.35,6548.34,False,Alpha Field Team
2197,20250324,14,3,Corrective,30.09,11151.47,True,Central Response Team
2198,20250122,200,4,Upgrade,12.21,9933.13,False,Island Logistics Team
2199,20240131,80,4,Upgrade,9.37,4929.83,False,Island Logistics Team
2200,20250703,54,1,Corrective,34.98,5489.47,False,Central Response Team
2201,20241126,148,3,Inspection,3.36,1994.38,False,Island Logistics Team
2202,20250814,159,5,Corrective,45.62,11119.13,True,Central Response Team
2203,20240612,238,2,Upgrade,4.65,5735.02,False,Central Response Team
2204,20240721,36,3,Corrective,20.94,13159.59,True,Bravo Reliability Team
2205,20251209,159,5,Inspection,4.11,913.29,False,Bravo Reliability Team
2206,20240610,223,1,Corrective,37.85,10661.09,True,Delta Upgrade Crew
2207,20251226,166,1,Preventive,5.75,4777.26,False,Alpha Field Team
2208,20240126,158,4,Inspection,2.53,760.49,False,Alpha Field Team
2209,20240812,102,3,Corrective,32.23,6655.63,True,Delta Upgrade Crew
2210,20240701,122,1,Upgrade,13.38,8181.9,False,Bravo Reliability Team
2211,20241203,78,3,Preventive,3.8,2709.94,False,Alpha Field Team
2212,20251127,214,4,Corrective,29.35,3763.34,False,Central Response Team
2213,20250727,66,5,Upgrade,7.14,20378.13,False,Bravo Reliability Team
2214,20241103,162,4,Corrective,20.03,10405.16,True,Bravo Reliability Team
2215,20251006,234,5,Corrective,30.41,12396.09,False,Alpha Field Team
2216,20250113,77,1,Corrective,16.04,14336.1,True,Alpha Field Team
2217,20240526,211,3,Inspection,3.06,1409.26,False,Delta Upgrade Crew
2218,20250602,75,1,Corrective,41.02,13921.52,True,Alpha Field Team
2219,20240311,185,1,Corrective,25.17,20286.31,True,Central Response Team
2220,20250504,63,1,Corrective,25.11,12366.07,True,Delta Upgrade Crew
2221,20240117,194,1,Corrective,8.5,10085.99,False,Island Logistics Team
2222,20250215,209,4,Corrective,15.95,7173.61,False,Alpha Field Team
2223,20250802,98,3,Corrective,26.86,6190.42,True,Central Response Team
2224,20250520,147,1,Inspection,3.46,2134.09,False,Central Response Team
2225,20240903,175,5,Corrective,35.19,9904.28,True,Central Response Team
2226,20250712,174,5,Corrective,13.65,11311.69,False,Delta Upgrade Crew
2227,20240709,64,1,Corrective,22.32,7695.21,True,Central Response Team
2228,20240725,118,1,Corrective,31.67,21858.12,True,Central Response Team
2229,20250617,233,3,Corrective,26.0,9461.22,True,Alpha Field Team
2230,20240825,33,5,Corrective,27.1,13010.11,True,Island Logistics Team
2231,20250705,215,4,Corrective,21.51,6000.43,False,Island Logistics Team
2232,20241221,30,4,Preventive,3.58,3929.54,False,Central Response Team
2233,20240806,131,5,Preventive,3.29,1210.66,False,Alpha Field Team
2234,20250204,58,1,Corrective,18.56,6667.23,False,Delta Upgrade Crew
2235,20241025,69,4,Upgrade,18.8,6589.44,False,Delta Upgrade Crew
2236,20250712,141,4,Upgrade,17.09,9274.64,False,Delta Upgrade Crew
2237,20240513,210,1,Corrective,41.9,17496.16,False,Central Response Team
2238,20240621,179,1,Preventive,9.53,2907.25,False,Delta Upgrade Crew
2239,20241023,31,2,Inspection,2.89,1613.5,False,Central Response Team
2240,20240228,158,4,Preventive,5.38,2207.93,False,Alpha Field Team
2241,20240905,1,4,Preventive,2.11,1035.96,False,Central Response Team
2242,20250827,25,2,Preventive,4.03,1675.69,False,Alpha Field Team
2243,20250328,87,2,Inspection,0.56,1172.4,False,Bravo Reliability Team
2244,20241029,100,3,Preventive,6.75,3961.77,False,Delta Upgrade Crew
2245,20251205,212,2,Preventive,5.02,1186.61,False,Delta Upgrade Crew
2246,20240301,225,3,Preventive,2.6,994.36,False,Alpha Field Team
2247,20240304,196,1,Corrective,26.91,7856.01,True,Island Logistics Team
2248,20240102,34,5,Inspection,3.06,1657.3,False,Alpha Field Team
2249,20241108,39,1,Corrective,33.84,8732.48,False,Central Response Team
2250,20250831,67,2,Inspection,2.0,860.12,False,Alpha Field Team
2251,20251018,73,5,Corrective,10.35,8935.01,True,Bravo Reliability Team
2252,20240120,133,1,Preventive,9.49,1741.05,False,Alpha Field Team
2253,20250524,179,1,Corrective,22.5,13462.03,True,Island Logistics Team
2254,20240823,53,5,Inspection,1.79,1563.27,False,Central Response Team
2255,20250719,150,4,Upgrade,6.13,8269.36,False,Alpha Field Team
2256,20250528,40,3,Corrective,9.99,7339.07,True,Bravo Reliability Team
2257,20240526,136,4,Corrective,8.27,9558.26,False,Bravo Reliability Team
2258,20240104,26,2,Preventive,2.09,1305.33,False,Central Response Team
2259,20240126,47,1,Preventive,2.99,5545.97,False,Bravo Reliability Team
2260,20241215,187,5,Preventive,2.62,2795.28,False,Central Response Team
2261,20250105,120,4,Inspection,2.57,597.04,False,Bravo Reliability Team
2262,20250508,231,1,Inspection,1.54,1587.24,False,Alpha Field Team
2263,20251011,149,5,Upgrade,8.05,14379.9,False,Alpha Field Team
2264,20251107,240,3,Corrective,18.91,5317.32,True,Island Logistics Team
2265,20250309,193,3,Preventive,2.21,1880.79,False,Bravo Reliability Team
2266,20250706,2,1,Corrective,50.16,13180.94,True,Island Logistics Team
2267,20240607,106,1,Preventive,7.56,4432.41,False,Alpha Field Team
2268,20250517,59,5,Inspection,1.37,1843.02,False,Delta Upgrade Crew
2269,20240916,248,1,Upgrade,12.96,32188.89,False,Bravo Reliability Team
2270,20250108,237,1,Preventive,6.13,3053.81,False,Central Response Team
2271,20250124,165,3,Corrective,17.12,19368.53,True,Delta Upgrade Crew
2272,20240131,195,2,Preventive,3.93,1744.89,False,Delta Upgrade Crew
2273,20240601,239,4,Upgrade,10.59,11332.87,False,Central Response Team
2274,20241010,233,3,Corrective,16.37,12455.03,True,Alpha Field Team
2275,20240902,93,1,Preventive,7.4,4415.06,False,Bravo Reliability Team
2276,20251108,138,3,Corrective,16.36,4763.11,True,Bravo Reliability Team
2277,20251102,189,5,Preventive,4.74,4092.29,False,Island Logistics Team
2278,20240815,136,4,Inspection,2.35,2124.59,False,Island Logistics Team
2279,20250521,45,4,Inspection,0.82,887.7,False,Alpha Field Team
2280,20251127,161,4,Upgrade,18.03,14805.07,False,Alpha Field Team
2281,20250329,114,2,Inspection,0.91,1112.31,False,Island Logistics Team
2282,20251107,53,5,Preventive,3.1,3309.31,False,Delta Upgrade Crew
2283,20240622,111,1,Corrective,17.43,11132.31,True,Alpha Field Team
2284,20251124,81,5,Preventive,3.88,1834.69,False,Alpha Field Team
2285,20240626,16,1,Inspection,2.75,2251.42,False,Central Response Team
2286,20250511,184,5,Inspection,1.54,1575.05,False,Central Response Team
2287,20240311,158,4,Preventive,2.64,1705.96,False,Alpha Field Team
2288,20251004,135,1,Preventive,5.51,2925.78,False,Bravo Reliability Team
2289,20240405,37,1,Inspection,3.04,2389.72,False,Alpha Field Team
2290,20250731,217,2,Corrective,15.41,8197.19,False,Island Logistics Team
2291,20240506,43,1,Preventive,3.6,4960.48,False,Central Response Team
2292,20240228,70,4,Preventive,4.44,2135.47,False,Delta Upgrade Crew
2293,20240831,121,4,Preventive,4.86,3610.42,False,Delta Upgrade Crew
2294,20241209,235,3,Corrective,20.75,4015.5,True,Delta Upgrade Crew
2295,20240513,236,3,Inspection,0.93,1572.47,False,Alpha Field Team
2296,20240307,94,3,Inspection,0.91,1051.98,False,Delta Upgrade Crew
2297,20251203,1,4,Corrective,21.6,7636.66,True,Delta Upgrade Crew
2298,20250114,178,4,Corrective,6.43,3842.58,False,Island Logistics Team
2299,20250826,63,1,Corrective,37.71,15268.52,True,Island Logistics Team
2300,20240225,17,3,Corrective,20.77,7837.0,False,Delta Upgrade Crew
2301,20251111,186,1,Inspection,2.14,988.01,False,Delta Upgrade Crew
2302,20240513,62,4,Inspection,1.96,963.34,False,Alpha Field Team
2303,20240409,109,4,Preventive,6.52,3764.96,False,Central Response Team
2304,20240911,92,2,Upgrade,15.39,7823.51,False,Delta Upgrade Crew
2305,20250123,88,1,Corrective,20.47,5717.73,True,Bravo Reliability Team
2306,20251128,185,1,Upgrade,16.14,25128.09,False,Delta Upgrade Crew
2307,20251128,188,5,Inspection,0.82,1481.91,False,Delta Upgrade Crew
2308,20240427,54,1,Preventive,4.88,4247.93,False,Delta Upgrade Crew
2309,20241013,185,1,Preventive,3.97,3316.29,False,Bravo Reliability Team
2310,20250615,143,2,Upgrade,10.15,10651.54,False,Bravo Reliability Team
2311,20251010,126,1,Corrective,23.86,11045.14,True,Island Logistics Team
2312,20240109,171,1,Upgrade,19.19,25895.83,False,Central Response Team
2313,20250301,172,2,Inspection,3.05,512.22,False,Alpha Field Team
2314,20240131,2,1,Corrective,12.25,11942.37,False,Bravo Reliability Team
2315,20240414,249,5,Corrective,36.03,9061.93,True,Alpha Field Team
2316,20241129,243,4,Corrective,27.51,8181.13,True,Bravo Reliability Team
2317,20251101,186,1,Corrective,28.88,13019.06,True,Bravo Reliability Team
2318,20250922,163,4,Preventive,1.67,2965.68,False,Alpha Field Team
2319,20251102,237,1,Preventive,2.7,5121.63,False,Alpha Field Team
2320,20250304,110,2,Inspection,1.84,922.49,False,Island Logistics Team
2321,20240228,150,4,Corrective,20.69,11308.91,True,Central Response Team
2322,20240204,19,2,Inspection,2.84,990.73,False,Island Logistics Team
2323,20251122,174,5,Preventive,2.45,3378.54,False,Island Logistics Team
2324,20241006,143,2,Corrective,14.59,3276.06,True,Delta Upgrade Crew
2325,20240215,125,1,Corrective,50.04,18357.22,True,Island Logistics Team
2326,20240918,212,2,Inspection,1.04,913.38,False,Delta Upgrade Crew
2327,20251112,45,4,Corrective,37.22,6985.53,True,Alpha Field Team
2328,20250429,79,1,Corrective,30.17,9507.96,True,Delta Upgrade Crew
2329,20250107,100,3,Corrective,25.15,10604.3,False,Alpha Field Team
2330,20240827,96,5,Preventive,3.71,2090.6,False,Central Response Team
2331,20240920,123,3,Inspection,2.61,1684.95,False,Alpha Field Team
2332,20251017,200,4,Corrective,8.58,3048.48,False,Bravo Reliability Team
2333,20241216,148,3,Corrective,22.04,8997.82,False,Central Response Team
2334,20240615,27,1,Inspection,0.86,1399.88,False,Delta Upgrade Crew
2335,20240302,172,2,Inspection,0.69,860.15,False,Island Logistics Team
2336,20240405,32,1,Corrective,9.13,11232.54,False,Island Logistics Team
2337,20251204,58,1,Corrective,28.47,8819.36,True,Central Response Team
2338,20250620,94,3,Inspection,1.83,1494.95,False,Central Response Team
2339,20250220,22,3,Preventive,2.77,3115.62,False,Bravo Reliability Team
2340,20250611,70,4,Upgrade,17.12,11348.61,False,Island Logistics Team
2341,20241202,97,2,Corrective,19.76,6143.86,False,Island Logistics Team
2342,20240221,120,4,Corrective,38.18,13754.66,True,Central Response Team
2343,20240327,52,2,Inspection,2.08,1515.51,False,Delta Upgrade Crew
2344,20240427,24,2,Preventive,5.02,2026.23,False,Bravo Reliability Team
2345,20240502,82,2,Preventive,4.49,3759.24,False,Central Response Team
2346,20251211,133,1,Preventive,9.38,3094.5,False,Delta Upgrade Crew
2347,20240518,125,1,Preventive,5.38,2267.13,False,Delta Upgrade Crew
2348,20250816,25,2,Preventive,2.92,1041.31,False,Central Response Team
2349,20250102,39,1,Preventive,7.96,4363.15,False,Delta Upgrade Crew
2350,20250205,27,1,Upgrade,20.77,18821.3,False,Central Response Team
2351,20251014,163,4,Upgrade,12.87,14940.74,False,Bravo Reliability Team
2352,20250922,4,1,Corrective,17.29,5928.24,True,Island Logistics Team
2353,20241110,96,5,Inspection,1.28,815.1,False,Bravo Reliability Team
2354,20240523,12,2,Upgrade,8.66,13855.89,False,Island Logistics Team
2355,20251031,204,2,Preventive,4.72,3221.73,False,Alpha Field Team
2356,20251031,138,3,Preventive,3.37,1599.45,False,Alpha Field Team
2357,20251011,84,2,Inspection,1.36,1553.04,False,Island Logistics Team
2358,20240622,64,1,Inspection,3.61,1869.52,False,Bravo Reliability Team
2359,20251127,59,5,Upgrade,8.17,28276.74,False,Bravo Reliability Team
2360,20240418,134,3,Upgrade,13.3,18004.95,False,Island Logistics Team
2361,20240619,241,2,Inspection,1.57,1470.14,False,Delta Upgrade Crew
2362,20250527,150,4,Upgrade,16.11,8499.3,False,Bravo Reliability Team
2363,20251028,112,2,Inspection,1.19,521.99,False,Bravo Reliability Team
2364,20250527,184,5,Inspection,2.89,1009.63,False,Delta Upgrade Crew
2365,20250919,231,1,Corrective,39.97,13203.64,True,Bravo Reliability Team
2366,20240106,38,3,Preventive,3.23,3188.66,False,Delta Upgrade Crew
2367,20240204,67,2,Preventive,4.02,894.3,False,Delta Upgrade Crew
2368,20241215,199,1,Inspection,2.25,647.19,False,Central Response Team
2369,20250314,97,2,Preventive,2.18,2725.81,False,Alpha Field Team
2370,20240207,161,4,Upgrade,14.89,8638.76,False,Island Logistics Team
2371,20250923,161,4,Preventive,7.74,2949.06,False,Alpha Field Team
2372,20251122,219,3,Inspection,2.39,748.2,False,Island Logistics Team
2373,20250417,246,1,Preventive,5.88,1499.06,False,Delta Upgrade Crew
2374,20240913,200,4,Upgrade,13.23,4320.35,False,Island Logistics Team
2375,20241128,3,2,Preventive,4.9,920.03,False,Bravo Reliability Team
2376,20240912,59,5,Corrective,26.01,10214.46,True,Bravo Reliability Team
2377,20240815,230,5,Corrective,27.8,5723.9,False,Delta Upgrade Crew
2378,20250311,71,1,Corrective,13.11,8725.82,True,Bravo Reliability Team
2379,20240223,92,2,Preventive,1.83,3149.4,False,Central Response Team
2380,20240303,75,1,Preventive,6.53,3853.18,False,Bravo Reliability Team
2381,20240914,60,3,Inspection,2.58,414.03,False,Central Response Team
2382,20250710,211,3,Preventive,5.7,2212.53,False,Bravo Reliability Team
2383,20250519,32,1,Corrective,18.43,9851.31,True,Central Response Team
2384,20251002,127,3,Preventive,4.74,4270.59,False,Delta Upgrade Crew
2385,20250601,240,3,Corrective,13.89,16367.78,True,Bravo Reliability Team
2386,20240704,161,4,Inspection,0.91,1473.43,False,Alpha Field Team
2387,20240211,246,1,Upgrade,13.69,26198.93,False,Island Logistics Team
2388,20250829,117,5,Inspection,3.29,762.04,False,Bravo Reliability Team
2389,20250513,83,2,Upgrade,4.6,12556.35,False,Island Logistics Team
2390,20241210,124,4,Inspection,1.7,1232.47,False,Central Response Team
2391,20241114,114,2,Corrective,27.88,13467.67,False,Alpha Field Team
2392,20240607,119,1,Inspection,2.31,2412.52,False,Delta Upgrade Crew
2393,20251102,129,3,Corrective,36.18,8015.86,True,Island Logistics Team
2394,20251113,220,1,Corrective,29.33,15654.94,False,Bravo Reliability Team
2395,20240405,117,5,Corrective,20.72,13866.11,False,Central Response Team
2396,20250726,119,1,Preventive,2.03,4507.2,False,Alpha Field Team
2397,20251027,130,5,Preventive,4.94,3089.27,False,Alpha Field Team
2398,20240311,54,1,Preventive,2.6,2436.45,False,Island Logistics Team
2399,20250912,166,1,Corrective,32.41,5354.02,False,Island Logistics Team
2400,20240703,245,1,Preventive,3.67,5607.32,False,Alpha Field Team
2401,20250423,202,3,Inspection,2.73,1202.61,False,Delta Upgrade Crew
2402,20241124,103,3,Inspection,2.27,627.24,False,Island Logistics Team
2403,20250817,167,3,Preventive,4.44,3419.54,False,Central Response Team
2404,20241028,119,1,Preventive,4.11,4478.13,False,Bravo Reliability Team
2405,20241113,110,2,Inspection,0.6,389.73,False,Bravo Reliability Team
2406,20241024,171,1,Preventive,8.8,3984.76,False,Bravo Reliability Team
2407,20240111,194,1,Upgrade,12.75,21383.04,False,Delta Upgrade Crew
2408,20250614,59,5,Preventive,6.58,2254.41,False,Alpha Field Team
2409,20250313,28,3,Corrective,24.92,11445.97,True,Island Logistics Team
2410,20240523,230,5,Corrective,37.46,12316.36,True,Island Logistics Team
2411,20241202,61,1,Upgrade,15.98,9452.51,False,Central Response Team
2412,20240822,160,1,Inspection,1.31,1903.5,False,Island Logistics Team
2413,20250319,237,1,Preventive,7.7,2310.1,False,Delta Upgrade Crew
2414,20250224,192,1,Upgrade,16.42,29222.25,False,Bravo Reliability Team
2415,20250820,25,2,Preventive,4.2,1214.73,False,Central Response Team
2416,20250104,149,5,Upgrade,8.9,6822.27,False,Alpha Field Team
2417,20250427,19,2,Preventive,2.0,2093.9,False,Island Logistics Team
2418,20240408,192,1,Inspection,1.88,1784.82,False,Delta Upgrade Crew
2419,20241019,174,5,Preventive,3.47,1803.01,False,Central Response Team
2420,20250625,206,3,Inspection,2.04,425.48,False,Delta Upgrade Crew
2421,20250218,66,5,Inspection,2.3,1284.28,False,Delta Upgrade Crew
2422,20250802,144,4,Corrective,13.81,12956.08,True,Island Logistics Team
2423,20240726,196,1,Corrective,25.23,11468.77,True,Central Response Team
2424,20250314,82,2,Corrective,27.69,8487.74,True,Alpha Field Team
2425,20240604,171,1,Corrective,12.46,20347.31,True,Island Logistics Team
2426,20250420,56,2,Upgrade,9.85,6671.63,False,Bravo Reliability Team
2427,20250608,120,4,Upgrade,6.57,9603.91,False,Delta Upgrade Crew
2428,20251105,20,1,Upgrade,12.81,13950.4,False,Bravo Reliability Team
2429,20250514,130,5,Upgrade,14.54,17059.55,False,Alpha Field Team
2430,20240110,28,3,Preventive,4.01,2150.26,False,Island Logistics Team
2431,20241027,78,3,Preventive,1.78,2229.41,False,Island Logistics Team
2432,20240829,144,4,Corrective,8.02,12237.94,False,Island Logistics Team
2433,20250310,102,3,Corrective,15.57,13003.07,True,Bravo Reliability Team
2434,20250508,20,1,Corrective,25.44,7926.69,True,Island Logistics Team
2435,20240331,21,3,Corrective,8.55,10887.35,False,Bravo Reliability Team
2436,20240728,144,4,Corrective,32.21,14774.83,True,Delta Upgrade Crew
2437,20240626,197,2,Upgrade,16.34,17900.24,False,Bravo Reliability Team
2438,20250317,116,4,Preventive,6.31,3753.53,False,Bravo Reliability Team
2439,20250701,128,4,Preventive,4.83,2275.68,False,Central Response Team
2440,20240331,147,1,Corrective,14.91,13297.86,True,Alpha Field Team
2441,20250225,58,1,Preventive,7.83,3849.93,False,Bravo Reliability Team
2442,20240405,134,3,Corrective,22.24,7642.59,True,Central Response Team
2443,20250726,96,5,Corrective,21.06,6726.35,True,Alpha Field Team
2444,20250204,128,4,Upgrade,10.26,20813.91,False,Bravo Reliability Team
2445,20240712,114,2,Preventive,2.18,3867.98,False,Bravo Reliability Team
2446,20250928,19,2,Corrective,22.53,8922.23,False,Island Logistics Team
2447,20251108,173,4,Preventive,5.6,1313.67,False,Bravo Reliability Team
2448,20250515,99,3,Preventive,3.57,1508.59,False,Bravo Reliability Team
2449,20250617,82,2,Corrective,7.88,5034.25,False,Alpha Field Team
2450,20250101,64,1,Inspection,2.98,994.27,False,Central Response Team
2451,20250126,59,5,Corrective,13.6,7776.08,False,Central Response Team
2452,20240219,142,1,Corrective,24.79,16697.28,True,Island Logistics Team
2453,20250801,90,2,Inspection,1.02,994.39,False,Island Logistics Team
2454,20250126,30,4,Preventive,3.56,3652.8,False,Bravo Reliability Team
2455,20250119,37,1,Corrective,31.95,24318.7,True,Alpha Field Team
2456,20240526,245,1,Preventive,3.88,5045.16,False,Island Logistics Team
2457,20240706,177,1,Upgrade,14.31,22400.6,False,Delta Upgrade Crew
2458,20250420,144,4,Corrective,23.06,5548.88,True,Island Logistics Team
2459,20251010,67,2,Upgrade,7.71,15116.06,False,Bravo Reliability Team
2460,20240320,53,5,Corrective,35.92,8326.53,True,Alpha Field Team
2461,20241106,57,2,Preventive,4.07,2576.96,False,Island Logistics Team
2462,20250524,196,1,Inspection,1.08,2764.04,False,Island Logistics Team
2463,20240511,128,4,Preventive,4.98,2206.42,False,Delta Upgrade Crew
2464,20240606,91,5,Inspection,3.45,1252.62,False,Island Logistics Team
2465,20240601,223,1,Preventive,7.72,6044.97,False,Island Logistics Team
2466,20251006,172,2,Preventive,3.47,4001.7,False,Central Response Team
2467,20250411,124,4,Corrective,33.1,10021.34,False,Island Logistics Team
2468,20240306,126,1,Corrective,36.17,14257.7,False,Bravo Reliability Team
2469,20250911,115,2,Corrective,15.25,7335.44,True,Bravo Reliability Team
2470,20240430,151,1,Corrective,13.19,9726.82,True,Island Logistics Team
2471,20251003,20,1,Corrective,27.84,17978.59,False,Alpha Field Team
2472,20240412,89,1,Inspection,1.53,2182.89,False,Bravo Reliability Team
2473,20240921,11,4,Corrective,17.21,12803.97,True,Bravo Reliability Team
2474,20250917,25,2,Inspection,1.14,799.83,False,Delta Upgrade Crew
2475,20240911,18,1,Corrective,33.74,17827.11,True,Island Logistics Team
2476,20250929,51,5,Corrective,34.35,6163.5,True,Alpha Field Team
2477,20240926,113,1,Corrective,48.79,21947.71,True,Delta Upgrade Crew
2478,20250828,197,2,Corrective,23.32,10101.5,False,Bravo Reliability Team
2479,20251022,156,4,Preventive,6.57,1665.6,False,Island Logistics Team
2480,20240306,40,3,Corrective,11.96,11619.53,True,Island Logistics Team
2481,20241025,193,3,Corrective,29.03,14865.57,True,Island Logistics Team
2482,20240920,90,2,Inspection,1.0,323.77,False,Central Response Team
2483,20241001,220,1,Preventive,3.1,2076.78,False,Island Logistics Team
2484,20251018,113,1,Corrective,12.54,15263.31,True,Bravo Reliability Team
2485,20240902,125,1,Upgrade,21.73,19334.19,False,Central Response Team
2486,20240107,235,3,Inspection,1.34,1542.27,False,Bravo Reliability Team
2487,20240220,58,1,Upgrade,26.25,32225.34,False,Alpha Field Team
2488,20240626,180,5,Preventive,6.49,5107.13,False,Island Logistics Team
2489,20240813,113,1,Preventive,3.51,1814.98,False,Island Logistics Team
2490,20250225,18,1,Corrective,22.94,18981.29,True,Delta Upgrade Crew
2491,20240629,169,1,Corrective,35.6,22651.08,True,Bravo Reliability Team
2492,20240829,138,3,Corrective,29.34,14096.22,False,Alpha Field Team
2493,20240807,59,5,Preventive,7.06,2813.95,False,Delta Upgrade Crew
2494,20250919,70,4,Preventive,3.88,3239.61,False,Central Response Team
2495,20250510,230,5,Corrective,23.15,11255.64,True,Alpha Field Team
2496,20241126,22,3,Upgrade,12.34,23531.34,False,Central Response Team
2497,20240706,72,4,Inspection,2.27,537.97,False,Central Response Team
2498,20241228,81,5,Corrective,25.38,11105.2,True,Bravo Reliability Team
2499,20240722,18,1,Upgrade,21.67,14156.58,False,Alpha Field Team
2500,20251114,208,4,Upgrade,13.32,13554.3,False,Delta Upgrade Crew
2501,20250520,70,4,Corrective,10.22,9045.88,True,Alpha Field Team
2502,20241223,248,1,Corrective,45.21,22321.96,True,Central Response Team
2503,20240125,210,1,Corrective,35.61,9517.05,True,Central Response Team
2504,20240110,249,5,Corrective,28.48,11817.27,True,Bravo Reliability Team
2505,20240411,106,1,Corrective,43.9,16653.1,True,Alpha Field Team
2506,20250429,98,3,Upgrade,8.66,16605.0,False,Island Logistics Team
2507,20240730,113,1,Corrective,36.37,9490.57,True,Island Logistics Team
2508,20241221,132,1,Inspection,2.48,788.18,False,Central Response Team
2509,20240730,46,4,Corrective,38.36,11777.91,True,Alpha Field Team
2510,20251204,220,1,Corrective,19.59,19575.23,True,Delta Upgrade Crew
2511,20251203,10,3,Preventive,3.31,2431.41,False,Delta Upgrade Crew
2512,20250906,51,5,Corrective,17.07,10155.78,True,Alpha Field Team
2513,20251031,151,1,Corrective,35.27,5723.38,False,Delta Upgrade Crew
2514,20250101,32,1,Corrective,26.41,17005.62,True,Alpha Field Team
2515,20240721,186,1,Corrective,40.09,7762.56,True,Central Response Team
2516,20240614,143,2,Inspection,1.34,1374.77,False,Island Logistics Team
2517,20240105,98,3,Preventive,1.56,4001.63,False,Central Response Team
2518,20240717,40,3,Corrective,16.56,10154.14,True,Central Response Team
2519,20250420,232,4,Corrective,11.22,3497.15,True,Delta Upgrade Crew
2520,20241209,142,1,Inspection,4.4,1559.08,False,Bravo Reliability Team
2521,20240613,164,1,Preventive,6.41,1857.36,False,Delta Upgrade Crew
2522,20241001,209,4,Upgrade,16.83,9576.98,False,Island Logistics Team
2523,20240601,23,3,Inspection,1.96,1512.58,False,Alpha Field Team
2524,20241031,212,2,Preventive,2.1,1807.92,False,Central Response Team
2525,20250329,58,1,Preventive,8.36,4148.89,False,Bravo Reliability Team
2526,20241105,91,5,Inspection,4.08,1398.22,False,Delta Upgrade Crew
2527,20250321,246,1,Corrective,33.97,14329.63,True,Bravo Reliability Team
2528,20250927,15,3,Corrective,23.48,4633.51,True,Delta Upgrade Crew
2529,20250223,99,3,Preventive,4.54,1656.41,False,Central Response Team
2530,20241231,1,4,Inspection,2.6,700.77,False,Delta Upgrade Crew
2531,20250128,180,5,Inspection,1.5,1151.6,False,Alpha Field Team
2532,20241104,207,2,Preventive,2.85,3550.0,False,Alpha Field Team
2533,20250323,54,1,Corrective,33.59,15230.77,True,Delta Upgrade Crew
2534,20250119,89,1,Corrective,25.89,21299.1,True,Central Response Team
2535,20241026,16,1,Corrective,18.31,8014.71,True,Delta Upgrade Crew
2536,20240125,19,2,Preventive,1.78,979.7,False,Delta Upgrade Crew
2537,20241212,170,4,Upgrade,16.05,19546.71,False,Central Response Team
2538,20241215,123,3,Corrective,23.94,9876.4,True,Bravo Reliability Team
2539,20240314,134,3,Corrective,24.61,17684.06,True,Delta Upgrade Crew
2540,20250205,78,3,Upgrade,13.66,18360.03,False,Alpha Field Team
2541,20240108,188,5,Preventive,3.41,3743.64,False,Central Response Team
2542,20250401,192,1,Corrective,11.14,6495.23,True,Island Logistics Team
2543,20250318,78,3,Corrective,7.26,9220.9,False,Delta Upgrade Crew
2544,20240924,16,1,Corrective,14.28,11617.01,True,Delta Upgrade Crew
2545,20250903,93,1,Preventive,3.92,2851.63,False,Alpha Field Team
2546,20250617,240,3,Corrective,20.89,5396.51,False,Island Logistics Team
2547,20250513,244,3,Corrective,22.95,8038.9,True,Central Response Team
2548,20251223,40,3,Upgrade,12.08,15180.65,False,Island Logistics Team
2549,20240104,38,3,Preventive,1.64,4094.36,False,Delta Upgrade Crew
2550,20250714,109,4,Preventive,3.34,4041.85,False,Bravo Reliability Team
2551,20250722,112,2,Inspection,0.38,856.98,False,Central Response Team
2552,20240922,184,5,Corrective,16.74,6930.82,True,Bravo Reliability Team
2553,20250803,219,3,Inspection,2.34,1524.76,False,Island Logistics Team
2554,20240805,121,4,Upgrade,10.92,11416.13,False,Island Logistics Team
2555,20240212,177,1,Preventive,4.3,5823.78,False,Delta Upgrade Crew
2556,20250911,141,4,Corrective,10.8,12500.76,False,Delta Upgrade Crew
2557,20250118,215,4,Preventive,4.65,1730.49,False,Island Logistics Team
2558,20240613,248,1,Inspection,3.18,877.83,False,Bravo Reliability Team
2559,20240409,129,3,Corrective,20.56,7519.29,False,Alpha Field Team
2560,20240323,165,3,Corrective,36.12,11851.27,True,Alpha Field Team
2561,20250326,26,2,Upgrade,5.02,18746.93,False,Island Logistics Team
2562,20240707,196,1,Inspection,2.73,2832.86,False,Island Logistics Team
2563,20251222,69,4,Upgrade,11.59,10688.18,False,Island Logistics Team
2564,20241016,135,1,Corrective,13.41,11738.47,False,Central Response Team
2565,20251125,135,1,Corrective,25.8,14647.01,True,Island Logistics Team
2566,20240227,181,1,Corrective,13.3,15404.61,True,Bravo Reliability Team
2567,20240311,7,5,Upgrade,17.48,20994.07,False,Alpha Field Team
2568,20250706,187,5,Preventive,4.56,3257.86,False,Island Logistics Team
2569,20250306,23,3,Preventive,4.39,2573.87,False,Island Logistics Team
2570,20240105,14,3,Preventive,6.5,3428.89,False,Bravo Reliability Team
2571,20251128,70,4,Inspection,2.17,607.98,False,Alpha Field Team
2572,20240529,109,4,Inspection,0.87,1105.49,False,Central Response Team
2573,20240929,111,1,Corrective,10.42,13273.44,True,Central Response Team
2574,20241209,224,1,Upgrade,18.8,17353.88,False,Central Response Team
2575,20250826,103,3,Preventive,2.85,3098.48,False,Island Logistics Team
2576,20240521,108,2,Preventive,3.24,1230.58,False,Delta Upgrade Crew
2577,20250811,199,1,Corrective,21.23,14596.92,True,Central Response Team
2578,20250627,54,1,Preventive,3.1,2579.53,False,Bravo Reliability Team
2579,20250613,226,3,Upgrade,8.03,18005.58,False,Alpha Field Team
2580,20250205,50,3,Corrective,8.5,8746.51,False,Alpha Field Team
2581,20240517,65,1,Corrective,51.87,12942.79,True,Bravo Reliability Team
2582,20240525,143,2,Inspection,1.91,810.88,False,Central Response Team
2583,20241211,2,1,Corrective,48.61,13627.17,True,Alpha Field Team
2584,20250527,16,1,Preventive,5.85,2834.25,False,Central Response Team
2585,20251027,200,4,Upgrade,12.5,14237.13,False,Delta Upgrade Crew
2586,20250324,147,1,Corrective,41.66,5409.66,True,Island Logistics Team
2587,20251027,151,1,Corrective,20.33,15677.23,True,Alpha Field Team
2588,20240426,54,1,Corrective,37.08,14437.94,True,Bravo Reliability Team
2589,20241019,184,5,Corrective,17.03,10891.07,False,Island Logistics Team
2590,20250726,152,4,Corrective,23.27,5641.41,False,Bravo Reliability Team
2591,20240516,160,1,Preventive,2.1,1415.95,False,Delta Upgrade Crew
2592,20241212,104,3,Upgrade,14.68,14023.37,False,Delta Upgrade Crew
2593,20240517,121,4,Corrective,19.81,4481.01,True,Bravo Reliability Team
2594,20250823,75,1,Inspection,4.06,2187.18,False,Bravo Reliability Team
2595,20250323,100,3,Corrective,17.26,16352.19,True,Alpha Field Team
2596,20251128,81,5,Inspection,4.39,1581.44,False,Bravo Reliability Team
2597,20241028,58,1,Preventive,8.88,6448.51,False,Central Response Team
2598,20240619,208,4,Upgrade,9.62,8100.79,False,Bravo Reliability Team
2599,20240127,135,1,Inspection,1.96,1022.03,False,Delta Upgrade Crew
2600,20240117,136,4,Preventive,3.22,3351.41,False,Bravo Reliability Team
2601,20240629,27,1,Preventive,2.89,4040.81,False,Central Response Team
2602,20240404,39,1,Corrective,15.28,8577.43,True,Island Logistics Team
2603,20240501,56,2,Preventive,4.97,2370.06,False,Island Logistics Team
2604,20250509,48,2,Upgrade,14.56,17283.83,False,Central Response Team
2605,20240919,149,5,Upgrade,15.78,16330.6,False,Delta Upgrade Crew
2606,20250712,138,3,Corrective,33.03,11349.35,True,Island Logistics Team
2607,20240808,21,3,Corrective,15.16,7060.69,False,Alpha Field Team
2608,20240210,51,5,Preventive,3.87,3317.0,False,Bravo Reliability Team
2609,20250107,170,4,Corrective,12.87,10642.17,False,Central Response Team
2610,20240804,29,5,Corrective,36.75,15383.38,True,Central Response Team
2611,20240606,94,3,Corrective,40.97,13776.21,True,Bravo Reliability Team
2612,20250831,193,3,Corrective,24.13,11130.13,True,Bravo Reliability Team
2613,20240405,116,4,Preventive,5.72,3666.13,False,Alpha Field Team
2614,20241221,189,5,Preventive,5.23,3271.82,False,Delta Upgrade Crew
2615,20240411,165,3,Inspection,1.56,932.07,False,Central Response Team
2616,20250731,227,1,Corrective,28.04,12038.0,True,Central Response Team
2617,20240125,41,1,Preventive,7.21,6403.02,False,Central Response Team
2618,20250204,173,4,Corrective,18.93,8443.7,False,Alpha Field Team
2619,20240227,145,1,Corrective,20.07,15588.51,True,Central Response Team
2620,20250719,181,1,Corrective,35.61,21643.44,True,Delta Upgrade Crew
2621,20250716,133,1,Corrective,42.05,13096.51,False,Delta Upgrade Crew
2622,20240907,148,3,Upgrade,13.43,7243.71,False,Island Logistics Team
2623,20250121,173,4,Upgrade,11.8,11424.01,False,Delta Upgrade Crew
2624,20240915,20,1,Corrective,17.47,17988.97,False,Alpha Field Team
2625,20250624,82,2,Corrective,24.34,12162.06,False,Bravo Reliability Team
2626,20240531,154,1,Upgrade,19.83,30229.33,False,Bravo Reliability Team
2627,20250808,235,3,Corrective,25.24,8103.51,False,Island Logistics Team
2628,20240922,204,2,Inspection,0.69,1014.09,False,Bravo Reliability Team
2629,20250809,232,4,Upgrade,10.68,17590.61,False,Bravo Reliability Team
2630,20250504,63,1,Corrective,13.15,15394.23,True,Alpha Field Team
2631,20250204,29,5,Preventive,2.88,4200.47,False,Delta Upgrade Crew
2632,20250729,109,4,Preventive,4.16,1467.02,False,Island Logistics Team
2633,20240127,82,2,Corrective,22.67,10339.86,False,Delta Upgrade Crew
2634,20241218,212,2,Corrective,21.94,7479.93,True,Delta Upgrade Crew
2635,20250810,131,5,Preventive,4.35,1100.35,False,Alpha Field Team
2636,20250317,148,3,Corrective,27.93,4523.28,False,Delta Upgrade Crew
2637,20240101,145,1,Corrective,34.97,19190.51,True,Bravo Reliability Team
2638,20250827,116,4,Upgrade,12.17,7029.27,False,Bravo Reliability Team
2639,20241108,71,1,Inspection,0.78,911.44,False,Delta Upgrade Crew
2640,20250602,196,1,Preventive,6.33,5245.88,False,Delta Upgrade Crew
2641,20240111,220,1,Inspection,2.91,2353.56,False,Bravo Reliability Team
2642,20250714,106,1,Corrective,48.87,17697.68,True,Island Logistics Team
2643,20250322,71,1,Inspection,1.66,915.37,False,Delta Upgrade Crew
2644,20240623,203,4,Inspection,3.9,1756.4,False,Bravo Reliability Team
2645,20240909,42,2,Upgrade,11.32,13749.56,False,Island Logistics Team
2646,20250513,10,3,Corrective,18.39,6234.46,True,Island Logistics Team
2647,20250807,22,3,Corrective,27.27,5543.51,True,Delta Upgrade Crew
2648,20250331,249,5,Corrective,28.3,12677.78,True,Delta Upgrade Crew
2649,20240523,132,1,Corrective,22.87,5144.32,True,Delta Upgrade Crew
2650,20250119,64,1,Inspection,0.84,1420.68,False,Central Response Team
2651,20241115,201,1,Corrective,18.58,19079.98,True,Bravo Reliability Team
2652,20250824,29,5,Inspection,3.35,1878.43,False,Bravo Reliability Team
2653,20240125,249,5,Corrective,36.57,15874.2,True,Bravo Reliability Team
2654,20241005,20,1,Upgrade,7.73,28685.7,False,Bravo Reliability Team
2655,20240104,59,5,Preventive,3.26,2486.03,False,Alpha Field Team
2656,20240312,249,5,Inspection,1.95,2662.75,False,Bravo Reliability Team
2657,20250115,157,1,Inspection,1.56,2940.96,False,Alpha Field Team
2658,20251217,20,1,Corrective,14.35,13159.71,True,Island Logistics Team
2659,20240915,138,3,Preventive,3.61,3290.45,False,Island Logistics Team
2660,20241207,226,3,Corrective,12.39,4075.85,True,Alpha Field Team
2661,20240809,2,1,Upgrade,15.05,19922.91,False,Central Response Team
2662,20240326,106,1,Inspection,2.95,2332.77,False,Bravo Reliability Team
2663,20241015,227,1,Inspection,0.83,1565.28,False,Island Logistics Team
2664,20240505,147,1,Inspection,0.78,1714.12,False,Island Logistics Team
2665,20241207,230,5,Preventive,6.43,2317.93,False,Island Logistics Team
2666,20240428,215,4,Inspection,2.56,1147.11,False,Central Response Team
2667,20240605,58,1,Inspection,1.28,1870.89,False,Alpha Field Team
2668,20240320,145,1,Corrective,42.54,19491.79,True,Delta Upgrade Crew
2669,20241228,43,1,Corrective,20.72,12973.42,False,Delta Upgrade Crew
2670,20251118,39,1,Corrective,41.39,20236.18,True,Bravo Reliability Team
2671,20241106,87,2,Upgrade,9.23,10340.05,False,Alpha Field Team
2672,20250912,93,1,Corrective,32.26,15848.9,True,Bravo Reliability Team
2673,20250124,149,5,Corrective,6.92,11178.39,False,Delta Upgrade Crew
2674,20250423,89,1,Upgrade,21.59,25103.98,False,Alpha Field Team
2675,20240106,70,4,Upgrade,9.37,5274.47,False,Island Logistics Team
2676,20250819,195,2,Preventive,4.56,3615.91,False,Bravo Reliability Team
2677,20241203,157,1,Corrective,18.7,15224.15,True,Delta Upgrade Crew
2678,20240301,56,2,Corrective,9.41,3729.01,False,Bravo Reliability Team
2679,20250113,38,3,Preventive,3.12,3859.86,False,Central Response Team
2680,20251019,152,4,Corrective,27.31,8002.32,True,Alpha Field Team
2681,20250203,35,2,Preventive,4.27,2197.65,False,Bravo Reliability Team
2682,20240617,158,4,Upgrade,11.14,15355.7,False,Bravo Reliability Team
2683,20251007,28,3,Inspection,0.96,963.93,False,Bravo Reliability Team
2684,20250801,182,1,Preventive,2.95,2483.58,False,Central Response Team
2685,20250820,22,3,Upgrade,10.76,18283.74,False,Delta Upgrade Crew
2686,20240417,7,5,Inspection,2.25,2158.88,False,Island Logistics Team
2687,20250723,80,4,Preventive,5.85,2792.99,False,Central Response Team
2688,20240428,126,1,Upgrade,23.26,28479.89,False,Delta Upgrade Crew
2689,20241206,55,2,Preventive,2.66,2159.07,False,Bravo Reliability Team
2690,20241114,223,1,Inspection,3.07,2689.32,False,Delta Upgrade Crew
2691,20241025,4,1,Corrective,33.48,10496.1,True,Island Logistics Team
2692,20250322,160,1,Inspection,1.61,1185.66,False,Delta Upgrade Crew
2693,20241126,84,2,Corrective,16.41,10411.05,False,Alpha Field Team
2694,20251126,38,3,Corrective,23.52,13966.14,True,Alpha Field Team
2695,20250626,187,5,Inspection,2.91,1200.31,False,Delta Upgrade Crew
2696,20250302,74,2,Preventive,1.41,1565.72,False,Alpha Field Team
2697,20240327,64,1,Inspection,3.39,865.08,False,Island Logistics Team
2698,20250531,78,3,Corrective,25.0,4971.64,False,Delta Upgrade Crew
2699,20251122,142,1,Preventive,5.12,3092.03,False,Bravo Reliability Team
2700,20250805,21,3,Upgrade,17.14,9969.32,False,Alpha Field Team
2701,20240718,138,3,Corrective,23.41,16498.89,True,Island Logistics Team
2702,20240421,6,1,Preventive,3.88,3293.43,False,Bravo Reliability Team
2703,20241102,31,2,Preventive,5.23,2330.37,False,Alpha Field Team
2704,20240602,53,5,Upgrade,6.43,21495.92,False,Alpha Field Team
2705,20250828,237,1,Inspection,4.19,2038.95,False,Island Logistics Team
2706,20240806,63,1,Upgrade,22.1,29565.99,False,Island Logistics Team
2707,20251006,188,5,Corrective,25.86,10655.46,True,Bravo Reliability Team
2708,20250115,228,2,Upgrade,5.83,8120.82,False,Island Logistics Team
2709,20240712,146,3,Corrective,19.18,8198.37,False,Island Logistics Team
2710,20250217,125,1,Preventive,5.83,5808.81,False,Alpha Field Team
2711,20250217,71,1,Inspection,2.51,1477.27,False,Bravo Reliability Team
2712,20250128,181,1,Inspection,4.06,2335.82,False,Alpha Field Team
2713,20240703,59,5,Inspection,2.58,2570.26,False,Island Logistics Team
2714,20240719,106,1,Preventive,5.68,2498.95,False,Island Logistics Team
2715,20250319,132,1,Inspection,1.73,1149.83,False,Island Logistics Team
2716,20250817,66,5,Preventive,5.04,2741.29,False,Island Logistics Team
2717,20250405,46,4,Corrective,24.83,9370.16,True,Central Response Team
2718,20240216,29,5,Corrective,16.06,16895.27,False,Alpha Field Team
2719,20250529,241,2,Inspection,0.64,1005.53,False,Central Response Team
2720,20250222,102,3,Inspection,2.18,1973.97,False,Bravo Reliability Team
2721,20250504,56,2,Corrective,16.14,10645.56,True,Alpha Field Team
2722,20241101,82,2,Preventive,1.68,1629.81,False,Bravo Reliability Team
2723,20240205,125,1,Inspection,4.54,1909.17,False,Island Logistics Team
2724,20241221,127,3,Upgrade,10.96,10214.98,False,Alpha Field Team
2725,20251217,208,4,Corrective,9.96,3939.76,False,Island Logistics Team
2726,20240204,32,1,Inspection,0.57,1841.47,False,Bravo Reliability Team
2727,20250525,16,1,Inspection,3.96,673.12,False,Delta Upgrade Crew
2728,20251207,68,4,Inspection,1.02,1318.49,False,Central Response Team
2729,20240814,48,2,Upgrade,16.57,20378.46,False,Delta Upgrade Crew
2730,20250802,238,2,Preventive,5.4,3676.64,False,Delta Upgrade Crew
2731,20241216,31,2,Corrective,26.18,7962.23,False,Island Logistics Team
2732,20240108,67,2,Upgrade,7.91,15551.81,False,Delta Upgrade Crew
2733,20240415,31,2,Upgrade,15.08,14068.81,False,Island Logistics Team
2734,20240702,195,2,Upgrade,17.56,13579.08,False,Island Logistics Team
2735,20240913,52,2,Inspection,2.36,1264.07,False,Alpha Field Team
2736,20250328,18,1,Corrective,25.91,17029.57,False,Alpha Field Team
2737,20251001,79,1,Corrective,34.92,14382.51,True,Delta Upgrade Crew
2738,20240220,228,2,Corrective,33.07,15172.11,True,Central Response Team
2739,20240322,204,2,Preventive,2.2,3713.64,False,Delta Upgrade Crew
2740,20241115,102,3,Corrective,14.41,9528.79,True,Island Logistics Team
2741,20250304,205,4,Corrective,19.61,4857.62,True,Delta Upgrade Crew
2742,20250922,205,4,Preventive,2.08,2762.57,False,Central Response Team
2743,20250605,83,2,Preventive,5.9,3022.85,False,Delta Upgrade Crew
2744,20240613,78,3,Corrective,36.91,15251.76,True,Alpha Field Team
2745,20240626,145,1,Inspection,3.18,2262.3,False,Delta Upgrade Crew
2746,20251129,88,1,Inspection,1.8,914.71,False,Island Logistics Team
2747,20250722,13,3,Corrective,17.3,9442.57,False,Island Logistics Team
2748,20250408,183,2,Corrective,21.01,3968.48,True,Central Response Team
2749,20250330,76,5,Corrective,9.37,4546.63,False,Bravo Reliability Team
2750,20251005,220,1,Upgrade,8.27,12780.32,False,Alpha Field Team
2751,20251008,124,4,Upgrade,12.52,13540.9,False,Delta Upgrade Crew
2752,20240306,78,3,Inspection,2.77,1740.3,False,Delta Upgrade Crew
2753,20240601,2,1,Preventive,2.96,4545.72,False,Island Logistics Team
2754,20240611,173,4,Preventive,2.27,3097.21,False,Island Logistics Team
2755,20250116,49,3,Preventive,2.4,3848.09,False,Central Response Team
2756,20250531,165,3,Preventive,6.96,2408.46,False,Island Logistics Team
2757,20240619,145,1,Inspection,1.77,1560.14,False,Bravo Reliability Team
2758,20250423,170,4,Upgrade,12.41,9461.2,False,Island Logistics Team
2759,20250103,160,1,Corrective,9.62,14909.81,True,Bravo Reliability Team
2760,20240625,241,2,Inspection,2.0,387.52,False,Bravo Reliability Team
2761,20240729,64,1,Inspection,3.66,1566.59,False,Delta Upgrade Crew
2762,20250408,203,4,Upgrade,12.95,18824.17,False,Delta Upgrade Crew
2763,20241215,5,1,Corrective,15.2,9546.83,True,Bravo Reliability Team
2764,20240920,166,1,Corrective,24.28,5738.59,True,Delta Upgrade Crew
2765,20240929,149,5,Upgrade,9.16,8727.78,False,Island Logistics Team
2766,20241219,222,5,Corrective,32.84,13145.43,True,Island Logistics Team
2767,20240811,231,1,Corrective,41.43,17071.33,True,Bravo Reliability Team
2768,20240522,75,1,Preventive,6.37,5736.65,False,Delta Upgrade Crew
2769,20240626,118,1,Corrective,33.92,20659.25,True,Island Logistics Team
2770,20250806,141,4,Upgrade,19.51,15490.99,False,Central Response Team
2771,20250920,132,1,Corrective,10.03,11760.22,True,Delta Upgrade Crew
2772,20250527,9,1,Inspection,0.81,1675.08,False,Central Response Team
2773,20241020,62,4,Corrective,34.46,12041.81,False,Central Response Team
2774,20240517,10,3,Preventive,1.56,3199.22,False,Central Response Team
2775,20240120,80,4,Inspection,2.02,510.19,False,Central Response Team
2776,20250610,246,1,Corrective,39.92,15831.78,True,Alpha Field Team
2777,20250921,200,4,Upgrade,13.64,7890.36,False,Alpha Field Team
2778,20240409,132,1,Upgrade,7.15,24452.98,False,Central Response Team
2779,20250618,223,1,Inspection,2.65,1217.16,False,Central Response Team
2780,20240111,9,1,Upgrade,11.86,18971.89,False,Alpha Field Team
2781,20251018,156,4,Preventive,4.71,2511.84,False,Island Logistics Team
2782,20251017,5,1,Upgrade,13.36,18738.2,False,Delta Upgrade Crew
2783,20250821,2,1,Corrective,45.76,22346.49,True,Island Logistics Team
2784,20240624,209,4,Corrective,20.72,6329.75,True,Bravo Reliability Team
2785,20250620,108,2,Preventive,3.1,2434.27,False,Bravo Reliability Team
2786,20240330,196,1,Corrective,17.36,14148.03,True,Alpha Field Team
2787,20250807,83,2,Preventive,1.98,4038.7,False,Bravo Reliability Team
2788,20240526,52,2,Inspection,1.44,730.89,False,Island Logistics Team
2789,20240901,195,2,Inspection,1.45,1210.0,False,Delta Upgrade Crew
2790,20240601,193,3,Preventive,3.38,3263.39,False,Island Logistics Team
2791,20250529,90,2,Inspection,1.25,781.03,False,Alpha Field Team
2792,20250517,199,1,Corrective,19.38,12725.97,False,Bravo Reliability Team
2793,20240327,45,4,Inspection,3.61,990.82,False,Delta Upgrade Crew
2794,20250724,2,1,Inspection,0.89,2133.56,False,Delta Upgrade Crew
2795,20240520,170,4,Inspection,1.14,1014.75,False,Central Response Team
2796,20240306,59,5,Preventive,7.61,4193.07,False,Central Response Team
2797,20240918,106,1,Preventive,3.57,5636.74,False,Delta Upgrade Crew
2798,20250704,155,5,Inspection,0.83,617.76,False,Island Logistics Team
2799,20250526,128,4,Corrective,33.84,8062.39,True,Island Logistics Team
2800,20240104,59,5,Inspection,1.59,1348.24,False,Island Logistics Team
2801,20241007,90,2,Upgrade,8.03,11079.88,False,Central Response Team
2802,20250902,142,1,Corrective,26.62,11142.23,True,Island Logistics Team
2803,20241217,158,4,Upgrade,8.14,9669.98,False,Delta Upgrade Crew
2804,20250807,216,3,Preventive,7.07,1863.81,False,Central Response Team
2805,20240627,167,3,Corrective,17.53,13560.77,False,Bravo Reliability Team
2806,20251118,196,1,Corrective,30.0,19991.29,False,Island Logistics Team
2807,20250817,150,4,Preventive,4.03,3153.27,False,Central Response Team
2808,20240716,62,4,Preventive,3.97,1882.3,False,Bravo Reliability Team
2809,20250704,135,1,Corrective,30.4,11207.16,True,Delta Upgrade Crew
2810,20251122,222,5,Corrective,9.63,9670.61,False,Alpha Field Team
2811,20250210,98,3,Corrective,26.41,14751.35,True,Delta Upgrade Crew
2812,20240301,244,3,Preventive,4.95,2657.47,False,Bravo Reliability Team
2813,20240617,192,1,Corrective,21.8,20287.86,True,Alpha Field Team
2814,20251123,157,1,Inspection,1.06,1887.06,False,Central Response Team
2815,20251025,39,1,Inspection,4.19,2687.41,False,Island Logistics Team
2816,20241116,24,2,Preventive,4.3,3404.34,False,Island Logistics Team
2817,20241216,61,1,Corrective,16.94,16363.66,True,Central Response Team
2818,20251020,195,2,Preventive,2.1,3189.65,False,Alpha Field Team
2819,20240410,57,2,Corrective,11.68,3898.85,True,Bravo Reliability Team
2820,20240506,85,5,Preventive,4.46,5114.08,False,Bravo Reliability Team
2821,20241227,45,4,Corrective,37.97,11018.47,True,Bravo Reliability Team
2822,20250227,53,5,Inspection,3.36,1678.99,False,Central Response Team
2823,20251217,159,5,Preventive,4.19,5012.3,False,Delta Upgrade Crew
2824,20250606,217,2,Preventive,4.5,2604.86,False,Bravo Reliability Team
2825,20240915,132,1,Inspection,1.43,2317.47,False,Central Response Team
2826,20250505,210,1,Upgrade,22.44,27908.64,False,Bravo Reliability Team
2827,20250714,50,3,Preventive,2.58,3933.73,False,Bravo Reliability Team
2828,20250810,48,2,Preventive,2.1,2380.07,False,Island Logistics Team
2829,20250805,245,1,Corrective,15.44,11650.36,True,Central Response Team
2830,20240224,15,3,Upgrade,10.29,11650.31,False,Bravo Reliability Team
2831,20240227,187,5,Inspection,2.23,848.65,False,Delta Upgrade Crew
2832,20240519,227,1,Corrective,16.39,11139.1,True,Alpha Field Team
2833,20240819,28,3,Preventive,5.02,2381.62,False,Alpha Field Team
2834,20250905,214,4,Corrective,26.46,9718.32,True,Alpha Field Team
2835,20250610,235,3,Preventive,3.78,3103.47,False,Bravo Reliability Team
2836,20240823,97,2,Upgrade,4.27,7298.94,False,Central Response Team
2837,20240211,154,1,Corrective,42.27,13317.01,True,Island Logistics Team
2838,20241219,154,1,Corrective,24.59,16994.88,False,Alpha Field Team
2839,20241231,61,1,Corrective,16.86,9605.98,True,Island Logistics Team
2840,20240413,173,4,Preventive,3.85,1633.42,False,Central Response Team
2841,20240105,65,1,Inspection,1.01,1991.77,False,Delta Upgrade Crew
2842,20250422,186,1,Corrective,19.37,13070.59,True,Alpha Field Team
2843,20251129,187,5,Corrective,26.03,6845.65,True,Central Response Team
2844,20250901,56,2,Preventive,3.85,1834.23,False,Bravo Reliability Team
2845,20251002,132,1,Inspection,0.71,930.12,False,Alpha Field Team
2846,20240908,127,3,Inspection,2.1,720.94,False,Island Logistics Team
2847,20250220,32,1,Corrective,21.31,7314.09,True,Bravo Reliability Team
2848,20250228,234,5,Corrective,42.09,12389.7,True,Delta Upgrade Crew
2849,20250520,2,1,Corrective,17.8,7998.98,True,Delta Upgrade Crew
2850,20240819,107,2,Preventive,2.77,3450.66,False,Bravo Reliability Team
2851,20241220,189,5,Corrective,29.14,4353.89,True,Central Response Team
2852,20250724,204,2,Upgrade,14.13,18529.14,False,Delta Upgrade Crew
2853,20250915,9,1,Preventive,2.91,1236.97,False,Island Logistics Team
2854,20250907,52,2,Inspection,1.99,1299.87,False,Island Logistics Team
2855,20240905,61,1,Inspection,4.63,2554.86,False,Island Logistics Team
2856,20251026,168,3,Corrective,19.18,9336.06,False,Alpha Field Team
2857,20250317,92,2,Corrective,23.11,4634.66,True,Delta Upgrade Crew
2858,20240624,180,5,Preventive,8.05,3203.26,False,Delta Upgrade Crew
2859,20241130,172,2,Upgrade,16.28,18375.03,False,Delta Upgrade Crew
2860,20240915,42,2,Corrective,9.53,10031.5,False,Island Logistics Team
2861,20240722,175,5,Inspection,1.4,642.87,False,Island Logistics Team
2862,20240313,243,4,Inspection,0.61,566.7,False,Bravo Reliability Team
2863,20250615,104,3,Preventive,3.35,1131.5,False,Alpha Field Team
2864,20250903,228,2,Inspection,2.48,1462.96,False,Alpha Field Team
2865,20251210,227,1,Preventive,4.22,4727.97,False,Central Response Team
2866,20241028,35,2,Corrective,20.99,7274.08,True,Central Response Team
2867,20250503,212,2,Corrective,11.45,9088.46,True,Alpha Field Team
2868,20250927,73,5,Inspection,1.69,1604.04,False,Central Response Team
2869,20240104,123,3,Preventive,3.6,4155.46,False,Central Response Team
2870,20240828,18,1,Inspection,1.17,1076.0,False,Bravo Reliability Team
2871,20240527,72,4,Preventive,5.28,2115.69,False,Delta Upgrade Crew
2872,20241102,43,1,Corrective,26.43,6221.1,True,Delta Upgrade Crew
2873,20240113,47,1,Corrective,25.84,17216.07,True,Alpha Field Team
2874,20240320,82,2,Inspection,0.54,1436.11,False,Delta Upgrade Crew
2875,20240114,121,4,Corrective,12.78,12567.84,True,Delta Upgrade Crew
2876,20240121,135,1,Inspection,1.68,1508.92,False,Bravo Reliability Team
2877,20250813,172,2,Corrective,20.11,10162.11,False,Bravo Reliability Team
2878,20250209,204,2,Corrective,7.32,5384.84,True,Delta Upgrade Crew
2879,20240720,117,5,Inspection,0.66,1711.93,False,Alpha Field Team
2880,20240915,108,2,Corrective,26.15,11823.59,True,Central Response Team
2881,20250706,247,4,Corrective,22.59,5756.95,True,Alpha Field Team
2882,20241229,93,1,Inspection,3.47,2029.27,False,Alpha Field Team
2883,20240920,243,4,Inspection,0.71,1069.35,False,Island Logistics Team
2884,20240926,217,2,Inspection,2.46,565.61,False,Delta Upgrade Crew
2885,20250802,103,3,Preventive,4.43,2638.59,False,Island Logistics Team
2886,20241107,231,1,Corrective,38.13,13143.77,True,Delta Upgrade Crew
2887,20240303,27,1,Inspection,1.44,1548.42,False,Island Logistics Team
2888,20241027,184,5,Preventive,5.42,4348.97,False,Bravo Reliability Team
2889,20240819,220,1,Corrective,20.15,19100.46,False,Central Response Team
2890,20241110,241,2,Preventive,3.47,2249.06,False,Bravo Reliability Team
2891,20240709,208,4,Preventive,4.86,2908.07,False,Delta Upgrade Crew
2892,20240216,234,5,Preventive,6.4,2188.76,False,Bravo Reliability Team
2893,20241211,122,1,Corrective,29.95,11644.34,True,Bravo Reliability Team
2894,20250623,194,1,Corrective,31.16,13737.0,True,Alpha Field Team
2895,20250204,167,3,Corrective,16.09,14739.79,True,Delta Upgrade Crew
2896,20250430,79,1,Corrective,24.46,11190.76,True,Island Logistics Team
2897,20240407,197,2,Preventive,5.92,2021.56,False,Island Logistics Team
2898,20240108,183,2,Inspection,0.54,1469.06,False,Bravo Reliability Team
2899,20241228,213,2,Corrective,21.02,7674.4,True,Bravo Reliability Team
2900,20250210,232,4,Corrective,16.03,3695.94,False,Central Response Team
2901,20250923,118,1,Preventive,3.12,4335.48,False,Delta Upgrade Crew
2902,20240902,34,5,Upgrade,9.06,20596.74,False,Alpha Field Team
2903,20240326,218,1,Inspection,2.84,551.29,False,Alpha Field Team
2904,20240827,177,1,Corrective,30.94,7782.19,False,Island Logistics Team
2905,20250528,131,5,Upgrade,10.27,11420.14,False,Delta Upgrade Crew
2906,20250829,202,3,Corrective,21.81,7648.18,True,Delta Upgrade Crew
2907,20251113,181,1,Upgrade,14.76,19839.9,False,Delta Upgrade Crew
2908,20240108,31,2,Preventive,1.55,2421.47,False,Central Response Team
2909,20241110,118,1,Inspection,3.59,804.39,False,Central Response Team
2910,20240501,65,1,Corrective,30.44,21533.05,False,Island Logistics Team
2911,20250530,207,2,Inspection,0.52,1248.03,False,Island Logistics Team
2912,20240603,90,2,Corrective,9.61,5993.21,True,Alpha Field Team
2913,20251020,75,1,Inspection,1.62,1916.92,False,Alpha Field Team
2914,20241006,236,3,Corrective,16.3,4772.78,True,Island Logistics Team
2915,20240120,33,5,Corrective,8.64,8012.07,False,Delta Upgrade Crew
2916,20241016,69,4,Preventive,5.63,2729.72,False,Alpha Field Team
2917,20240619,1,4,Preventive,4.79,3479.43,False,Central Response Team
2918,20250102,186,1,Corrective,11.89,15420.22,True,Bravo Reliability Team
2919,20250325,177,1,Corrective,39.59,9251.51,True,Alpha Field Team
2920,20240413,80,4,Upgrade,9.96,14611.03,False,Delta Upgrade Crew
2921,20240810,246,1,Corrective,39.6,13411.4,True,Delta Upgrade Crew
2922,20240403,223,1,Preventive,2.72,3345.18,False,Bravo Reliability Team
2923,20240302,66,5,Corrective,27.09,12005.49,True,Delta Upgrade Crew
2924,20251120,121,4,Inspection,1.3,1177.3,False,Delta Upgrade Crew
2925,20250401,18,1,Inspection,2.09,1785.25,False,Alpha Field Team
2926,20250312,24,2,Corrective,17.79,5104.97,False,Island Logistics Team
2927,20240818,22,3,Preventive,2.86,2753.52,False,Island Logistics Team
2928,20251222,4,1,Corrective,37.1,6963.1,True,Delta Upgrade Crew
2929,20250204,197,2,Preventive,5.32,1666.4,False,Alpha Field Team
2930,20250415,21,3,Corrective,11.8,13325.4,True,Central Response Team
2931,20240801,196,1,Preventive,2.65,2006.23,False,Island Logistics Team
2932,20250813,106,1,Preventive,4.5,1651.42,False,Delta Upgrade Crew
2933,20240407,32,1,Preventive,5.15,2356.25,False,Delta Upgrade Crew
2934,20240129,212,2,Preventive,2.56,1189.96,False,Bravo Reliability Team
2935,20250725,26,2,Preventive,4.2,1188.83,False,Alpha Field Team
2936,20250810,149,5,Preventive,5.73,1104.36,False,Alpha Field Team
2937,20240103,243,4,Corrective,25.82,7353.08,False,Alpha Field Team
2938,20240401,246,1,Upgrade,13.49,7699.87,False,Island Logistics Team
2939,20250702,179,1,Inspection,3.21,2915.57,False,Central Response Team
2940,20241017,245,1,Corrective,48.24,5760.09,True,Island Logistics Team
2941,20250321,6,1,Inspection,3.06,2236.07,False,Alpha Field Team
2942,20251012,128,4,Upgrade,14.49,13968.48,False,Alpha Field Team
2943,20240526,183,2,Upgrade,6.57,14153.33,False,Island Logistics Team
2944,20240518,120,4,Preventive,3.93,3642.53,False,Bravo Reliability Team
2945,20241013,127,3,Corrective,40.28,16690.22,True,Delta Upgrade Crew
2946,20241022,2,1,Inspection,4.53,2792.79,False,Island Logistics Team
2947,20251011,141,4,Inspection,1.68,708.09,False,Island Logistics Team
2948,20250829,229,1,Corrective,13.49,10781.77,False,Island Logistics Team
2949,20251210,202,3,Upgrade,10.71,13155.88,False,Bravo Reliability Team
2950,20251221,228,2,Preventive,4.72,1446.93,False,Alpha Field Team
2951,20241023,55,2,Preventive,4.45,1909.48,False,Central Response Team
2952,20241218,157,1,Corrective,29.83,11275.94,False,Island Logistics Team
2953,20240123,113,1,Inspection,4.17,887.35,False,Island Logistics Team
2954,20240428,188,5,Inspection,1.35,724.61,False,Island Logistics Team
2955,20240724,157,1,Inspection,3.17,2900.5,False,Island Logistics Team
2956,20250901,63,1,Corrective,35.83,14878.75,False,Bravo Reliability Team
2957,20241218,14,3,Inspection,0.73,1702.63,False,Bravo Reliability Team
2958,20240526,220,1,Preventive,7.94,5018.51,False,Delta Upgrade Crew
2959,20251014,101,4,Inspection,2.48,1190.71,False,Central Response Team
2960,20250403,210,1,Inspection,1.9,2554.92,False,Central Response Team
2961,20250823,33,5,Preventive,2.01,2291.21,False,Delta Upgrade Crew
2962,20250513,6,1,Preventive,4.93,4205.69,False,Island Logistics Team
2963,20250514,205,4,Corrective,16.88,8031.88,True,Bravo Reliability Team
2964,20240114,199,1,Inspection,1.41,617.15,False,Delta Upgrade Crew
2965,20240311,79,1,Corrective,41.08,8924.43,True,Bravo Reliability Team
2966,20250830,212,2,Corrective,12.37,6316.03,False,Bravo Reliability Team
2967,20250319,88,1,Inspection,0.67,1521.01,False,Alpha Field Team
2968,20250203,202,3,Preventive,5.27,2544.61,False,Bravo Reliability Team
2969,20240402,92,2,Inspection,1.13,1143.91,False,Bravo Reliability Team
2970,20251122,121,4,Corrective,10.08,14416.33,True,Alpha Field Team
2971,20240718,86,1,Corrective,24.58,12297.04,True,Island Logistics Team
2972,20240424,206,3,Corrective,9.47,7509.34,True,Central Response Team
2973,20250807,97,2,Upgrade,10.96,15430.03,False,Island Logistics Team
2974,20250109,2,1,Corrective,13.95,10170.88,False,Delta Upgrade Crew
2975,20250911,185,1,Corrective,42.06,15534.0,True,Bravo Reliability Team
2976,20250710,68,4,Corrective,12.71,10104.88,True,Island Logistics Team
2977,20240810,94,3,Preventive,3.02,1339.54,False,Delta Upgrade Crew
2978,20250517,249,5,Corrective,27.28,21319.26,True,Island Logistics Team
2979,20241218,125,1,Corrective,43.46,18986.27,True,Island Logistics Team
2980,20240210,172,2,Inspection,2.15,785.55,False,Bravo Reliability Team
2981,20240327,233,3,Corrective,18.73,8667.11,True,Delta Upgrade Crew
2982,20250722,165,3,Corrective,15.54,10649.74,True,Bravo Reliability Team
2983,20241009,21,3,Inspection,2.95,723.22,False,Alpha Field Team
2984,20250127,205,4,Preventive,3.33,3357.83,False,Island Logistics Team
2985,20240119,101,4,Corrective,20.68,7618.53,True,Central Response Team
2986,20251107,42,2,Corrective,22.48,7863.81,True,Delta Upgrade Crew
2987,20251202,212,2,Preventive,1.61,3186.84,False,Central Response Team
2988,20251003,199,1,Corrective,33.04,13139.42,True,Delta Upgrade Crew
2989,20240917,61,1,Corrective,25.75,15259.82,True,Delta Upgrade Crew
2990,20250723,71,1,Preventive,3.73,6386.6,False,Bravo Reliability Team
2991,20250626,239,4,Corrective,26.71,4732.26,False,Delta Upgrade Crew
2992,20240216,16,1,Inspection,4.41,2641.29,False,Alpha Field Team
2993,20240903,7,5,Corrective,37.71,12796.79,True,Delta Upgrade Crew
2994,20250926,126,1,Preventive,8.49,2700.33,False,Alpha Field Team
2995,20251020,160,1,Corrective,26.43,15065.86,True,Central Response Team
2996,20240117,27,1,Inspection,3.54,2180.42,False,Alpha Field Team
2997,20250217,27,1,Upgrade,14.47,27262.99,False,Island Logistics Team
2998,20241217,46,4,Preventive,7.15,2530.52,False,Bravo Reliability Team
2999,20241205,80,4,Upgrade,10.49,10734.44,False,Delta Upgrade Crew
3000,20240120,180,5,Preventive,6.68,4607.3,False,Bravo Reliability Team
