feedback_id,date_id,customer_id,region_id,satisfaction_score,complaint_flag,churn_risk_score
1,20251028,527,3,2.91,False,95.86
2,20250207,604,4,3.98,False,49.6
3,20250329,219,2,4.42,False,28.29
4,20250917,363,3,4.42,False,27.35
5,20250121,69,5,3.31,False,63.28
6,20240223,184,1,3.58,False,58.8
7,20250218,610,2,3.9,False,47.91
8,20240913,737,2,4.63,False,12.15
9,20241014,175,4,3.93,False,68.15
10,20240825,648,4,4.46,False,37.0
11,20250902,449,5,4.16,False,45.77
12,20241110,426,3,3.57,False,54.3
13,20240317,313,1,3.25,False,89.71
14,20250420,406,1,3.02,False,63.34
15,20240203,206,1,3.38,False,61.5
16,20240318,137,5,1.98,True,100.0
17,20240302,12,2,4.28,False,14.18
18,20250130,293,3,4.28,False,19.87
19,20240227,41,1,3.81,False,56.68
20,20251017,256,2,4.13,False,70.18
21,20250107,227,1,3.56,False,63.57
22,20250127,485,2,3.98,False,53.3
23,20240917,278,1,2.4,False,76.59
24,20241207,466,3,4.18,False,35.6
25,20251127,629,1,2.78,False,88.41
26,20240704,740,1,3.53,False,61.25
27,20240712,317,1,3.43,False,56.88
28,20251108,454,1,3.77,False,57.73
29,20250628,676,3,3.94,False,44.47
30,20251108,672,3,4.09,False,42.46
31,20251016,240,3,3.39,False,76.92
32,20240612,592,2,3.78,False,51.97
33,20250226,244,2,4.22,False,50.14
34,20240714,170,5,2.9,False,69.03
35,20250211,122,3,4.2,False,50.11
36,20250603,669,2,4.67,False,26.96
37,20250424,488,1,2.65,False,54.54
38,20250725,199,1,3.15,False,67.52
39,20250101,590,1,4.69,False,46.78
40,20251027,440,1,2.93,False,87.47
41,20250602,85,3,3.95,False,36.68
42,20241227,643,1,3.15,False,66.48
43,20240103,125,2,4.2,False,20.25
44,20251104,264,1,3.3,False,68.49
45,20250304,191,2,4.81,False,19.66
46,20240310,314,4,3.98,False,50.3
47,20250202,500,4,3.67,False,54.99
48,20250302,31,5,3.02,True,74.05
49,20241007,201,4,3.21,False,57.58
50,20240131,332,2,3.94,False,51.21
51,20240408,547,5,3.47,False,80.04
52,20240310,175,4,4.27,False,28.44
53,20250409,410,3,3.42,False,44.8
54,20250522,77,1,3.89,False,37.93
55,20251225,350,1,3.69,False,52.91
56,20250102,60,2,3.26,False,89.94
57,20250409,300,2,4.16,False,35.74
58,20241101,690,2,3.74,False,38.52
59,20240907,673,4,2.84,False,88.34
60,20250614,451,4,4.25,False,56.61
61,20250717,123,1,3.3,False,57.7
62,20240713,31,5,3.37,False,41.02
63,20240301,259,5,2.54,False,99.12
64,20250503,469,1,2.67,False,96.2
65,20240503,631,1,2.43,False,100.0
66,20240115,203,4,3.9,False,46.65
67,20250106,5,1,3.8,False,72.56
68,20250604,184,1,3.45,False,56.33
69,20250626,456,5,3.58,False,35.71
70,20240516,650,1,3.45,False,70.01
71,20250306,359,3,3.81,True,85.6
72,20241116,349,1,3.1,False,69.66
73,20250811,266,2,3.76,True,51.59
74,20250406,141,1,2.69,False,73.08
75,20250714,542,1,3.37,False,67.94
76,20251002,562,1,3.36,False,59.42
77,20241120,160,2,3.5,False,46.5
78,20250331,636,5,2.99,False,76.79
79,20241026,3,2,4.65,False,30.69
80,20241125,316,3,4.1,False,37.46
81,20250206,543,4,4.04,False,50.8
82,20240119,147,5,3.12,False,77.86
83,20251214,418,4,3.8,False,60.79
84,20250603,368,4,4.11,False,55.4
85,20250714,711,1,3.21,False,70.6
86,20250329,671,1,3.01,False,100.0
87,20241113,202,2,4.29,False,45.27
88,20241231,454,1,2.43,True,87.89
89,20240508,255,5,2.79,False,92.35
90,20250114,725,1,4.17,False,44.13
91,20250501,678,5,3.0,False,80.17
92,20251028,74,3,4.23,False,28.31
93,20240828,208,5,2.52,True,92.11
94,20250505,22,5,3.7,False,48.61
95,20250624,24,3,4.17,False,50.61
96,20250628,639,4,4.33,False,50.5
97,20250115,385,4,4.29,False,53.85
98,20251116,747,1,2.91,False,72.5
99,20240604,47,1,3.97,False,45.97
100,20251015,314,4,4.17,False,45.95
101,20240123,665,3,3.26,False,54.22
102,20240604,712,1,3.66,False,58.37
103,20250402,496,2,4.3,False,33.68
104,20240508,220,5,2.95,False,78.09
105,20250213,577,1,3.49,False,55.37
106,20240211,530,2,3.24,False,87.89
107,20240528,365,5,3.92,False,67.2
108,20250921,277,5,3.13,False,75.1
109,20250922,191,2,4.46,False,45.76
110,20240907,515,1,3.07,True,100.0
111,20250104,192,2,3.62,False,32.72
112,20240208,35,3,3.36,False,59.33
113,20241215,314,4,3.78,False,42.99
114,20241005,123,1,3.13,False,58.65
115,20250405,469,1,2.93,False,100.0
116,20240312,456,5,3.69,False,51.88
117,20250124,697,2,3.61,False,35.78
118,20250515,27,1,3.69,False,71.38
119,20240719,47,1,3.22,False,67.77
120,20250816,154,2,4.82,False,21.38
121,20240422,629,1,3.81,False,65.84
122,20240915,728,2,4.54,False,37.17
123,20241008,263,5,3.41,False,79.85
124,20240622,316,3,3.7,False,46.09
125,20250726,43,1,3.8,False,50.31
126,20240529,413,3,4.08,False,22.86
127,20241231,321,1,2.79,True,94.62
128,20251218,386,5,4.14,False,53.55
129,20240603,630,3,3.65,False,61.69
130,20240723,245,2,4.42,False,42.19
131,20250313,430,1,3.58,False,51.51
132,20250612,161,2,4.34,False,43.69
133,20240916,468,3,3.71,False,43.67
134,20240126,86,2,3.35,False,91.91
135,20250216,711,1,2.76,False,71.61
136,20240125,276,3,3.96,False,38.28
137,20240813,389,5,3.17,False,82.49
138,20240104,408,4,3.3,False,84.61
139,20240914,192,2,4.47,True,32.75
140,20251209,398,1,2.93,False,72.52
141,20250714,284,1,2.59,False,75.85
142,20240701,659,1,3.08,False,59.55
143,20251108,558,1,3.09,False,49.56
144,20240603,562,1,3.56,False,50.06
145,20251128,455,1,2.65,False,95.23
146,20250528,710,5,3.53,False,56.99
147,20250222,600,1,3.62,False,65.76
148,20240618,743,2,3.76,False,66.04
149,20241013,308,5,3.31,False,71.18
150,20250213,227,1,3.09,False,79.25
151,20250118,562,1,3.75,False,62.12
152,20240325,272,2,4.17,False,39.91
153,20250618,506,4,4.0,True,66.72
154,20240403,456,5,3.33,False,49.1
155,20240618,721,3,3.72,False,63.93
156,20251219,162,2,4.14,False,59.07
157,20240705,98,1,2.6,False,88.26
158,20241226,579,5,4.21,False,50.74
159,20240129,526,1,2.86,False,100.0
160,20251013,458,1,4.02,False,43.85
161,20241020,661,1,3.38,False,61.07
162,20250101,390,1,3.62,False,54.61
163,20250823,32,1,3.54,False,65.33
164,20250320,140,2,3.72,False,53.26
165,20250325,513,4,3.7,False,59.73
166,20240504,590,1,3.44,False,56.76
167,20240113,567,3,3.22,False,72.18
168,20250421,156,1,2.79,False,71.97
169,20240820,477,4,3.74,False,52.94
170,20250505,280,5,2.92,True,100.0
171,20240405,25,5,3.48,False,67.87
172,20240118,367,4,3.57,False,37.82
173,20240710,709,2,4.64,False,33.08
174,20240526,641,1,3.43,False,58.86
175,20240704,454,1,4.12,False,55.16
176,20241124,748,3,3.78,False,42.67
177,20241020,305,4,3.89,False,65.2
178,20250425,183,5,3.19,False,84.58
179,20250511,637,3,4.44,False,52.75
180,20241230,344,4,3.92,False,31.61
181,20250705,401,4,2.98,False,72.44
182,20251119,489,1,2.94,True,78.26
183,20250423,168,1,3.32,False,71.06
184,20240509,549,4,4.4,False,39.63
185,20250912,567,3,4.41,False,38.86
186,20240126,191,2,4.35,False,30.64
187,20250402,616,2,3.62,False,57.39
188,20241212,263,5,3.85,False,62.77
189,20251109,126,3,4.21,False,31.4
190,20240607,175,4,3.62,False,54.9
191,20251219,133,2,3.96,False,40.85
192,20250108,637,3,3.96,False,35.4
193,20250310,477,4,5.0,False,26.76
194,20250101,592,2,3.62,False,55.01
195,20240407,543,4,3.76,False,49.05
196,20250428,219,2,4.45,False,19.47
197,20251216,486,2,3.54,False,67.53
198,20250110,47,1,4.05,False,54.7
199,20240805,94,4,3.61,False,72.48
200,20240731,377,1,3.87,False,58.52
201,20250827,173,3,4.48,False,38.05
202,20251016,386,5,3.4,False,72.17
203,20240211,477,4,3.87,False,67.35
204,20240209,628,4,3.59,False,58.05
205,20240611,555,4,2.54,True,73.46
206,20250223,9,4,3.24,True,81.43
207,20251008,5,1,3.53,False,65.68
208,20240324,82,1,3.1,False,77.44
209,20250710,707,3,4.98,False,32.55
210,20251217,365,5,3.33,False,66.66
211,20250804,264,1,3.34,False,56.57
212,20240616,568,1,3.32,False,65.82
213,20240308,515,1,1.9,False,100.0
214,20250422,393,3,3.35,False,37.36
215,20250425,141,1,2.9,True,83.31
216,20240320,596,2,3.89,False,56.32
217,20240816,302,2,3.96,False,36.72
218,20241130,501,3,4.0,False,46.76
219,20250126,524,3,4.94,False,18.62
220,20240807,317,1,3.69,False,54.4
221,20240304,737,2,4.67,False,15.49
222,20250111,223,2,4.35,False,31.77
223,20240419,299,4,3.4,False,56.97
224,20240906,467,1,2.88,False,72.32
225,20241109,628,4,3.74,False,56.97
226,20250224,35,3,3.51,False,77.98
227,20251027,681,4,3.33,False,68.36
228,20251025,41,1,3.22,False,66.5
229,20240416,362,1,3.81,False,36.29
230,20250708,329,3,3.7,False,46.96
231,20251110,313,1,3.44,False,73.26
232,20240802,259,5,2.89,False,100.0
233,20240528,86,2,3.53,False,79.29
234,20241020,155,5,4.08,False,53.59
235,20240915,6,1,3.42,False,55.18
236,20250102,663,2,3.75,False,79.17
237,20250515,679,2,5.0,False,24.2
238,20251013,464,1,2.7,False,100.0
239,20250212,182,2,4.04,False,45.21
240,20251128,227,1,3.48,False,71.43
241,20240724,261,4,4.09,False,32.01
242,20250706,510,3,4.29,False,32.22
243,20250629,392,4,3.75,False,53.58
244,20250527,22,5,2.83,True,62.52
245,20240919,669,2,3.43,False,28.0
246,20251107,586,1,3.35,False,74.27
247,20241102,254,3,4.73,False,30.77
248,20251227,629,1,3.19,False,65.66
249,20240409,563,3,3.45,False,38.15
250,20241122,414,2,3.92,False,9.42
251,20241127,419,3,4.14,False,42.58
252,20251229,329,3,4.17,False,43.93
253,20250717,266,2,4.41,False,31.41
254,20250717,615,4,3.78,False,36.32
255,20250811,469,1,2.68,False,100.0
256,20250303,661,1,3.52,False,56.1
257,20240902,199,1,3.29,False,69.86
258,20250629,476,5,3.82,False,52.99
259,20240715,123,1,3.8,False,45.88
260,20240903,172,4,3.28,False,64.87
261,20250222,322,4,3.34,False,42.18
262,20251118,196,5,2.55,False,73.59
263,20240511,740,1,2.64,False,71.48
264,20240410,366,2,4.57,False,40.57
265,20250905,222,1,3.46,False,61.46
266,20250309,306,3,4.29,False,39.32
267,20240725,43,1,3.35,False,51.04
268,20241124,186,2,4.65,False,27.59
269,20250326,335,2,4.1,False,36.56
270,20240428,456,5,3.84,False,45.37
271,20250221,511,2,4.54,False,33.11
272,20250428,233,1,4.02,False,37.91
273,20240402,709,2,4.92,False,42.56
274,20250320,594,1,3.11,False,67.72
275,20250408,35,3,3.86,False,61.4
276,20240807,659,1,3.24,False,63.95
277,20250816,392,4,3.6,False,59.46
278,20240312,572,3,4.71,False,43.3
279,20240412,65,5,2.93,False,79.03
280,20240203,401,4,3.53,False,59.84
281,20250422,256,2,2.72,False,99.04
282,20250725,457,1,4.12,False,48.33
283,20250415,131,2,5.0,False,13.99
284,20240113,123,1,3.6,False,62.88
285,20241110,14,3,4.09,False,44.14
286,20240703,653,1,4.2,False,53.76
287,20250214,565,5,3.29,False,84.48
288,20240108,703,5,3.72,False,52.04
289,20240718,131,2,4.27,False,21.38
290,20240310,740,1,3.7,False,63.72
291,20240108,264,1,3.74,False,54.43
292,20240418,200,4,3.4,False,60.71
293,20240419,586,1,3.47,False,65.05
294,20250313,267,1,3.68,False,59.69
295,20240310,86,2,3.55,False,79.17
296,20240923,701,5,3.3,False,50.95
297,20240130,162,2,3.08,False,81.32
298,20251230,103,2,4.24,False,45.31
299,20240116,309,3,3.5,False,80.93
300,20240307,37,3,3.75,False,36.23
301,20240216,180,4,3.63,False,56.19
302,20250921,719,3,4.35,False,22.42
303,20241124,691,1,3.66,False,69.48
304,20240102,590,1,3.76,False,53.6
305,20240610,9,4,3.83,False,43.12
306,20241221,735,4,3.5,False,38.03
307,20240830,670,1,3.29,False,98.69
308,20250214,559,4,3.6,False,35.17
309,20240728,365,5,3.94,False,62.45
310,20240122,341,1,3.15,False,75.09
311,20251214,609,1,3.77,False,52.98
312,20251202,446,4,3.27,False,55.94
313,20240323,341,1,3.78,False,65.07
314,20241216,193,2,4.53,False,25.03
315,20250214,7,4,1.66,True,100.0
316,20251021,179,1,3.5,False,73.59
317,20241008,527,3,3.57,False,96.49
318,20240111,78,2,4.74,False,16.24
319,20250504,698,5,3.04,False,91.9
320,20241002,308,5,2.93,False,81.12
321,20250115,663,2,3.65,False,73.94
322,20240906,281,3,3.49,False,63.85
323,20240306,657,4,2.73,False,80.13
324,20250603,24,3,4.01,False,47.01
325,20240919,513,4,3.68,False,67.75
326,20251105,539,1,4.17,True,63.25
327,20250413,410,3,3.99,False,49.37
328,20250805,596,2,4.37,False,48.98
329,20241224,408,4,2.33,False,100.0
330,20240111,728,2,4.43,False,45.47
331,20250507,661,1,3.95,False,48.48
332,20241115,705,4,4.36,False,42.12
333,20250616,432,1,3.86,False,48.06
334,20250831,140,2,3.74,False,45.95
335,20250223,394,2,4.02,False,47.85
336,20240830,612,1,4.01,False,52.12
337,20250617,705,4,3.68,False,58.18
338,20250125,373,5,4.29,False,58.94
339,20250521,456,5,3.71,True,60.31
340,20240811,692,1,3.55,False,50.36
341,20240906,271,1,3.02,False,100.0
342,20251222,239,3,3.36,False,47.64
343,20241115,652,3,4.9,False,29.37
344,20241016,195,3,3.7,True,77.33
345,20240123,365,5,3.2,True,76.09
346,20251004,197,3,4.55,False,23.93
347,20240919,21,1,2.44,False,87.21
348,20251120,382,3,4.11,False,56.04
349,20240131,141,1,3.31,False,67.59
350,20250127,297,5,4.06,False,57.14
351,20240502,12,2,4.17,False,30.59
352,20240218,395,1,2.4,False,100.0
353,20240919,468,3,4.56,False,36.33
354,20251112,541,2,3.87,False,83.94
355,20240504,436,3,4.52,False,15.77
356,20240608,335,2,4.44,False,49.16
357,20241130,646,1,2.96,False,58.56
358,20240210,545,4,3.67,False,72.38
359,20240829,595,1,3.77,False,54.02
360,20250219,158,1,3.67,False,52.39
361,20250804,295,4,4.37,False,30.91
362,20240223,179,1,3.97,False,62.05
363,20251016,267,1,3.4,False,59.86
364,20240316,418,4,4.09,False,53.11
365,20250808,408,4,2.79,False,100.0
366,20251209,527,3,3.81,False,79.44
367,20250724,498,4,3.54,False,54.88
368,20240525,504,3,4.25,True,34.82
369,20241217,184,1,3.4,False,65.09
370,20250209,168,1,3.26,False,78.71
371,20250305,550,2,4.71,False,27.19
372,20241112,281,3,4.51,False,31.57
373,20240719,443,5,3.02,True,84.16
374,20240919,219,2,4.67,False,23.66
375,20250922,724,4,3.24,False,58.98
376,20240123,298,2,4.25,False,32.83
377,20250830,719,3,4.23,False,25.91
378,20250310,24,3,3.81,False,42.71
379,20240512,102,1,3.03,False,72.89
380,20240322,325,3,4.33,False,42.09
381,20240406,199,1,3.61,False,51.79
382,20250417,641,1,2.43,False,91.07
383,20250422,203,4,3.53,False,51.1
384,20251127,80,3,4.18,True,36.25
385,20250214,452,2,4.93,False,25.78
386,20241117,748,3,3.99,False,42.04
387,20251201,158,1,3.77,False,55.43
388,20241103,456,5,3.42,False,59.38
389,20250519,78,2,4.19,False,18.57
390,20241121,663,2,3.48,False,76.61
391,20251130,184,1,3.44,False,58.78
392,20241130,543,4,4.16,True,58.09
393,20251017,455,1,3.0,False,89.52
394,20250520,709,2,3.41,False,48.96
395,20240722,119,2,3.82,False,35.45
396,20240731,175,4,3.83,False,44.95
397,20250507,227,1,3.82,False,53.81
398,20240529,567,3,3.42,False,55.01
399,20250503,606,4,3.25,False,81.66
400,20251015,531,3,3.68,False,64.75
401,20251118,407,5,2.18,False,100.0
402,20250215,426,3,4.32,False,39.45
403,20251213,339,3,4.2,False,22.0
404,20240629,327,1,2.93,False,82.2
405,20250922,202,2,4.15,False,35.34
406,20240605,474,1,3.45,False,72.37
407,20241028,330,4,3.78,False,84.77
408,20250227,604,4,3.07,False,58.95
409,20240614,177,1,2.44,False,95.42
410,20250506,392,4,3.96,False,62.56
411,20250115,713,1,2.85,False,72.9
412,20251021,617,1,3.18,False,90.49
413,20240922,15,3,3.17,False,63.69
414,20240807,684,4,3.42,False,66.51
415,20240309,383,2,4.21,False,41.0
416,20241026,50,2,4.54,False,19.04
417,20250108,668,2,4.46,False,24.08
418,20240220,223,2,4.49,True,49.58
419,20240829,731,3,3.82,False,52.12
420,20241219,23,2,3.96,False,41.09
421,20251009,539,1,3.88,False,61.11
422,20241204,702,2,5.0,False,29.82
423,20250721,130,4,3.95,False,46.27
424,20250318,333,1,4.02,False,63.01
425,20251003,318,2,4.04,False,42.18
426,20240901,267,1,3.39,False,68.85
427,20251022,53,1,3.75,False,68.03
428,20250518,608,3,4.23,False,46.45
429,20240820,278,1,2.74,False,73.1
430,20240104,379,3,3.41,False,51.98
431,20240114,297,5,2.95,False,74.96
432,20240922,56,4,3.73,False,55.96
433,20250519,707,3,4.19,False,44.39
434,20241019,494,5,3.42,False,60.65
435,20250916,39,4,2.63,True,73.26
436,20241221,209,4,3.62,False,53.72
437,20240104,94,4,3.56,False,67.43
438,20251109,408,4,3.34,False,100.0
439,20250429,673,4,3.38,False,91.45
440,20250204,150,1,3.66,False,68.41
441,20241021,556,4,2.63,True,88.99
442,20251007,506,4,3.2,False,73.47
443,20250127,314,4,4.36,False,41.75
444,20250816,635,2,3.99,False,66.91
445,20241124,263,5,2.72,False,77.48
446,20240913,62,3,3.77,False,46.54
447,20240601,529,1,3.52,False,83.39
448,20240106,314,4,2.86,False,54.9
449,20240602,283,3,3.62,False,39.97
450,20250105,262,1,3.76,False,60.58
451,20250715,205,1,2.9,False,83.3
452,20250114,238,1,4.17,False,47.51
453,20250406,159,3,4.46,False,54.03
454,20240402,89,5,3.67,False,57.27
455,20250713,375,5,3.26,False,79.97
456,20241029,207,1,3.53,False,65.16
457,20240523,380,3,3.88,False,43.5
458,20240608,514,1,4.03,False,55.19
459,20250306,56,4,4.64,False,34.88
460,20240222,593,2,3.89,False,54.39
461,20241005,40,1,3.11,False,76.09
462,20240123,107,5,3.2,False,77.84
463,20250311,122,3,4.35,False,31.53
464,20250925,51,3,4.4,False,51.32
465,20250915,135,3,3.85,False,55.97
466,20250212,563,3,4.14,False,32.02
467,20240416,406,1,3.48,False,56.13
468,20250731,127,4,3.07,False,82.53
469,20240720,741,1,3.01,False,55.4
470,20240226,87,3,3.62,False,55.09
471,20250422,243,4,4.17,False,41.16
472,20251022,516,2,3.95,False,47.2
473,20250209,162,2,3.72,False,68.79
474,20250321,376,1,3.56,False,66.18
475,20241219,413,3,3.89,False,38.87
476,20250202,297,5,3.69,False,63.96
477,20240619,89,5,2.81,False,73.71
478,20240503,613,5,2.81,False,77.47
479,20240226,616,2,4.16,False,48.53
480,20240516,173,3,4.41,False,35.85
481,20250306,442,5,3.67,False,55.25
482,20250514,344,4,3.98,False,40.05
483,20250620,507,5,2.72,False,85.28
484,20241214,365,5,3.48,False,57.74
485,20240930,634,4,3.74,False,59.14
486,20250925,633,2,3.75,False,81.49
487,20250228,311,2,4.28,False,36.69
488,20250910,154,2,4.15,False,21.67
489,20251228,8,1,3.82,False,56.25
490,20240427,238,1,3.14,False,72.48
491,20250923,666,2,4.33,False,44.92
492,20250918,557,4,4.33,False,59.33
493,20250528,522,1,2.89,False,95.2
494,20241124,74,3,4.37,False,25.79
495,20240720,488,1,3.2,False,54.51
496,20251118,545,4,2.68,False,68.57
497,20240510,379,3,4.49,False,37.7
498,20251031,365,5,3.41,False,74.38
499,20250402,199,1,3.92,False,56.94
500,20240308,27,1,3.28,False,74.76
501,20250506,281,3,3.81,False,41.97
502,20250107,325,3,3.9,False,41.29
503,20250201,84,2,4.84,False,27.06
504,20240331,468,3,4.79,False,21.99
505,20250130,6,1,4.2,False,47.47
506,20240416,35,3,3.49,False,61.88
507,20241130,39,4,4.32,False,42.21
508,20240405,286,3,4.35,False,35.11
509,20250715,504,3,4.07,False,47.1
510,20250922,661,1,4.33,False,52.6
511,20251209,388,3,4.12,False,35.63
512,20251201,504,3,4.45,False,26.58
513,20240203,21,1,2.96,False,84.09
514,20250214,191,2,3.99,False,29.29
515,20250517,128,5,2.59,False,100.0
516,20250202,161,2,4.73,False,38.98
517,20250903,504,3,4.4,False,41.03
518,20241215,564,2,4.35,False,35.73
519,20240515,205,1,3.24,False,82.56
520,20251109,224,4,3.84,False,50.63
521,20250612,324,5,4.34,True,57.05
522,20240818,371,5,4.1,False,36.19
523,20240925,163,4,4.28,False,65.22
524,20240524,131,2,4.74,False,19.15
525,20251203,599,2,4.61,False,35.71
526,20250120,626,1,3.52,True,70.33
527,20250124,624,4,3.63,False,36.08
528,20250522,317,1,3.38,True,79.99
529,20240712,268,4,3.51,False,61.98
530,20251107,502,2,4.13,False,45.74
531,20250326,20,3,4.24,False,39.31
532,20250102,412,4,3.98,False,79.03
533,20241023,410,3,3.94,False,46.45
534,20250430,235,1,3.21,False,67.05
535,20241106,716,4,3.22,False,58.86
536,20250928,318,2,3.97,False,43.62
537,20250311,702,2,3.63,False,50.44
538,20240510,142,4,3.9,False,66.42
539,20250801,17,5,3.78,False,48.81
540,20240625,160,2,4.88,False,17.52
541,20250218,640,5,2.96,False,77.82
542,20241209,12,2,4.41,False,19.52
543,20241005,740,1,4.11,False,52.42
544,20250923,531,3,3.56,False,63.97
545,20240314,388,3,3.95,False,37.46
546,20250108,698,5,3.02,False,83.95
547,20250202,141,1,2.87,False,79.75
548,20240419,224,4,4.12,False,24.14
549,20250402,44,1,2.45,True,98.11
550,20240530,724,4,3.96,False,45.12
551,20240611,412,4,2.64,True,99.11
552,20251125,328,1,3.84,False,63.77
553,20240220,610,2,4.91,False,36.42
554,20240815,440,1,2.58,False,96.16
555,20251203,609,1,3.55,False,63.32
556,20250518,472,1,3.65,False,57.07
557,20250220,267,1,3.04,False,54.9
558,20240409,188,4,3.69,False,77.29
559,20240421,438,3,4.01,False,32.42
560,20240106,326,5,3.35,False,84.46
561,20240621,498,4,4.13,False,31.35
562,20250912,53,1,3.5,False,66.65
563,20251120,475,5,4.01,False,72.63
564,20240912,202,2,4.31,False,40.72
565,20251018,620,3,3.91,False,41.16
566,20240106,670,1,2.93,False,100.0
567,20240810,63,4,3.61,False,52.51
568,20250105,305,4,3.64,True,85.83
569,20251128,220,5,3.65,False,68.82
570,20250313,594,1,3.77,False,54.81
571,20240507,306,3,3.28,False,49.78
572,20251219,284,1,3.52,False,61.31
573,20240317,220,5,3.74,False,70.96
574,20241119,654,3,3.58,False,75.88
575,20250824,345,2,4.25,False,41.94
576,20241008,474,1,3.17,False,79.13
577,20240225,35,3,3.53,False,64.89
578,20241219,42,2,4.78,False,46.29
579,20240704,279,4,2.87,False,100.0
580,20241229,260,3,4.52,False,44.45
581,20240215,267,1,3.28,False,61.02
582,20240508,512,2,3.83,False,34.43
583,20240810,114,2,5.0,False,14.4
584,20250401,627,1,2.9,False,81.74
585,20240204,329,3,5.0,False,34.41
586,20240317,297,5,3.25,False,74.5
587,20250607,609,1,4.11,False,48.64
588,20250914,317,1,4.1,False,50.52
589,20251113,52,3,4.51,False,46.37
590,20240916,633,2,4.0,False,81.95
591,20240824,199,1,3.33,False,63.84
592,20250330,480,1,3.28,True,68.91
593,20240517,464,1,1.93,False,100.0
594,20251109,446,4,3.83,False,40.17
595,20251114,541,2,3.17,False,91.71
596,20250725,11,1,3.31,False,100.0
597,20240916,264,1,3.35,False,73.89
598,20250429,173,3,4.17,False,38.77
599,20251023,440,1,2.71,False,100.0
600,20251003,236,1,3.53,False,72.94
601,20240609,13,4,3.45,False,51.06
602,20250325,647,1,2.84,False,82.55
603,20250507,644,1,2.46,True,100.0
604,20240919,662,2,3.69,False,36.19
605,20240617,311,2,3.44,False,42.95
606,20240902,216,1,3.39,False,66.51
607,20251122,227,1,3.71,False,58.55
608,20250401,610,2,4.46,False,28.1
609,20250927,216,1,3.91,False,54.73
610,20251208,437,1,3.16,True,56.34
611,20241127,55,1,3.41,False,69.79
612,20250221,207,1,3.15,False,69.21
613,20250303,391,4,4.35,False,22.33
614,20241115,3,2,4.25,False,35.23
615,20240808,320,4,3.12,False,96.68
616,20240725,411,4,4.0,False,60.26
617,20250423,50,2,5.0,False,10.85
618,20241009,472,1,3.8,False,56.8
619,20241007,94,4,2.46,False,100.0
620,20240726,454,1,3.64,False,56.56
621,20250216,470,2,4.16,False,32.11
622,20250208,87,3,4.01,False,55.54
623,20250403,363,3,4.53,False,16.16
624,20251222,585,2,4.2,False,48.06
625,20250622,548,3,3.95,False,41.4
626,20240629,648,4,3.55,False,34.04
627,20241011,343,2,4.79,False,28.51
628,20250710,178,3,3.08,False,87.94
629,20240602,539,1,3.46,False,54.5
630,20251217,710,5,3.47,False,45.66
631,20240220,220,5,3.27,False,61.1
632,20240820,407,5,2.82,False,99.93
633,20251127,166,2,4.67,False,22.31
634,20240506,634,4,3.89,False,55.89
635,20240612,622,3,4.36,False,43.09
636,20240129,158,1,2.95,False,66.75
637,20251130,84,2,4.75,False,42.54
638,20251019,158,1,3.45,False,67.06
639,20250624,593,2,4.23,False,43.87
640,20240325,453,2,4.08,False,36.32
641,20251002,130,4,3.62,False,49.2
642,20250910,109,1,3.59,False,56.66
643,20250408,486,2,3.87,False,65.53
644,20240528,498,4,4.03,False,48.74
645,20250906,220,5,3.73,False,65.57
646,20240512,544,1,3.5,True,65.36
647,20251010,440,1,2.61,False,100.0
648,20250203,306,3,4.1,False,37.61
649,20251210,602,3,4.48,False,30.31
650,20250507,725,1,3.56,False,57.23
651,20240429,267,1,3.21,False,71.02
652,20250415,224,4,4.56,False,21.23
653,20251103,487,2,4.13,False,31.02
654,20240209,572,3,4.18,False,45.19
655,20250803,157,1,3.07,True,61.93
656,20250902,181,2,4.28,False,21.31
657,20240221,558,1,2.29,True,91.27
658,20240110,208,5,3.4,False,65.92
659,20250515,338,5,2.72,False,64.33
660,20240217,466,3,3.64,False,54.93
661,20241030,454,1,3.74,False,52.1
662,20241223,58,2,4.38,False,47.22
663,20250430,238,1,3.98,False,46.13
664,20240224,736,4,4.34,False,30.06
665,20240115,255,5,2.84,False,87.42
666,20250216,705,4,3.88,False,58.43
667,20241107,292,5,2.8,True,92.82
668,20250516,113,1,3.32,False,71.31
669,20241121,563,3,4.14,False,31.74
670,20250921,53,1,3.31,False,52.93
671,20250311,570,2,5.0,False,19.64
672,20240319,177,1,3.16,False,100.0
673,20240218,695,3,4.18,False,53.06
674,20250120,709,2,4.33,False,50.51
675,20240614,368,4,3.65,False,56.78
676,20250809,111,2,5.0,False,22.45
677,20241014,312,2,3.27,False,37.58
678,20240325,504,3,4.62,False,22.77
679,20241225,354,2,3.97,False,38.57
680,20250302,691,1,3.28,False,68.74
681,20240809,691,1,3.58,False,54.61
682,20250629,97,1,3.2,False,59.77
683,20250326,695,3,3.78,False,62.23
684,20241130,600,1,3.99,False,65.93
685,20241002,198,1,3.39,False,46.24
686,20251024,267,1,2.57,False,77.83
687,20250818,94,4,3.44,False,72.33
688,20250818,569,4,4.07,False,33.12
689,20250327,368,4,3.75,False,62.63
690,20240329,39,4,4.44,False,41.08
691,20240312,135,3,3.79,False,52.33
692,20250207,500,4,4.49,False,43.56
693,20250209,529,1,2.39,False,100.0
694,20250324,192,2,4.43,False,28.1
695,20250731,175,4,3.0,True,78.46
696,20240319,183,5,2.9,True,91.85
697,20241230,545,4,4.07,False,42.53
698,20240526,648,4,4.64,False,32.99
699,20250205,409,3,4.48,False,35.86
700,20240430,20,3,3.9,False,48.54
701,20240801,87,3,3.21,False,53.34
702,20251011,355,1,3.02,False,71.24
703,20240103,487,2,4.24,False,33.47
704,20251105,349,1,2.76,False,78.04
705,20241011,148,1,3.95,False,61.31
706,20250721,690,2,4.08,False,28.42
707,20250213,121,1,2.79,False,70.15
708,20250730,23,2,4.45,False,40.07
709,20251130,341,1,3.82,True,62.48
710,20241104,550,2,4.21,False,41.25
711,20241209,625,4,3.68,False,71.14
712,20250410,123,1,4.33,False,53.76
713,20250201,59,3,4.05,False,33.29
714,20241211,591,5,3.22,False,97.76
715,20240715,347,1,3.48,False,60.14
716,20250410,282,1,2.87,False,70.51
717,20240303,196,5,3.03,False,80.8
718,20250108,6,1,3.34,False,64.32
719,20240324,155,5,3.54,False,65.07
720,20251231,604,4,3.63,False,52.78
721,20250505,570,2,4.43,False,29.06
722,20240920,314,4,4.69,False,41.13
723,20250129,679,2,4.71,False,23.49
724,20250415,453,2,4.68,False,28.75
725,20250912,698,5,3.39,False,75.04
726,20241003,713,1,2.4,False,100.0
727,20250216,740,1,3.83,False,63.56
728,20250329,155,5,2.87,False,72.02
729,20240402,48,2,3.79,False,57.51
730,20250812,597,2,4.7,False,23.25
731,20240513,328,1,3.19,False,67.03
732,20240810,215,5,3.46,False,90.79
733,20240829,115,1,4.0,False,51.66
734,20251009,533,4,3.11,False,60.11
735,20240417,324,5,3.32,False,76.68
736,20240219,660,2,4.29,False,24.63
737,20250808,354,2,4.56,False,27.95
738,20241019,416,1,3.76,False,61.79
739,20240507,265,3,3.99,False,59.04
740,20240517,425,2,4.43,False,36.32
741,20251210,648,4,3.41,False,62.03
742,20240507,560,1,3.38,False,65.36
743,20240422,386,5,3.68,False,60.33
744,20241125,207,1,3.7,False,67.38
745,20250506,726,1,3.05,False,65.62
746,20240712,313,1,3.32,False,74.54
747,20250919,554,2,3.2,False,45.81
748,20241114,25,5,2.7,True,83.08
749,20250626,504,3,4.49,False,24.32
750,20240828,563,3,4.61,False,29.35
751,20241119,386,5,3.59,False,56.29
752,20240302,144,3,3.35,False,71.84
753,20240607,107,5,3.37,False,80.7
754,20240719,413,3,3.93,False,39.88
755,20250623,474,1,3.72,False,59.0
756,20240330,333,1,3.55,False,71.94
757,20251126,352,3,4.0,False,44.12
758,20240803,518,4,3.73,False,53.87
759,20250328,413,3,4.71,False,22.82
760,20240603,333,1,3.31,False,73.47
761,20240912,545,4,4.51,False,27.07
762,20250719,172,4,3.95,False,72.82
763,20250812,148,1,3.67,False,68.52
764,20250922,703,5,3.6,False,44.86
765,20241013,358,1,3.83,False,57.92
766,20250928,572,3,4.03,False,41.62
767,20250611,379,3,4.23,False,47.1
768,20240115,531,3,3.16,False,73.61
769,20250420,267,1,2.77,False,82.81
770,20240603,330,4,2.44,False,86.85
771,20250523,130,4,4.02,False,46.21
772,20250330,419,3,3.88,False,68.23
773,20250410,306,3,4.21,False,40.68
774,20251009,458,1,3.56,False,65.99
775,20241106,724,4,3.76,False,50.23
776,20250731,566,1,3.67,False,51.65
777,20240914,200,4,3.49,False,68.77
778,20240714,47,1,3.84,False,58.41
779,20240825,300,2,4.89,False,26.72
780,20251103,410,3,3.94,False,38.01
781,20240911,135,3,4.9,False,23.5
782,20240605,493,2,4.3,True,50.93
783,20240928,381,2,4.3,False,37.6
784,20241111,208,5,2.83,False,77.99
785,20240601,306,3,3.92,False,47.21
786,20250412,521,3,3.72,False,50.55
787,20250817,364,3,3.95,False,49.29
788,20240123,202,2,3.83,False,42.27
789,20240212,14,3,4.47,False,21.18
790,20251130,432,1,2.97,False,68.72
791,20240301,202,2,4.22,False,37.87
792,20251218,563,3,4.57,False,24.57
793,20251220,254,3,4.64,False,32.19
794,20240909,476,5,3.61,False,68.71
795,20241115,450,4,4.36,False,36.71
796,20250617,510,3,4.22,False,43.73
797,20240516,535,4,2.2,False,100.0
798,20241024,426,3,4.01,False,44.83
799,20240928,139,1,3.66,False,58.58
800,20240420,400,2,3.97,False,43.7
801,20241226,208,5,3.99,False,57.73
802,20250615,239,3,3.63,False,37.59
803,20241219,426,3,4.13,False,45.0
804,20240624,397,4,3.16,False,61.73
805,20241030,159,3,3.74,False,54.57
806,20250422,6,1,3.46,False,67.34
807,20240501,467,1,3.33,False,81.39
808,20240516,593,2,4.01,False,53.88
809,20250810,69,5,2.9,False,56.65
810,20240426,440,1,3.17,False,97.1
811,20240926,749,2,3.55,False,76.85
812,20250719,322,4,4.26,False,25.35
813,20250203,737,2,4.04,False,18.98
814,20241029,289,4,3.47,False,65.5
815,20240222,563,3,5.0,False,20.14
816,20250317,403,2,4.06,False,46.51
817,20241031,273,4,2.78,False,80.35
818,20240616,342,1,3.58,False,46.77
819,20251128,612,1,2.35,False,72.74
820,20240328,652,3,4.21,False,38.38
821,20250728,628,4,3.66,False,48.93
822,20241223,287,5,4.06,False,34.42
823,20250601,286,3,3.85,False,38.21
824,20240222,343,2,4.11,False,38.28
825,20240308,215,5,2.58,True,100.0
826,20240102,306,3,3.9,False,51.47
827,20240907,50,2,4.1,False,22.47
828,20251013,430,1,3.1,False,67.33
829,20240608,592,2,4.33,False,23.99
830,20250827,386,5,3.78,False,67.01
831,20241024,50,2,4.46,False,23.79
832,20250808,611,3,4.29,False,44.3
833,20250504,334,4,3.54,False,67.57
834,20250518,682,2,3.31,False,78.48
835,20251216,653,1,2.7,False,76.26
836,20251103,628,4,3.18,False,65.16
837,20250115,472,1,3.47,False,68.98
838,20240101,103,2,4.47,False,36.39
839,20250617,566,1,3.23,False,57.26
840,20240830,440,1,3.77,False,89.05
841,20240415,628,4,4.13,False,56.97
842,20250819,417,3,3.68,False,31.54
843,20240401,11,1,2.7,False,100.0
844,20251012,57,5,3.0,False,85.51
845,20240414,140,2,3.98,False,41.01
846,20240801,55,1,2.95,False,65.4
847,20251110,3,2,4.7,False,32.95
848,20251222,55,1,3.3,False,71.06
849,20240821,226,4,4.55,False,48.61
850,20241026,470,2,4.05,False,34.02
851,20250720,245,2,3.63,False,58.32
852,20250906,83,2,3.02,False,55.42
853,20240315,717,4,4.54,False,50.78
854,20240705,453,2,4.79,False,25.06
855,20240102,146,2,4.32,False,43.05
856,20240319,86,2,3.85,False,74.37
857,20241019,705,4,3.69,False,64.9
858,20240912,475,5,2.92,True,94.68
859,20240418,380,3,3.28,False,65.98
860,20240613,110,2,4.14,False,37.17
861,20250120,51,3,3.65,False,60.46
862,20250807,138,3,3.66,True,59.39
863,20250620,124,3,4.01,False,36.0
864,20250727,535,4,3.45,False,91.9
865,20250129,399,4,3.64,False,52.7
866,20240326,126,3,4.59,False,39.91
867,20250904,384,2,4.34,False,45.05
868,20251220,463,4,3.39,False,69.0
869,20250627,335,2,4.67,False,30.51
870,20240216,263,5,2.7,False,91.32
871,20240514,642,3,4.27,False,39.95
872,20250410,679,2,4.76,False,23.94
873,20240302,518,4,4.59,False,53.36
874,20241017,562,1,3.92,False,54.26
875,20250602,645,2,3.98,False,42.17
876,20251006,136,2,3.98,False,41.51
877,20250416,535,4,3.19,False,100.0
878,20240817,148,1,3.0,False,66.66
879,20240521,644,1,2.91,False,95.75
880,20250118,2,4,4.13,False,65.58
881,20251225,612,1,3.64,False,74.32
882,20241005,379,3,4.52,False,43.4
883,20250118,703,5,3.79,False,48.38
884,20250224,377,1,3.34,False,57.0
885,20240329,406,1,3.54,False,65.55
886,20250425,41,1,3.2,False,64.73
887,20251018,365,5,3.27,False,71.08
888,20240417,628,4,3.6,False,60.6
889,20250725,745,4,3.64,False,63.51
890,20250507,209,4,3.03,False,67.18
891,20250330,203,4,3.39,False,60.53
892,20240925,712,1,3.58,False,79.38
893,20250608,551,3,3.36,False,60.88
894,20240612,1,4,3.58,False,60.1
895,20240519,77,1,2.63,False,68.65
896,20251221,374,1,3.26,False,51.08
897,20250228,202,2,4.26,False,27.53
898,20251014,713,1,2.51,False,95.1
899,20241201,486,2,3.91,False,63.57
900,20240104,59,3,3.71,False,57.16
901,20251129,510,3,4.16,False,33.38
902,20251223,231,1,3.64,False,66.19
903,20250822,554,2,4.06,True,44.14
904,20240616,295,4,3.77,False,51.39
905,20240601,352,3,3.0,False,72.35
906,20240511,650,1,3.57,False,76.02
907,20250105,306,3,4.44,False,32.78
908,20251013,191,2,4.29,False,34.75
909,20251007,429,1,3.3,False,63.07
910,20250702,175,4,4.19,False,34.88
911,20240812,192,2,4.19,False,23.38
912,20240702,507,5,3.47,False,67.18
913,20250416,732,4,4.1,False,44.16
914,20240403,39,4,3.12,False,56.49
915,20240613,12,2,5.0,False,14.3
916,20250801,481,4,4.35,False,34.98
917,20250401,594,1,3.31,False,68.3
918,20250514,125,2,4.57,True,30.76
919,20251107,472,1,3.91,False,65.07
920,20240221,173,3,3.83,False,44.45
921,20250714,456,5,3.68,False,49.0
922,20240521,7,4,2.41,False,100.0
923,20250605,377,1,3.31,False,59.36
924,20240608,653,1,2.98,True,72.88
925,20240305,442,5,3.88,False,57.98
926,20251105,118,2,4.53,False,45.78
927,20250209,726,1,3.62,False,61.51
928,20250414,492,2,4.68,False,41.36
929,20250217,9,4,3.62,False,57.78
930,20250521,686,2,5.0,False,4.94
931,20251224,417,3,4.36,False,21.01
932,20250426,513,4,3.94,False,46.58
933,20240207,263,5,2.71,False,84.78
934,20241022,11,1,2.61,False,88.94
935,20240522,583,1,3.29,False,71.93
936,20241026,378,5,3.39,False,79.88
937,20250626,647,1,3.15,False,73.47
938,20240302,155,5,4.06,False,74.54
939,20240829,14,3,4.13,False,39.34
940,20250829,521,3,4.09,False,51.91
941,20251008,415,4,4.45,False,36.77
942,20240820,602,3,3.8,False,55.61
943,20250527,283,3,4.06,False,37.34
944,20251110,264,1,3.59,False,60.52
945,20250902,479,5,3.34,False,63.33
946,20240530,130,4,3.99,False,47.16
947,20251027,479,5,3.33,False,78.87
948,20240405,658,2,4.14,False,47.54
949,20240619,689,3,3.45,False,79.67
950,20240609,261,4,4.15,False,36.88
951,20250725,412,4,2.59,False,95.7
952,20240921,351,4,3.49,False,66.66
953,20241215,130,4,3.45,False,48.19
954,20240813,51,3,3.63,False,60.48
955,20251031,168,1,3.24,False,74.58
956,20250424,361,2,3.88,False,41.9
957,20240101,640,5,2.22,False,98.92
958,20240220,381,2,3.96,False,43.59
959,20240817,329,3,3.85,False,51.56
960,20250819,511,2,3.62,False,37.67
961,20241127,225,2,4.25,False,40.42
962,20240726,68,1,4.18,False,56.15
963,20240720,497,1,3.49,False,64.88
964,20250516,629,1,3.02,False,66.18
965,20250303,263,5,2.62,False,91.95
966,20250818,192,2,4.54,False,24.32
967,20240210,357,5,3.82,False,67.77
968,20241113,352,3,4.44,False,44.93
969,20241221,539,1,4.17,False,58.15
970,20250329,410,3,4.73,False,18.43
971,20250507,168,1,4.04,False,62.18
972,20250320,450,4,4.05,False,32.52
973,20250317,446,4,3.15,False,46.31
974,20240119,290,1,2.32,True,92.74
975,20250628,93,1,3.23,False,43.19
976,20250417,605,1,3.6,False,62.64
977,20240204,705,4,4.21,False,55.35
978,20241126,738,5,2.97,False,56.33
979,20240401,185,1,3.8,False,58.56
980,20240510,43,1,4.02,False,55.54
981,20240426,622,3,4.31,True,64.15
982,20240323,225,2,3.96,False,43.04
983,20240201,226,4,4.36,False,38.67
984,20250323,160,2,4.68,False,7.35
985,20240614,318,2,3.6,False,53.09
986,20240510,306,3,3.85,False,35.69
987,20250726,386,5,3.11,False,67.57
988,20240604,80,3,4.47,False,27.15
989,20251112,521,3,4.65,False,31.9
990,20251018,47,1,3.48,False,57.43
991,20240515,83,2,4.73,False,23.9
992,20250126,481,4,4.0,False,37.5
993,20250829,388,3,4.24,False,39.56
994,20251102,446,4,3.92,False,40.52
995,20241104,386,5,4.12,False,49.8
996,20250623,468,3,3.97,False,48.85
997,20250709,376,1,3.57,False,58.19
998,20240320,413,3,3.79,False,46.12
999,20250523,498,4,3.75,False,39.8
1000,20241018,453,2,3.66,False,47.52
1001,20240826,87,3,3.27,False,73.44
1002,20240714,252,4,3.89,False,53.75
1003,20241020,635,2,3.61,False,69.7
1004,20241020,365,5,3.47,False,59.93
1005,20250729,663,2,3.77,False,71.36
1006,20250325,430,1,3.2,False,64.61
1007,20250324,482,2,4.86,False,31.2
1008,20240516,107,5,3.21,False,78.65
1009,20250602,57,5,4.21,False,48.4
1010,20241001,364,3,3.69,False,64.73
1011,20240621,108,3,4.18,False,39.17
1012,20251218,730,2,4.8,False,17.05
1013,20240807,27,1,2.81,False,74.9
1014,20250330,380,3,3.97,False,38.44
1015,20251113,569,4,3.45,False,47.01
1016,20250811,241,2,5.0,False,24.14
1017,20250305,283,3,4.08,False,52.31
1018,20240702,523,4,3.56,False,86.89
1019,20240929,471,4,2.98,False,67.14
1020,20240408,511,2,5.0,False,27.85
1021,20251226,614,4,2.96,False,77.73
1022,20251008,560,1,3.08,False,66.73
1023,20240718,116,3,3.42,False,60.78
1024,20241111,268,4,3.71,True,77.16
1025,20250328,684,4,2.94,False,83.73
1026,20251123,9,4,3.93,False,52.65
1027,20250302,99,2,4.25,False,37.46
1028,20241010,567,3,4.19,False,46.49
1029,20250826,537,5,3.25,False,78.16
1030,20240917,94,4,3.0,False,79.34
1031,20240401,177,1,3.09,False,97.04
1032,20240516,5,1,3.73,False,80.65
1033,20250206,406,1,4.38,False,46.07
1034,20250205,390,1,3.9,False,65.46
1035,20250515,537,5,2.6,False,88.1
1036,20240725,198,1,3.51,False,67.92
1037,20250919,548,3,4.09,False,41.8
1038,20240603,282,1,3.49,False,62.74
1039,20241118,494,5,3.29,False,66.13
1040,20250225,3,2,4.25,False,39.95
1041,20240913,2,4,3.24,False,69.77
1042,20240130,17,5,3.74,False,49.84
1043,20250104,475,5,2.69,True,92.66
1044,20240402,171,2,3.4,False,65.51
1045,20240828,700,2,4.56,False,17.0
1046,20240629,78,2,4.27,False,30.66
1047,20250810,561,2,4.06,False,34.53
1048,20251221,343,2,4.35,False,34.58
1049,20240713,646,1,3.39,False,64.15
1050,20250202,363,3,4.22,False,36.89
1051,20251025,554,2,4.06,False,35.33
1052,20250503,184,1,3.87,False,82.84
1053,20240123,224,4,3.61,False,44.19
1054,20250216,498,4,3.82,False,44.68
1055,20250316,222,1,3.04,False,73.2
1056,20251228,449,5,3.94,False,50.0
1057,20251015,507,5,2.57,False,78.27
1058,20241015,611,3,4.57,False,14.0
1059,20240314,745,4,3.97,False,66.46
1060,20250709,163,4,2.89,False,68.37
1061,20241022,223,2,4.75,False,20.76
1062,20250516,252,4,3.6,False,71.67
1063,20251103,202,2,3.57,False,41.79
1064,20240623,698,5,4.28,False,61.03
1065,20251203,642,3,3.74,False,43.23
1066,20250310,226,4,3.5,False,58.26
1067,20250513,520,3,3.48,False,77.19
1068,20240504,351,4,3.09,False,69.47
1069,20250602,498,4,3.46,False,34.41
1070,20250313,440,1,3.15,False,97.65
1071,20241228,624,4,4.62,False,19.0
1072,20250608,641,1,3.7,False,51.63
1073,20240424,684,4,2.81,False,90.32
1074,20251030,635,2,4.0,False,80.8
1075,20241028,527,3,3.32,False,88.13
1076,20240413,69,5,3.17,False,38.35
1077,20241219,175,4,4.83,False,34.28
1078,20240928,111,2,4.53,True,36.74
1079,20251205,167,5,2.57,False,100.0
1080,20241007,11,1,3.05,False,98.88
1081,20241025,703,5,3.54,False,50.4
1082,20251008,461,3,4.94,False,36.64
1083,20250416,265,3,4.32,False,39.47
1084,20250602,202,2,4.15,False,42.68
1085,20240826,698,5,2.85,False,94.18
1086,20241115,504,3,3.98,False,40.52
1087,20250228,196,5,3.3,False,64.04
1088,20250627,141,1,3.88,False,54.69
1089,20240529,510,3,4.3,False,33.98
1090,20250221,94,4,3.8,False,61.07
1091,20251127,59,3,4.26,False,40.0
1092,20250816,69,5,3.45,False,50.4
1093,20250323,308,5,3.08,False,79.36
1094,20250820,589,1,4.22,False,53.53
1095,20240118,377,1,4.3,False,55.24
1096,20250627,543,4,3.92,False,51.67
1097,20240206,341,1,3.3,False,63.64
1098,20240221,349,1,3.65,False,70.87
1099,20240418,317,1,3.92,False,51.33
1100,20250817,329,3,4.02,False,36.81
1101,20240620,354,2,3.75,False,48.28
1102,20240322,146,2,4.73,True,42.77
1103,20250707,43,1,3.15,False,66.52
1104,20240813,67,1,3.75,False,46.0
1105,20240625,232,2,4.56,False,30.91
1106,20251222,277,5,3.04,False,66.98
1107,20240414,156,1,3.6,False,50.74
1108,20240725,411,4,3.49,False,53.84
1109,20251115,537,5,3.14,False,83.81
1110,20241014,264,1,3.88,False,52.88
1111,20241115,746,2,4.4,False,24.49
1112,20240320,248,2,5.0,False,18.47
1113,20251030,640,5,2.96,False,86.83
1114,20241106,270,3,4.0,False,28.77
1115,20250816,622,3,3.91,False,46.73
1116,20250423,479,5,2.39,False,100.0
1117,20240312,671,1,2.87,False,100.0
1118,20250827,466,3,4.23,False,40.47
1119,20240517,538,3,3.92,False,43.26
1120,20240329,8,1,3.0,True,76.18
1121,20250329,413,3,4.3,False,24.79
1122,20251023,95,2,3.83,False,38.84
1123,20250528,155,5,3.03,False,86.97
1124,20250123,343,2,4.26,False,34.67
1125,20240604,101,5,2.38,False,100.0
1126,20250809,465,2,4.54,False,22.46
1127,20251119,601,4,2.95,False,92.01
1128,20250509,742,3,4.16,False,46.8
1129,20240812,227,1,3.51,False,51.43
1130,20240106,344,4,3.27,False,42.93
1131,20250127,386,5,3.66,False,66.14
1132,20240222,8,1,4.31,False,50.47
1133,20250411,520,3,3.71,False,61.76
1134,20240207,165,1,3.91,False,74.0
1135,20250521,278,1,2.97,False,83.4
1136,20241020,289,4,3.81,False,76.61
1137,20240613,44,1,3.58,False,54.36
1138,20240509,750,3,4.33,False,29.6
1139,20250622,74,3,4.07,False,30.04
1140,20251217,111,2,5.0,False,25.04
1141,20240112,538,3,3.97,False,55.08
1142,20250915,581,4,3.44,False,86.98
1143,20240929,474,1,2.9,False,78.56
1144,20240918,411,4,2.95,True,72.92
1145,20241118,733,1,2.94,False,68.65
1146,20240112,252,4,4.13,False,42.91
1147,20251121,472,1,4.22,False,55.84
1148,20250922,544,1,3.62,False,66.6
1149,20240512,421,4,3.92,False,50.89
1150,20241015,223,2,4.52,False,22.36
1151,20250113,589,1,4.54,False,50.13
1152,20250811,148,1,3.07,True,77.22
1153,20240424,644,1,2.62,True,100.0
1154,20250419,529,1,3.35,False,93.6
1155,20240912,339,3,4.57,False,20.45
1156,20240505,684,4,3.31,False,77.92
1157,20250817,215,5,3.02,False,86.26
1158,20240629,517,5,2.88,False,80.74
1159,20250609,528,2,3.77,False,58.07
1160,20240401,125,2,4.41,False,11.99
1161,20240429,252,4,3.4,False,61.12
1162,20240219,719,3,4.71,False,17.41
1163,20251202,388,3,4.27,True,49.13
1164,20250113,525,1,2.99,False,71.67
1165,20240118,202,2,3.96,False,25.92
1166,20250227,450,4,3.82,False,39.22
1167,20240312,429,1,2.91,True,74.71
1168,20240401,399,4,3.51,False,63.79
1169,20240625,653,1,4.26,False,49.42
1170,20241012,271,1,2.52,True,100.0
1171,20250630,610,2,3.79,False,44.81
1172,20251214,540,3,3.06,False,74.6
1173,20241121,472,1,3.63,False,59.63
1174,20241228,220,5,4.23,False,55.37
1175,20240402,110,2,4.49,False,24.88
1176,20240529,724,4,3.69,False,52.66
1177,20240226,748,3,4.91,False,29.64
1178,20250120,500,4,4.2,False,55.91
1179,20251227,176,4,3.53,False,57.97
1180,20240927,126,3,4.07,False,42.64
1181,20250828,582,5,3.12,False,85.58
1182,20240323,220,5,3.09,False,72.08
1183,20240525,77,1,3.32,False,60.82
1184,20250723,630,3,3.74,False,55.24
1185,20241104,82,1,3.41,False,67.06
1186,20240707,609,1,3.56,False,68.16
1187,20250312,152,5,2.04,False,100.0
1188,20240906,492,2,4.79,False,30.38
1189,20240102,316,3,3.63,False,51.59
1190,20240227,139,1,3.07,False,68.72
1191,20241214,241,2,3.98,False,29.16
1192,20251226,516,2,4.83,False,35.03
1193,20240926,469,1,3.26,False,88.37
1194,20240401,620,3,3.98,False,52.76
1195,20240303,238,1,2.89,False,70.53
1196,20250514,423,5,2.91,False,100.0
1197,20250926,201,4,3.98,False,33.72
1198,20250329,391,4,4.09,False,33.97
1199,20241114,628,4,3.81,False,55.23
1200,20240530,179,1,3.51,False,77.08
1201,20241126,545,4,4.46,False,45.36
1202,20241119,180,4,4.01,False,39.35
1203,20241003,204,2,4.9,False,18.51
1204,20251116,269,2,3.62,False,52.46
1205,20240625,579,5,3.62,False,63.33
1206,20240411,464,1,3.2,False,100.0
1207,20250325,2,4,4.34,False,43.78
1208,20240809,197,3,4.14,False,16.68
1209,20240614,25,5,3.33,False,67.48
1210,20251020,515,1,3.83,False,78.62
1211,20240717,642,3,3.73,False,43.58
1212,20240201,667,3,4.15,False,47.35
1213,20250628,20,3,4.32,False,31.92
1214,20250309,132,2,3.78,False,36.47
1215,20251223,252,4,3.78,False,57.72
1216,20240624,446,4,4.19,False,27.89
1217,20250124,267,1,2.67,False,68.99
1218,20250602,223,2,4.25,False,48.73
1219,20240123,478,3,4.74,False,26.89
1220,20251011,649,5,2.31,False,100.0
1221,20251113,609,1,3.13,False,70.18
1222,20240714,359,3,4.09,False,49.21
1223,20250120,384,2,4.04,False,45.2
1224,20241227,241,2,4.44,False,29.64
1225,20240204,471,4,3.51,False,67.79
1226,20250401,515,1,3.02,False,91.2
1227,20251230,365,5,3.14,False,69.38
1228,20241030,267,1,3.66,False,57.36
1229,20240224,506,4,4.24,False,48.97
1230,20240226,500,4,3.79,False,61.71
1231,20250327,267,1,2.27,False,86.98
1232,20250425,257,2,4.39,False,27.83
1233,20240130,518,4,3.52,False,59.27
1234,20241119,690,2,4.93,False,26.46
1235,20251023,6,1,2.82,False,76.7
1236,20250729,571,3,4.47,False,52.85
1237,20251211,30,1,3.64,False,61.2
1238,20241011,454,1,3.63,False,58.96
1239,20240116,395,1,2.06,False,100.0
1240,20241211,602,3,4.02,False,49.36
1241,20250207,73,2,4.87,False,30.63
1242,20250930,2,4,4.1,False,69.37
1243,20250412,3,2,4.25,False,32.05
1244,20250124,364,3,3.7,False,59.01
1245,20250514,714,2,4.6,False,27.94
1246,20250601,277,5,3.04,False,55.6
1247,20250830,735,4,4.14,False,28.08
1248,20240712,531,3,3.76,False,65.09
1249,20240306,425,2,4.5,False,28.41
1250,20240505,331,2,3.82,False,67.51
1251,20250828,591,5,2.7,True,100.0
1252,20241108,750,3,4.3,False,42.99
1253,20241104,360,2,4.34,False,57.77
1254,20250613,161,2,3.86,False,48.39
1255,20240318,487,2,4.22,False,39.82
1256,20251213,600,1,3.61,False,63.88
1257,20240816,458,1,3.71,False,59.34
1258,20250407,216,1,3.12,False,69.18
1259,20250417,8,1,2.89,False,76.85
1260,20250826,589,1,3.25,False,75.08
1261,20251103,644,1,2.27,True,100.0
1262,20250111,647,1,2.71,False,70.86
1263,20250725,369,4,4.69,False,33.0
1264,20240309,27,1,2.72,False,100.0
1265,20241029,283,3,4.51,False,40.2
1266,20241221,136,2,3.49,False,44.48
1267,20251204,50,2,4.68,False,28.68
1268,20240919,95,2,4.44,False,25.79
1269,20240118,520,3,3.66,False,77.63
1270,20250907,153,5,2.7,False,74.31
1271,20241223,450,4,3.99,False,31.75
1272,20241111,252,4,3.17,False,63.82
1273,20250527,198,1,3.83,False,43.91
1274,20241206,425,2,4.36,False,40.93
1275,20250708,497,1,3.09,False,77.53
1276,20241017,610,2,3.62,False,39.86
1277,20250516,19,1,3.33,False,64.84
1278,20250825,538,3,3.21,False,58.26
1279,20240510,747,1,3.48,False,64.13
1280,20240712,116,3,4.72,False,38.87
1281,20251206,406,1,3.37,False,60.73
1282,20250220,407,5,3.4,False,94.3
1283,20250509,137,5,2.93,False,88.11
1284,20250329,87,3,3.42,False,60.13
1285,20250506,443,5,3.3,False,77.04
1286,20251010,2,4,3.53,False,66.6
1287,20250530,715,1,3.68,False,65.51
1288,20250204,426,3,4.04,False,47.71
1289,20240723,589,1,2.79,True,79.69
1290,20251123,324,5,3.57,False,61.99
1291,20251001,77,1,3.38,False,57.06
1292,20250721,458,1,3.59,True,61.0
1293,20250819,511,2,4.17,False,37.29
1294,20240518,502,2,4.38,False,35.82
1295,20240621,678,5,2.79,False,74.05
1296,20250325,235,1,2.92,False,67.69
1297,20241129,503,2,4.42,False,21.73
1298,20240815,264,1,4.28,False,50.67
1299,20250322,738,5,2.92,True,68.49
1300,20250624,216,1,3.83,False,59.02
1301,20251211,665,3,4.19,False,40.93
1302,20240808,449,5,3.15,False,77.74
1303,20251021,686,2,4.61,False,15.76
1304,20240104,710,5,3.63,False,53.07
1305,20240907,186,2,4.79,False,18.59
1306,20240630,297,5,2.51,False,81.23
1307,20240511,85,3,4.46,False,23.63
1308,20251203,599,2,4.59,False,32.7
1309,20250630,570,2,4.03,False,49.45
1310,20251126,560,1,3.24,False,72.54
1311,20250214,208,5,3.68,False,58.51
1312,20250722,298,2,4.19,False,41.98
1313,20240922,564,2,3.3,False,59.15
1314,20240510,378,5,2.27,True,100.0
1315,20240417,244,2,4.39,False,43.6
1316,20250912,267,1,3.78,False,50.96
1317,20250426,624,4,4.13,False,29.85
1318,20251120,309,3,3.2,False,81.41
1319,20240120,173,3,4.09,False,43.63
1320,20250915,452,2,4.68,False,32.19
1321,20241007,130,4,3.66,False,59.38
1322,20250107,334,4,3.51,False,69.78
1323,20250304,749,2,3.54,False,78.37
1324,20241110,74,3,2.83,False,40.71
1325,20240526,333,1,2.96,True,74.6
1326,20250614,243,4,3.86,False,47.77
1327,20240207,85,3,3.83,False,31.74
1328,20241126,27,1,1.93,False,100.0
1329,20251120,654,3,3.64,False,78.23
1330,20240306,363,3,4.64,False,14.74
1331,20240523,209,4,3.69,False,34.65
1332,20250703,285,2,3.54,False,72.25
1333,20240702,642,3,4.64,False,34.1
1334,20250328,316,3,4.45,False,32.02
1335,20241001,245,2,3.91,False,34.29
1336,20250702,144,3,3.89,False,52.89
1337,20251201,577,1,3.82,False,45.01
1338,20240606,39,4,4.39,False,40.39
1339,20241116,254,3,4.14,False,39.2
1340,20240427,548,3,4.52,False,44.95
1341,20251001,209,4,3.26,False,65.57
1342,20251210,20,3,4.19,False,48.75
1343,20250309,613,5,3.01,False,72.03
1344,20250802,652,3,4.24,False,32.63
1345,20251226,533,4,3.59,False,62.41
1346,20250805,292,5,2.67,False,92.21
1347,20240915,293,3,3.85,False,30.9
1348,20251105,330,4,3.54,False,71.3
1349,20250313,278,1,3.58,False,63.49
1350,20250107,63,4,3.87,False,62.56
1351,20250606,11,1,3.23,True,100.0
1352,20240618,254,3,3.53,False,49.58
1353,20241208,416,1,3.61,False,55.5
1354,20250423,532,3,3.37,False,87.39
1355,20240824,136,2,4.68,False,33.27
1356,20250906,134,1,3.26,False,55.81
1357,20251230,525,1,3.06,False,97.94
1358,20240313,62,3,3.81,False,43.53
1359,20250907,491,3,3.47,False,54.46
1360,20240828,450,4,4.15,False,25.28
1361,20240430,667,3,3.96,False,58.69
1362,20240523,19,1,3.43,False,65.38
1363,20250630,453,2,3.75,False,41.01
1364,20240918,514,1,3.21,False,68.05
1365,20240224,610,2,3.87,False,41.15
1366,20241111,47,1,3.86,False,54.82
1367,20250903,131,2,4.79,False,31.73
1368,20241013,495,1,3.25,False,74.11
1369,20250905,382,3,4.32,False,46.49
1370,20250302,298,2,4.29,False,33.73
1371,20241003,465,2,4.29,False,27.8
1372,20250921,342,1,2.95,True,70.09
1373,20251205,379,3,3.82,False,49.43
1374,20250324,635,2,4.34,False,64.16
1375,20240305,457,1,3.26,False,71.19
1376,20240510,93,1,3.07,False,59.48
1377,20240813,39,4,4.03,False,47.69
1378,20250611,655,1,2.79,True,60.43
1379,20250912,261,4,3.33,False,37.0
1380,20240907,691,1,2.71,False,90.5
1381,20240117,579,5,2.52,True,88.97
1382,20251111,722,1,4.05,False,60.19
1383,20250416,239,3,4.05,False,41.66
1384,20240611,511,2,4.97,False,20.95
1385,20250716,175,4,3.83,False,50.57
1386,20240208,724,4,4.01,False,59.84
1387,20250812,300,2,4.58,False,25.36
1388,20241030,250,4,3.27,False,75.91
1389,20240715,164,1,3.02,False,100.0
1390,20240625,605,1,3.51,False,62.83
1391,20240611,376,1,4.23,False,42.93
1392,20240402,601,4,3.11,False,93.48
1393,20240911,670,1,2.87,False,100.0
1394,20250815,468,3,3.88,False,57.0
1395,20240625,356,4,4.78,False,33.75
1396,20251231,128,5,2.58,False,100.0
1397,20250415,379,3,4.63,False,29.57
1398,20240805,565,5,2.8,False,94.73
1399,20250602,711,1,4.24,False,47.81
1400,20251115,659,1,4.09,False,56.69
1401,20250928,440,1,2.05,True,100.0
1402,20241215,574,3,3.87,False,31.1
1403,20250101,498,4,4.0,False,46.7
1404,20240411,286,3,4.52,False,31.87
1405,20250304,511,2,4.73,False,30.17
1406,20250818,146,2,5.0,False,25.05
1407,20250426,76,3,4.42,False,11.78
1408,20250813,508,4,3.18,False,70.42
1409,20250123,74,3,5.0,False,23.44
1410,20250706,246,2,3.83,False,47.88
1411,20240526,487,2,4.89,False,16.45
1412,20250401,364,3,3.9,False,49.86
1413,20240123,574,3,3.51,False,35.41
1414,20241107,345,2,4.76,False,23.93
1415,20240310,302,2,3.74,False,18.9
1416,20250404,624,4,4.13,False,40.68
1417,20241026,111,2,2.82,False,60.59
1418,20240718,93,1,3.37,False,55.59
1419,20240708,718,3,4.23,False,45.56
1420,20250921,343,2,3.92,False,37.67
1421,20240924,262,1,3.04,False,82.91
1422,20250405,359,3,2.81,False,70.27
1423,20241203,420,1,3.11,False,68.03
1424,20241111,522,1,2.83,False,96.17
1425,20250517,131,2,4.02,False,24.58
1426,20240721,333,1,2.79,True,79.34
1427,20250602,296,1,3.91,False,58.16
1428,20250420,123,1,2.61,False,76.75
1429,20240305,97,1,3.33,False,76.56
1430,20240224,355,1,3.37,False,67.94
1431,20251216,426,3,4.55,False,29.16
1432,20250629,293,3,4.52,False,21.13
1433,20250219,496,2,4.45,False,26.38
1434,20251214,484,3,4.75,True,55.97
1435,20251010,342,1,2.61,False,74.66
1436,20240102,49,2,4.24,False,33.21
1437,20251106,203,4,2.62,False,68.78
1438,20240806,116,3,3.66,False,50.35
1439,20250511,707,3,4.41,False,33.57
1440,20251220,645,2,4.08,False,49.28
1441,20241228,13,4,4.28,False,35.91
1442,20240330,495,1,3.22,False,92.85
1443,20241120,221,2,4.92,True,42.22
1444,20240114,70,2,4.27,False,56.99
1445,20240115,157,1,3.03,True,64.85
1446,20251024,485,2,4.61,False,29.15
1447,20240828,414,2,4.22,False,20.8
1448,20250330,163,4,3.65,False,59.59
1449,20240414,515,1,3.31,False,82.09
1450,20250219,359,3,3.61,False,64.93
1451,20250419,27,1,3.18,False,78.5
1452,20240506,506,4,4.61,True,54.01
1453,20250228,259,5,2.16,True,100.0
1454,20241006,102,1,3.95,False,49.02
1455,20240703,129,4,2.99,False,71.23
1456,20240930,629,1,3.06,False,82.91
1457,20251219,255,5,3.0,False,95.56
1458,20251116,110,2,4.36,False,32.38
1459,20240304,135,3,3.79,False,42.67
1460,20240713,484,3,3.06,False,61.75
1461,20240222,136,2,4.18,False,32.2
1462,20240414,493,2,3.71,False,47.57
1463,20240218,629,1,3.55,False,68.01
1464,20250620,279,4,3.5,False,83.92
1465,20250316,179,1,3.32,False,65.41
1466,20240726,308,5,4.13,False,52.77
1467,20240419,267,1,3.75,False,56.22
1468,20240906,714,2,4.23,False,21.38
1469,20250418,215,5,2.46,False,100.0
1470,20240510,458,1,3.29,False,67.25
1471,20250211,405,3,4.28,False,40.89
1472,20250330,509,1,1.02,True,100.0
1473,20250718,170,5,3.23,False,77.47
1474,20250702,176,4,3.35,False,40.33
1475,20241201,392,4,4.04,False,53.5
1476,20251217,563,3,3.92,False,30.07
1477,20240717,512,2,4.68,False,19.24
1478,20240517,135,3,4.12,False,46.23
1479,20250529,253,3,3.88,False,42.71
1480,20250909,184,1,2.87,False,80.07
1481,20240429,291,5,3.44,False,83.44
1482,20251212,580,5,3.51,False,71.19
1483,20251209,24,3,4.02,False,53.22
1484,20250913,566,1,3.61,False,63.74
1485,20250918,194,2,4.46,False,29.97
1486,20240115,130,4,3.64,False,60.51
1487,20250511,11,1,3.46,False,88.58
1488,20250201,514,1,3.55,False,67.13
1489,20251214,229,1,3.31,False,78.51
1490,20250317,397,4,3.78,False,49.6
1491,20240118,449,5,3.52,False,60.23
1492,20240104,333,1,3.96,False,58.5
1493,20251109,613,5,3.26,False,71.8
1494,20240503,495,1,2.8,False,86.1
1495,20240428,666,2,3.95,False,45.67
1496,20240427,341,1,3.38,False,59.68
1497,20250205,535,4,3.65,False,78.56
1498,20251126,543,4,3.8,False,53.45
1499,20241017,515,1,3.11,True,98.93
1500,20250829,295,4,2.47,False,77.94
1501,20251125,94,4,3.53,False,79.36
1502,20240213,223,2,4.18,True,39.47
1503,20250727,246,2,4.28,False,38.52
1504,20251122,128,5,2.01,True,100.0
1505,20241226,732,4,4.51,True,28.61
1506,20241124,168,1,3.4,False,76.2
1507,20241011,311,2,4.63,False,18.99
1508,20250922,2,4,2.79,False,66.88
1509,20250811,17,5,2.63,False,63.22
1510,20250203,494,5,3.35,False,74.87
1511,20250716,342,1,3.21,False,71.27
1512,20250329,182,2,4.13,False,39.06
1513,20240328,705,4,3.8,False,56.86
1514,20240205,67,1,3.57,False,65.14
1515,20250225,413,3,3.65,False,39.07
1516,20240503,200,4,3.27,False,62.75
1517,20250903,158,1,3.21,False,69.68
1518,20250604,152,5,2.55,False,100.0
1519,20240320,123,1,3.38,False,65.45
1520,20250919,370,3,4.16,False,43.24
1521,20240505,257,2,5.0,False,40.27
1522,20240906,27,1,3.11,False,75.71
1523,20240618,322,4,4.55,False,12.89
1524,20240428,41,1,3.0,False,63.68
1525,20240109,56,4,3.73,False,52.43
1526,20241105,246,2,3.67,False,36.48
1527,20251216,708,2,3.58,False,43.62
1528,20240502,430,1,3.12,False,82.53
1529,20240814,568,1,3.66,False,68.1
1530,20240101,138,3,4.55,False,35.7
1531,20250702,623,1,2.91,False,85.09
1532,20250612,333,1,3.9,False,49.38
1533,20250325,637,3,3.97,True,61.47
1534,20241026,560,1,3.19,True,75.2
1535,20240604,480,1,4.02,False,45.32
1536,20240711,456,5,3.47,False,58.83
1537,20250616,604,4,3.14,True,68.86
1538,20240116,587,3,3.81,False,60.5
1539,20241003,577,1,3.69,False,40.47
1540,20250426,173,3,4.19,False,46.87
1541,20240816,79,1,3.43,False,79.16
1542,20240807,560,1,3.29,False,71.4
1543,20250806,185,1,3.14,False,70.29
1544,20250302,678,5,3.57,False,65.94
1545,20240423,571,3,3.94,False,39.05
1546,20240529,457,1,3.67,False,68.78
1547,20240825,643,1,3.87,False,50.89
1548,20250321,185,1,3.43,False,61.22
1549,20251020,38,3,3.35,False,63.55
1550,20250812,706,1,3.65,False,81.19
1551,20240722,231,1,3.35,False,66.83
1552,20240203,200,4,3.09,False,65.96
1553,20251016,747,1,2.78,False,80.65
1554,20240501,377,1,3.6,False,72.64
1555,20250714,190,2,3.5,False,59.63
1556,20240329,629,1,3.1,False,79.55
1557,20251027,215,5,2.46,False,96.93
1558,20250504,589,1,4.25,False,50.44
1559,20240618,469,1,3.45,False,93.64
1560,20240819,100,4,3.89,False,57.12
1561,20240417,748,3,3.8,False,46.28
1562,20240905,342,1,3.87,True,71.85
1563,20240718,514,1,3.27,False,71.6
1564,20241218,551,3,4.57,False,37.73
1565,20251222,69,5,3.67,False,41.04
1566,20241217,712,1,3.35,False,71.19
1567,20250414,698,5,2.53,False,92.39
1568,20250123,154,2,4.55,False,17.64
1569,20250224,387,2,4.46,False,37.38
1570,20251217,330,4,3.37,False,77.84
1571,20250718,640,5,2.18,False,100.0
1572,20250404,13,4,3.61,False,56.55
1573,20250914,251,5,3.24,False,92.3
1574,20240128,30,1,3.21,False,80.62
1575,20251229,316,3,4.5,False,21.81
1576,20240704,388,3,3.67,False,43.89
1577,20241018,208,5,3.27,False,76.21
1578,20250316,720,2,3.75,False,63.43
1579,20251014,698,5,2.61,False,86.1
1580,20240807,152,5,1.69,True,100.0
1581,20240805,532,3,3.15,False,85.07
1582,20240306,402,4,4.17,False,55.09
1583,20240514,361,2,3.56,False,45.63
1584,20250222,209,4,4.6,True,49.16
1585,20250327,177,1,2.8,False,100.0
1586,20250325,139,1,2.79,False,80.85
1587,20240118,393,3,4.69,True,41.17
1588,20240312,179,1,3.14,False,72.33
1589,20240227,642,3,3.23,False,52.98
1590,20250426,2,4,3.44,False,64.8
1591,20250816,191,2,4.76,False,21.41
1592,20250523,445,1,3.56,False,75.09
1593,20241001,566,1,3.45,False,55.61
1594,20240412,517,5,2.87,False,75.22
1595,20250617,175,4,4.22,False,28.63
1596,20250401,699,2,3.77,False,43.94
1597,20250518,496,2,3.87,False,36.17
1598,20250423,634,4,3.18,False,62.3
1599,20250916,436,3,4.38,True,41.09
1600,20241119,571,3,4.08,False,38.91
1601,20240821,39,4,3.42,False,46.74
1602,20240207,114,2,4.28,False,24.41
1603,20250915,603,3,3.38,False,76.52
1604,20250405,748,3,4.32,False,45.52
1605,20240309,79,1,2.93,True,100.0
1606,20241128,155,5,3.19,False,80.1
1607,20240515,391,4,3.6,False,38.54
1608,20240729,485,2,4.62,False,39.76
1609,20251109,448,2,3.58,False,58.79
1610,20241217,118,2,3.57,False,57.49
1611,20240930,670,1,2.67,False,100.0
1612,20250604,498,4,3.44,False,52.8
1613,20250421,87,3,3.91,False,45.97
1614,20241214,36,2,3.63,False,90.36
1615,20250430,356,4,3.98,False,44.92
1616,20240324,300,2,4.02,False,41.16
1617,20241008,713,1,2.64,False,82.2
1618,20250724,495,1,3.11,False,71.73
1619,20240718,148,1,3.24,False,73.36
1620,20251209,411,4,4.13,False,46.75
1621,20240919,566,1,3.08,False,59.09
1622,20250415,598,4,3.53,False,63.31
1623,20250121,67,1,3.77,False,56.27
1624,20250820,570,2,4.61,False,25.96
1625,20250130,684,4,3.12,False,80.89
1626,20250109,659,1,4.21,False,48.94
1627,20250314,269,2,3.75,False,39.87
1628,20250104,82,1,3.42,False,61.52
1629,20250202,141,1,3.4,False,64.31
1630,20241018,388,3,5.0,False,37.26
1631,20240629,249,3,2.91,True,100.0
1632,20250407,594,1,2.78,False,75.74
1633,20250915,341,1,3.66,False,53.02
1634,20250115,612,1,2.94,False,62.68
1635,20250727,21,1,3.86,False,62.74
1636,20240822,143,1,2.37,False,100.0
1637,20241013,115,1,3.46,False,64.02
1638,20240521,678,5,2.35,True,100.0
1639,20250208,713,1,3.1,False,81.92
1640,20250920,116,3,4.89,False,31.28
1641,20250208,325,3,4.3,False,38.36
1642,20240909,388,3,4.23,False,32.75
1643,20240902,474,1,3.21,False,82.69
1644,20240626,629,1,2.56,False,79.21
1645,20240528,33,4,4.31,False,67.0
1646,20240614,290,1,3.89,False,43.16
1647,20251009,364,3,3.59,False,68.31
1648,20251102,56,4,4.01,False,51.32
1649,20250116,572,3,4.84,False,36.07
1650,20250123,369,4,3.86,False,55.43
1651,20250224,325,3,4.48,False,31.75
1652,20250903,14,3,3.78,False,52.02
1653,20251206,168,1,2.88,False,84.23
1654,20240808,724,4,3.45,False,50.12
1655,20250923,253,3,3.88,False,55.78
1656,20240118,635,2,3.39,False,79.44
1657,20250518,386,5,2.71,False,79.88
1658,20240807,241,2,4.5,False,27.98
1659,20241018,39,4,3.94,False,47.78
1660,20241027,90,3,2.88,False,100.0
1661,20240622,684,4,3.25,False,81.83
1662,20250511,472,1,3.84,False,65.68
1663,20240514,443,5,3.01,False,82.1
1664,20250115,338,5,3.81,False,40.63
1665,20250226,719,3,4.22,False,20.58
1666,20240808,578,3,4.65,False,43.3
1667,20240326,539,1,3.26,False,85.69
1668,20240618,204,2,4.88,False,24.25
1669,20240315,114,2,5.0,False,6.21
1670,20250109,426,3,4.66,False,32.34
1671,20250618,563,3,4.21,False,29.84
1672,20250906,521,3,3.79,False,37.58
1673,20250205,216,1,3.76,False,53.62
1674,20241129,665,3,3.27,False,60.32
1675,20240811,733,1,3.66,False,67.21
1676,20241215,109,1,2.99,False,70.97
1677,20240208,342,1,3.08,False,84.29
1678,20251128,259,5,3.01,False,100.0
1679,20240229,612,1,2.98,False,76.63
1680,20250408,89,5,2.76,True,58.19
1681,20250303,379,3,4.41,False,35.58
1682,20250305,511,2,4.89,False,33.42
1683,20241031,109,1,3.34,False,72.75
1684,20250823,595,1,2.61,False,84.9
1685,20240827,746,2,4.49,False,26.41
1686,20240901,449,5,3.65,False,58.27
1687,20251008,87,3,4.21,True,61.16
1688,20250306,484,3,3.88,False,57.17
1689,20250109,101,5,2.66,False,90.65
1690,20251007,431,3,3.51,False,50.83
1691,20251214,445,1,2.85,False,75.53
1692,20240429,366,2,4.22,False,41.71
1693,20250930,148,1,3.4,False,72.8
1694,20251211,31,5,3.33,True,68.17
1695,20250322,573,2,4.05,False,28.49
1696,20250704,72,3,3.13,False,46.42
1697,20250310,553,1,3.3,False,65.83
1698,20240521,157,1,3.62,False,61.49
1699,20241213,81,3,3.23,False,70.03
1700,20251210,534,2,3.85,False,50.31
1701,20240301,425,2,3.46,False,41.96
1702,20240411,250,4,4.29,False,44.83
1703,20240607,400,2,4.21,False,37.76
1704,20241105,39,4,3.65,False,54.36
1705,20240207,568,1,2.8,False,76.2
1706,20241108,719,3,4.64,False,35.25
1707,20240323,371,5,2.79,False,63.0
1708,20240404,164,1,3.41,True,100.0
1709,20240302,21,1,3.24,True,100.0
1710,20250130,139,1,3.98,True,56.16
1711,20250125,69,5,3.54,False,48.38
1712,20251015,698,5,3.24,False,81.26
1713,20240323,305,4,2.97,False,80.43
1714,20240813,278,1,3.46,False,65.25
1715,20240214,558,1,3.07,False,61.46
1716,20250607,35,3,3.97,False,62.98
1717,20241023,103,2,5.0,False,29.03
1718,20241107,437,1,4.25,False,41.64
1719,20250919,527,3,3.62,False,77.75
1720,20240917,656,2,4.19,False,42.13
1721,20241224,360,2,3.8,False,57.13
1722,20240620,455,1,3.25,False,71.33
1723,20250409,254,3,3.68,False,53.85
1724,20240120,162,2,3.17,False,74.39
1725,20241231,122,3,5.0,False,44.64
1726,20250415,185,1,3.75,False,58.68
1727,20240224,531,3,4.13,True,77.08
1728,20241208,19,1,4.01,False,42.23
1729,20250318,379,3,3.55,False,52.67
1730,20250721,639,4,3.8,False,58.5
1731,20240628,328,1,3.59,False,72.42
1732,20251117,619,2,4.17,False,30.02
1733,20240312,667,3,4.04,False,43.0
1734,20251120,590,1,3.29,False,64.35
1735,20250222,549,4,4.06,False,45.46
1736,20250409,672,3,4.19,False,49.19
1737,20240622,671,1,2.52,False,96.86
1738,20250521,728,2,4.21,False,43.17
1739,20241107,35,3,4.15,False,51.45
1740,20240504,594,1,3.93,False,72.22
1741,20250316,203,4,3.75,False,51.84
1742,20250510,299,4,2.31,False,80.1
1743,20250105,735,4,3.73,False,47.2
1744,20240229,308,5,3.08,False,68.63
1745,20251006,460,5,2.56,False,97.38
1746,20251124,592,2,4.8,True,28.36
1747,20250201,138,3,3.74,False,35.71
1748,20251117,517,5,3.27,False,80.44
1749,20250708,663,2,4.18,False,63.35
1750,20250707,136,2,4.52,False,39.69
1751,20250506,517,5,3.62,False,76.2
1752,20240729,661,1,3.48,False,71.33
1753,20241019,438,3,3.72,False,33.43
1754,20251222,684,4,3.31,False,76.19
1755,20240704,220,5,3.16,False,52.35
1756,20240429,452,2,4.36,False,39.95
1757,20250526,651,4,2.82,False,80.16
1758,20240807,587,3,3.93,False,57.03
1759,20240301,59,3,3.72,False,47.49
1760,20240929,659,1,3.28,False,70.97
1761,20240226,139,1,2.93,False,79.81
1762,20240418,8,1,3.8,False,56.22
1763,20250211,661,1,4.2,False,53.93
1764,20250704,724,4,4.0,False,44.75
1765,20240128,280,5,2.82,False,100.0
1766,20241126,703,5,3.75,False,51.41
1767,20240420,308,5,3.51,False,62.87
1768,20240108,484,3,3.92,True,75.54
1769,20240915,62,3,3.78,False,44.22
1770,20241202,3,2,4.47,False,38.09
1771,20251226,334,4,3.37,False,65.79
1772,20250911,623,1,3.05,True,99.89
1773,20241204,416,1,3.18,False,62.89
1774,20240523,338,5,3.71,False,58.66
1775,20250129,707,3,4.4,False,36.94
1776,20250907,511,2,4.2,False,27.42
1777,20240318,685,4,4.39,False,45.7
1778,20251115,59,3,4.31,False,40.61
1779,20240205,544,1,4.07,False,68.7
1780,20240106,406,1,4.31,False,53.94
1781,20240831,712,1,3.61,False,63.68
1782,20240830,690,2,4.78,False,30.17
1783,20251106,202,2,4.87,False,25.2
1784,20251106,472,1,2.87,False,68.28
1785,20241219,127,4,3.35,False,66.24
1786,20240302,254,3,4.02,False,58.46
1787,20240623,70,2,3.58,False,63.38
1788,20250719,450,4,4.0,False,30.57
1789,20240107,40,1,3.72,False,68.31
1790,20240217,285,2,3.23,True,84.37
1791,20251018,376,1,3.47,False,61.93
1792,20250511,639,4,4.38,False,42.27
1793,20240701,476,5,3.35,True,73.72
1794,20241026,629,1,4.49,False,59.63
1795,20240514,316,3,3.86,False,49.4
1796,20250426,343,2,4.3,False,29.61
1797,20240421,245,2,4.03,False,48.25
1798,20241118,48,2,4.63,False,45.85
1799,20240616,710,5,2.68,False,62.05
1800,20250822,468,3,4.16,False,44.71
1801,20240324,481,4,4.47,False,35.63
1802,20240501,46,3,4.58,False,30.81
1803,20250919,141,1,4.13,False,54.42
1804,20250627,72,3,3.49,False,38.51
1805,20251112,200,4,3.43,False,74.98
1806,20240428,22,5,3.59,False,54.34
1807,20240429,97,1,4.12,False,53.65
1808,20240910,90,3,3.9,False,76.32
1809,20240505,546,1,2.7,False,83.21
1810,20240509,565,5,3.16,False,89.49
1811,20250227,41,1,4.01,False,66.7
1812,20250205,335,2,4.0,False,41.25
1813,20251110,194,2,4.94,False,30.92
1814,20240324,126,3,3.86,False,54.81
1815,20240512,352,3,3.41,False,51.84
1816,20250804,345,2,4.17,False,39.99
1817,20251025,259,5,2.52,False,100.0
1818,20241026,229,1,2.99,False,78.93
1819,20250519,724,4,4.35,False,56.96
1820,20240112,629,1,2.91,False,81.92
1821,20250418,338,5,3.82,False,45.81
1822,20240614,711,1,3.65,False,54.1
1823,20241110,682,2,3.31,False,96.93
1824,20241002,497,1,3.18,False,79.46
1825,20250416,517,5,3.02,True,94.16
1826,20251115,280,5,3.31,False,75.35
1827,20250707,379,3,4.39,False,39.09
1828,20251129,650,1,3.67,False,62.52
1829,20250302,79,1,2.3,True,99.69
1830,20250923,24,3,4.75,False,32.01
1831,20250925,202,2,4.23,False,31.52
1832,20250619,35,3,3.92,False,58.25
1833,20251226,144,3,3.13,False,72.36
1834,20250909,546,1,3.49,False,60.35
1835,20250528,135,3,4.09,False,41.55
1836,20240115,203,4,3.9,False,47.04
1837,20250222,652,3,3.52,False,50.42
1838,20240903,386,5,3.32,False,61.98
1839,20241101,570,2,3.96,False,34.64
1840,20250921,224,4,3.65,True,58.36
1841,20240805,176,4,3.77,False,49.53
1842,20240214,698,5,2.98,True,96.4
1843,20240218,698,5,2.81,True,96.82
1844,20240110,725,1,3.95,True,70.5
1845,20240504,325,3,4.56,False,39.55
1846,20240624,317,1,3.18,True,77.1
1847,20240317,55,1,2.9,False,77.37
1848,20241120,284,1,3.32,False,69.76
1849,20240918,453,2,4.42,False,24.71
1850,20240803,688,2,3.54,False,59.0
1851,20250223,175,4,3.2,False,62.11
1852,20241014,232,2,4.66,False,33.32
1853,20250217,197,3,3.99,False,24.58
1854,20251128,188,4,2.66,True,100.0
1855,20241127,747,1,3.32,False,75.49
1856,20240205,56,4,3.63,False,61.55
1857,20240511,719,3,4.19,False,35.69
1858,20250215,553,1,3.43,False,70.54
1859,20240130,331,2,4.13,False,65.68
1860,20251004,258,3,3.68,False,75.83
1861,20240518,638,2,5.0,False,38.28
1862,20250609,205,1,2.29,False,86.34
1863,20241016,620,3,4.28,False,42.88
1864,20240428,465,2,4.49,False,22.19
1865,20250209,590,1,4.04,False,50.82
1866,20240722,628,4,4.6,False,34.99
1867,20240801,701,5,3.44,False,61.85
1868,20240928,191,2,4.56,False,27.84
1869,20240829,595,1,3.09,False,68.87
1870,20240929,505,1,3.21,True,100.0
1871,20250611,146,2,4.76,False,34.61
1872,20240309,438,3,4.28,False,19.61
1873,20241230,728,2,4.66,True,39.98
1874,20250518,379,3,3.56,False,44.17
1875,20240406,527,3,3.34,True,100.0
1876,20250701,610,2,3.57,False,37.86
1877,20250513,660,2,3.47,False,52.93
1878,20240825,160,2,4.35,False,37.53
1879,20240831,114,2,4.12,False,31.19
1880,20241122,19,1,3.45,False,76.81
1881,20240913,579,5,3.32,False,68.8
1882,20240222,20,3,4.03,False,49.24
1883,20250123,671,1,2.78,False,100.0
1884,20250928,425,2,4.98,False,12.92
1885,20250526,184,1,2.95,False,67.03
1886,20240220,122,3,3.65,False,49.78
1887,20240518,509,1,2.15,False,100.0
1888,20240128,339,3,2.88,True,60.07
1889,20240103,506,4,2.67,False,94.24
1890,20240419,127,4,3.7,False,71.1
1891,20240503,248,2,4.25,False,37.42
1892,20241101,747,1,3.18,False,71.44
1893,20241102,452,2,4.57,False,31.57
1894,20241117,342,1,2.92,False,75.67
1895,20240419,726,1,3.34,False,62.95
1896,20240901,303,2,3.64,False,52.71
1897,20250404,585,2,4.41,False,37.12
1898,20240705,440,1,2.26,False,100.0
1899,20240603,626,1,3.9,True,70.59
1900,20240821,627,1,4.19,False,67.02
1901,20250605,12,2,4.77,False,7.7
1902,20240911,384,2,3.76,False,56.23
1903,20251112,358,1,2.98,False,67.39
1904,20240603,21,1,2.83,False,84.01
1905,20250915,530,2,3.35,False,90.86
1906,20250925,87,3,3.94,False,46.87
1907,20250709,741,1,3.26,False,75.41
1908,20250826,121,1,3.46,False,64.4
1909,20241212,537,5,4.15,False,55.43
1910,20250829,439,1,3.2,False,69.29
1911,20251211,607,5,3.5,False,70.43
1912,20240802,450,4,3.56,False,43.94
1913,20251106,613,5,3.34,False,66.19
1914,20250115,454,1,3.09,False,52.72
1915,20240703,642,3,3.53,False,48.08
1916,20240330,709,2,3.91,False,48.89
1917,20240313,724,4,2.96,True,78.01
1918,20240610,546,1,3.5,False,74.61
1919,20250312,500,4,4.47,False,40.33
1920,20240127,539,1,2.93,False,70.72
1921,20251103,112,2,4.95,False,28.95
1922,20240607,748,3,3.63,False,56.44
1923,20250128,256,2,3.09,False,89.73
1924,20251013,713,1,3.18,False,87.65
1925,20241208,566,1,3.8,False,56.89
1926,20241120,281,3,4.22,False,49.05
1927,20250923,277,5,2.88,True,80.1
1928,20250515,464,1,2.87,False,100.0
1929,20250703,104,2,4.13,False,30.78
1930,20250415,466,3,4.11,False,46.12
1931,20250605,462,2,4.08,False,71.59
1932,20250916,199,1,3.28,False,67.69
1933,20250626,78,2,4.46,True,26.97
1934,20240927,212,4,4.07,False,49.62
1935,20251223,133,2,4.41,True,47.06
1936,20241018,627,1,3.14,False,62.26
1937,20250720,725,1,3.37,False,57.5
1938,20240919,511,2,5.0,False,28.09
1939,20251029,434,3,3.53,False,51.98
1940,20251023,284,1,2.93,False,68.91
1941,20251117,363,3,3.41,False,32.74
1942,20250518,64,3,4.13,False,60.28
1943,20251212,239,3,3.85,False,32.65
1944,20250328,568,1,3.98,False,57.97
1945,20250221,177,1,2.9,False,96.11
1946,20250928,342,1,3.45,False,57.32
1947,20240322,308,5,3.07,True,80.91
1948,20240426,405,3,2.94,False,67.48
1949,20240904,68,1,3.71,False,70.61
1950,20251021,39,4,3.79,False,51.4
1951,20250805,539,1,3.62,False,71.35
1952,20241002,643,1,3.36,False,53.77
1953,20240318,200,4,4.4,False,33.3
1954,20250402,272,2,4.17,False,43.26
1955,20250327,721,3,4.45,False,61.72
1956,20240214,446,4,3.51,False,51.68
1957,20251007,463,4,4.0,False,70.15
1958,20240424,255,5,3.0,False,84.09
1959,20240827,406,1,3.03,False,60.33
1960,20240208,306,3,4.17,False,36.63
1961,20240308,640,5,3.17,False,81.38
1962,20240131,59,3,4.27,False,43.02
1963,20250105,588,1,3.84,False,53.1
1964,20250922,291,5,3.04,False,96.53
1965,20240709,369,4,4.36,False,30.95
1966,20250331,192,2,4.81,False,9.28
1967,20241103,279,4,2.87,False,100.0
1968,20240111,308,5,3.09,False,75.16
1969,20240325,405,3,4.92,False,39.71
1970,20250814,659,1,3.43,False,70.57
1971,20250917,84,2,4.77,False,33.79
1972,20250213,624,4,2.79,False,60.09
1973,20250722,269,2,4.64,False,19.86
1974,20240923,170,5,3.12,False,74.07
1975,20240508,362,1,3.46,False,50.54
1976,20240524,568,1,4.05,False,58.24
1977,20240911,603,3,4.33,False,56.24
1978,20250930,710,5,2.99,False,53.22
1979,20240417,152,5,2.69,True,100.0
1980,20240517,588,1,4.06,False,49.99
1981,20250531,2,4,2.82,False,73.12
1982,20240105,15,3,3.15,True,75.13
1983,20240814,487,2,3.95,False,29.24
1984,20250905,40,1,2.82,False,74.96
1985,20250420,236,1,2.79,False,86.96
1986,20250414,289,4,3.42,True,82.58
1987,20241221,519,2,4.7,False,29.97
1988,20250316,713,1,2.85,False,89.86
1989,20250329,281,3,4.57,False,38.16
1990,20240115,514,1,3.31,False,69.3
1991,20240502,738,5,3.93,False,45.1
1992,20240304,650,1,3.3,False,72.28
1993,20241106,185,1,4.0,False,47.66
1994,20250210,306,3,3.62,False,50.8
1995,20240824,203,4,4.18,False,43.81
1996,20240930,166,2,4.32,False,40.52
1997,20250426,725,1,3.18,False,65.46
1998,20241012,520,3,2.95,False,85.69
1999,20251109,202,2,4.9,False,20.22
2000,20250326,254,3,5.0,False,38.55
2001,20251006,640,5,3.55,True,94.13
2002,20240527,654,3,2.73,False,93.15
2003,20251006,276,3,3.84,False,59.97
2004,20240126,159,3,3.68,False,63.61
2005,20250629,182,2,4.47,False,40.13
2006,20250915,69,5,3.8,False,52.13
2007,20250911,150,1,2.7,False,72.44
2008,20241121,6,1,2.5,False,82.18
2009,20250118,136,2,3.93,False,47.28
2010,20240421,339,3,4.02,True,48.59
2011,20250929,728,2,4.87,False,35.54
2012,20240428,63,4,3.46,True,71.95
2013,20250131,658,2,4.37,False,43.44
2014,20240327,686,2,4.76,False,9.15
2015,20251206,592,2,4.57,False,23.68
2016,20250228,82,1,3.65,False,60.27
2017,20251103,359,3,2.86,False,70.41
2018,20250604,94,4,3.73,False,62.16
2019,20251024,439,1,3.69,False,63.17
2020,20240110,440,1,3.0,False,100.0
2021,20240316,196,5,2.82,True,86.39
2022,20250412,387,2,4.24,False,31.26
2023,20250405,156,1,3.25,False,61.44
2024,20251202,161,2,3.91,False,52.32
2025,20240229,47,1,3.03,False,69.09
2026,20250726,535,4,3.0,False,99.57
2027,20240107,408,4,3.46,False,86.94
2028,20240225,53,1,3.11,False,76.95
2029,20251210,550,2,4.09,False,37.91
2030,20240517,741,1,2.93,False,72.82
2031,20250919,520,3,3.77,False,67.21
2032,20241010,342,1,3.12,False,61.04
2033,20240404,226,4,3.9,False,48.96
2034,20250925,434,3,3.25,False,58.68
2035,20251128,672,3,4.26,False,42.83
2036,20250424,567,3,3.94,False,45.85
2037,20250908,354,2,3.91,False,35.13
2038,20241215,126,3,3.83,False,51.82
2039,20241103,648,4,4.2,False,43.3
2040,20250227,336,3,3.09,False,56.45
2041,20240708,713,1,3.81,False,86.58
2042,20240802,12,2,3.68,False,22.97
2043,20250306,741,1,3.53,False,66.32
2044,20241012,547,5,3.0,False,83.84
2045,20240926,313,1,2.26,False,97.31
2046,20250911,139,1,3.09,False,67.01
2047,20241205,594,1,3.15,False,62.66
2048,20241206,173,3,3.76,False,41.77
2049,20250722,622,3,3.87,False,53.61
2050,20250825,587,3,4.6,False,36.88
2051,20241121,125,2,4.53,False,26.41
2052,20250111,469,1,2.72,False,88.59
2053,20241108,512,2,4.67,False,12.58
2054,20240420,124,3,3.53,False,57.22
2055,20240702,172,4,3.29,False,68.04
2056,20240826,281,3,3.59,False,62.04
2057,20250114,579,5,3.5,False,63.69
2058,20240306,136,2,4.86,False,25.91
2059,20251113,82,1,3.55,True,71.79
2060,20240527,201,4,3.62,False,28.48
2061,20240812,690,2,4.59,False,34.0
2062,20250203,347,1,2.95,True,72.39
2063,20251005,180,4,4.48,False,38.07
2064,20250926,421,4,3.03,False,68.08
2065,20240916,726,1,3.76,False,52.5
2066,20240905,685,4,3.87,False,51.12
2067,20241113,98,1,2.65,True,78.09
2068,20241209,442,5,4.65,False,34.19
2069,20251015,622,3,4.32,False,40.98
2070,20250107,429,1,3.94,False,50.6
2071,20240803,8,1,3.61,False,61.68
2072,20240701,649,5,2.83,True,100.0
2073,20241119,604,4,3.45,False,51.68
2074,20250305,193,2,4.34,False,36.63
2075,20250517,724,4,4.48,False,44.99
2076,20250505,296,1,3.64,False,65.85
2077,20250611,708,2,5.0,False,29.41
2078,20240331,150,1,3.29,False,73.59
2079,20251126,115,1,3.47,False,72.53
2080,20240308,672,3,3.8,False,52.16
2081,20250710,410,3,4.22,False,44.34
2082,20251023,659,1,4.01,False,54.15
2083,20250930,696,2,3.44,False,68.07
2084,20241023,366,2,4.06,False,29.67
2085,20250831,124,3,3.72,False,44.82
2086,20250325,126,3,4.19,False,37.87
2087,20250818,171,2,3.77,False,47.28
2088,20250918,265,3,3.49,False,64.2
2089,20240725,575,1,2.85,False,65.12
2090,20240219,539,1,3.22,False,72.9
2091,20251207,668,2,4.39,False,27.62
2092,20250512,579,5,2.53,False,88.11
2093,20240908,455,1,3.48,False,86.51
2094,20250517,440,1,3.01,False,93.08
2095,20251122,549,4,3.72,False,65.09
2096,20251022,122,3,3.91,False,42.5
2097,20250615,277,5,3.09,False,61.51
2098,20240515,744,2,3.1,False,89.01
2099,20241119,365,5,2.62,True,89.4
2100,20251120,233,1,3.9,False,43.96
2101,20250905,569,4,3.86,False,41.97
2102,20250223,664,2,4.3,False,54.42
2103,20240606,693,5,2.54,True,100.0
2104,20240509,263,5,2.92,False,84.75
2105,20250822,581,4,2.92,False,70.22
2106,20250404,552,2,4.52,False,29.64
2107,20241219,391,4,4.48,False,36.17
2108,20250904,406,1,3.12,False,66.76
2109,20240923,281,3,3.74,False,52.01
2110,20251201,571,3,3.43,False,38.68
2111,20240805,262,1,3.25,False,80.51
2112,20250330,497,1,3.82,False,56.57
2113,20250927,32,1,3.4,False,66.61
2114,20250328,47,1,3.06,False,67.41
2115,20250826,717,4,3.63,False,60.66
2116,20240303,698,5,3.21,False,80.98
2117,20240329,715,1,3.46,False,75.59
2118,20240504,603,3,3.57,False,73.03
2119,20240706,323,1,3.49,False,57.25
2120,20240129,637,3,3.6,False,62.15
2121,20250313,171,2,4.13,False,38.73
2122,20251227,306,3,4.07,False,43.5
2123,20241114,579,5,3.22,False,65.71
2124,20240907,179,1,3.35,False,76.1
2125,20240219,161,2,3.21,False,56.34
2126,20240612,598,4,4.08,False,44.75
2127,20250331,707,3,4.76,False,28.29
2128,20241112,589,1,4.07,False,49.79
2129,20251207,241,2,3.9,False,34.72
2130,20250723,424,2,3.42,False,55.77
2131,20240628,599,2,4.42,False,36.82
2132,20250804,158,1,3.7,False,59.18
2133,20251106,587,3,4.24,False,47.41
2134,20250316,594,1,3.33,False,72.83
2135,20250620,540,3,4.1,False,62.85
2136,20250605,189,2,3.82,False,56.51
2137,20240627,53,1,3.51,True,82.18
2138,20251128,413,3,3.36,False,34.25
2139,20250828,14,3,3.36,False,63.19
2140,20250819,216,1,2.99,False,89.06
2141,20240829,329,3,3.61,False,45.96
2142,20241006,620,3,3.9,False,59.65
2143,20240114,264,1,4.03,False,43.17
2144,20251021,650,1,2.58,False,75.04
2145,20251011,627,1,3.03,False,80.07
2146,20250818,254,3,3.49,False,52.3
2147,20240328,340,4,2.93,False,87.81
2148,20240610,248,2,4.74,False,23.57
2149,20240715,250,4,3.8,False,43.33
2150,20240122,540,3,3.22,False,71.21
2151,20240221,323,1,2.6,False,74.35
2152,20250303,47,1,3.08,False,64.58
2153,20240121,251,5,3.0,False,76.94
2154,20241207,208,5,2.79,True,74.83
2155,20240905,681,4,3.63,False,54.68
2156,20240905,378,5,3.39,False,81.88
2157,20250621,378,5,3.19,False,65.84
2158,20250819,407,5,2.68,False,100.0
2159,20251227,83,2,4.67,False,40.21
2160,20250815,539,1,3.7,True,67.78
2161,20250723,367,4,4.03,False,55.86
2162,20240505,510,3,4.06,False,40.95
2163,20240925,416,1,2.69,False,76.86
2164,20250502,588,1,3.95,False,53.15
2165,20241114,244,2,4.44,False,36.33
2166,20240218,8,1,4.72,False,46.21
2167,20250806,434,3,3.91,False,59.38
2168,20250211,629,1,3.32,False,77.29
2169,20250726,377,1,3.68,False,54.44
2170,20250417,622,3,3.83,False,46.46
2171,20240102,43,1,3.42,False,66.01
2172,20240302,727,1,3.75,False,46.82
2173,20251221,162,2,4.08,False,68.1
2174,20250110,241,2,4.25,False,38.09
2175,20250509,344,4,3.83,False,47.56
2176,20240724,27,1,3.38,False,83.48
2177,20250209,454,1,3.55,False,59.93
2178,20250118,320,4,2.96,False,100.0
2179,20240724,194,2,4.46,False,26.83
2180,20240930,421,4,4.01,True,63.56
2181,20250628,227,1,4.12,False,52.72
2182,20240911,701,5,4.04,False,45.87
2183,20240821,715,1,3.46,False,68.42
2184,20240913,325,3,4.22,True,39.7
2185,20250915,57,5,3.03,False,77.87
2186,20251217,144,3,4.31,False,53.07
2187,20240731,652,3,3.47,False,44.31
2188,20251121,311,2,3.67,False,43.61
2189,20250923,131,2,4.54,False,18.38
2190,20240501,209,4,3.21,False,68.52
2191,20240401,182,2,4.42,False,52.47
2192,20240928,242,1,3.5,False,72.04
2193,20241003,175,4,4.25,False,40.95
2194,20250209,212,4,3.35,False,63.35
2195,20241108,702,2,4.82,False,32.48
2196,20250830,262,1,2.85,False,89.46
2197,20250620,651,4,3.61,False,81.1
2198,20240330,2,4,3.22,False,82.84
2199,20240405,675,4,3.44,True,71.96
2200,20251128,461,3,4.05,False,37.34
2201,20240922,497,1,4.42,False,51.69
2202,20240803,1,4,3.62,False,49.57
2203,20240215,487,2,3.53,True,52.64
2204,20240526,150,1,3.44,False,69.28
2205,20250224,439,1,3.59,False,65.09
2206,20250510,502,2,3.87,False,51.1
2207,20241001,568,1,4.04,False,48.51
2208,20250114,158,1,3.69,False,59.1
2209,20250126,332,2,3.82,False,58.75
2210,20250701,412,4,2.37,False,100.0
2211,20240507,498,4,3.13,False,52.26
2212,20250310,317,1,3.01,False,67.42
2213,20251127,663,2,3.32,False,84.55
2214,20250825,642,3,3.72,False,51.95
2215,20240218,480,1,3.72,False,69.77
2216,20250917,591,5,2.6,False,96.23
2217,20241222,554,2,4.04,False,43.3
2218,20240514,416,1,3.44,False,63.56
2219,20240305,418,4,3.45,False,68.11
2220,20251108,543,4,3.81,False,58.47
2221,20240504,725,1,3.31,False,69.57
2222,20250902,550,2,4.63,False,29.32
2223,20250713,320,4,2.67,False,100.0
2224,20240421,101,5,3.32,False,81.55
2225,20240927,529,1,3.32,False,94.62
2226,20240306,297,5,3.71,False,72.48
2227,20240403,243,4,3.91,False,48.26
2228,20251017,182,2,4.37,False,31.76
2229,20241015,505,1,3.26,False,84.56
2230,20250903,484,3,4.16,False,58.45
2231,20250513,520,3,3.49,False,63.12
2232,20250613,554,2,4.28,False,45.34
2233,20240714,630,3,4.09,False,48.49
2234,20251019,465,2,4.0,False,23.07
2235,20240417,122,3,3.57,False,50.88
2236,20240226,397,4,3.14,False,79.9
2237,20250615,440,1,2.95,False,98.91
2238,20240111,297,5,2.84,False,65.67
2239,20251123,565,5,2.62,True,100.0
2240,20240802,254,3,3.77,False,44.24
2241,20240207,344,4,3.46,False,40.67
2242,20250513,59,3,4.41,False,29.21
2243,20250316,705,4,3.32,False,55.2
2244,20240703,639,4,4.1,True,64.83
2245,20240507,167,5,2.68,False,100.0
2246,20240301,449,5,3.04,False,71.0
2247,20240830,241,2,5.0,False,32.24
2248,20250305,378,5,3.32,False,87.6
2249,20240503,561,2,4.42,False,33.78
2250,20251220,379,3,4.15,False,36.12
2251,20240929,36,2,2.65,False,84.95
2252,20250523,284,1,2.87,False,71.4
2253,20250410,357,5,3.45,False,70.07
2254,20241024,603,3,3.41,False,80.57
2255,20240831,40,1,3.65,False,61.97
2256,20250719,408,4,3.1,False,100.0
2257,20250605,529,1,2.8,False,91.63
2258,20250115,52,3,3.09,False,65.96
2259,20250516,518,4,4.14,False,45.84
2260,20251005,41,1,3.43,False,70.81
2261,20251019,698,5,3.07,False,88.45
2262,20240904,522,1,2.96,False,100.0
2263,20240224,359,3,4.64,False,38.79
2264,20250809,655,1,3.5,False,52.94
2265,20240602,679,2,4.32,False,32.24
2266,20240906,733,1,3.42,False,66.35
2267,20250103,736,4,3.06,False,58.6
2268,20240205,293,3,3.83,False,19.63
2269,20240103,629,1,4.0,False,45.34
2270,20240623,435,2,3.39,False,64.73
2271,20240602,667,3,3.21,False,58.08
2272,20240423,576,1,3.19,False,65.96
2273,20240921,130,4,5.0,False,30.58
2274,20250930,431,3,4.77,False,28.41
2275,20250509,99,2,5.0,False,23.47
2276,20241120,330,4,3.66,False,59.93
2277,20240906,709,2,4.43,False,34.55
2278,20250606,347,1,3.06,False,71.4
2279,20250323,203,4,3.73,False,49.81
2280,20240511,690,2,4.22,False,27.99
2281,20241103,228,4,3.92,False,48.37
2282,20240209,66,3,3.37,False,57.43
2283,20251125,318,2,4.57,False,33.04
2284,20251029,46,3,3.46,False,52.39
2285,20250618,254,3,3.82,False,53.24
2286,20240228,741,1,4.03,False,64.1
2287,20250203,738,5,3.99,False,47.81
2288,20240501,346,2,4.56,False,33.6
2289,20240207,684,4,3.08,False,79.01
2290,20250224,325,3,3.69,False,48.85
2291,20250520,556,4,3.38,False,73.07
2292,20240504,520,3,3.95,False,57.88
2293,20250329,140,2,3.42,False,49.71
2294,20250503,596,2,4.51,False,50.55
2295,20240527,325,3,4.17,False,40.42
2296,20240216,480,1,3.81,False,61.48
2297,20250111,121,1,3.21,False,63.88
2298,20250707,209,4,3.51,False,55.85
2299,20241008,398,1,3.89,False,60.04
2300,20241230,49,2,4.0,False,39.74
2301,20240202,719,3,4.61,False,7.83
2302,20240420,415,4,3.38,False,55.21
2303,20240220,115,1,3.63,False,64.25
2304,20250101,425,2,4.43,False,28.66
2305,20250513,102,1,3.58,False,63.46
2306,20250128,292,5,2.92,False,76.39
2307,20241217,198,1,4.53,False,39.78
2308,20251119,668,2,4.38,False,23.56
2309,20250421,743,2,3.29,False,70.97
2310,20240505,663,2,2.65,False,96.46
2311,20240409,344,4,3.43,False,47.48
2312,20250320,380,3,3.63,False,50.98
2313,20250313,213,2,3.67,False,52.62
2314,20240930,57,5,3.98,False,57.83
2315,20240808,511,2,5.0,False,22.73
2316,20240327,563,3,4.31,False,29.84
2317,20240818,641,1,3.7,False,63.16
2318,20240111,622,3,3.55,False,63.38
2319,20250120,553,1,3.52,False,55.81
2320,20240826,365,5,3.48,False,58.15
2321,20240609,449,5,3.93,False,65.23
2322,20250526,313,1,2.79,True,92.37
2323,20250919,613,5,3.33,False,72.44
2324,20250204,342,1,3.2,True,72.55
2325,20250228,475,5,2.75,False,91.26
2326,20240114,437,1,2.99,False,47.85
2327,20250312,298,2,3.93,False,34.91
2328,20250801,470,2,4.12,False,32.87
2329,20251026,271,1,2.84,False,100.0
2330,20240106,292,5,2.98,False,86.39
2331,20240912,183,5,2.91,False,83.61
2332,20251002,117,4,3.73,False,68.31
2333,20240724,239,3,4.0,False,48.1
2334,20241018,204,2,5.0,False,22.41
2335,20241010,202,2,4.32,False,26.67
2336,20240428,253,3,3.72,False,63.37
2337,20250616,116,3,4.38,False,55.84
2338,20251117,532,3,3.29,False,92.16
2339,20250819,741,1,3.21,True,76.94
2340,20240612,179,1,3.29,False,72.35
2341,20240625,458,1,3.74,False,66.58
2342,20241115,467,1,3.07,False,67.6
2343,20240709,463,4,3.21,True,66.72
2344,20240826,469,1,2.69,False,92.11
2345,20250406,122,3,3.78,False,51.1
2346,20251025,124,3,4.86,False,21.06
2347,20251105,604,4,3.99,False,50.61
2348,20251007,329,3,4.45,False,34.64
2349,20250620,394,2,3.89,False,50.17
2350,20241009,176,4,3.1,False,43.59
2351,20240423,169,3,4.77,False,15.71
2352,20250713,26,2,4.15,False,44.41
2353,20240815,670,1,3.01,False,95.41
2354,20240111,710,5,2.63,True,72.74
2355,20241226,270,3,4.41,False,17.3
2356,20241028,153,5,3.27,False,81.54
2357,20250629,396,4,3.22,False,95.89
2358,20251030,20,3,3.95,False,54.55
2359,20251123,297,5,3.08,False,69.75
2360,20240522,407,5,2.9,False,100.0
2361,20240501,201,4,4.36,False,24.35
2362,20240617,693,5,2.69,False,100.0
2363,20240614,270,3,3.56,False,42.7
2364,20240424,268,4,3.76,False,76.97
2365,20250203,514,1,3.28,False,68.43
2366,20250623,246,2,4.41,False,37.22
2367,20241221,348,1,3.38,False,75.99
2368,20251128,742,3,4.34,False,32.75
2369,20241202,379,3,3.68,False,44.16
2370,20250410,246,2,4.23,True,56.74
2371,20251230,390,1,3.44,False,63.18
2372,20241224,262,1,2.95,False,74.83
2373,20250503,406,1,3.02,True,81.11
2374,20241021,269,2,4.14,True,62.28
2375,20250227,449,5,3.81,False,56.78
2376,20250614,680,4,3.18,False,77.18
2377,20240318,350,1,3.5,False,59.81
2378,20250821,242,1,3.13,False,81.61
2379,20251023,28,3,3.98,False,50.3
2380,20241217,365,5,3.88,False,48.12
2381,20240315,176,4,3.98,False,42.73
2382,20241003,636,5,4.07,False,65.7
2383,20240225,144,3,3.85,False,59.88
2384,20251205,50,2,4.23,False,28.7
2385,20250306,275,4,4.05,False,54.99
2386,20250225,583,1,2.95,True,84.29
2387,20251013,614,4,3.4,False,67.61
2388,20240425,38,3,3.04,False,69.75
2389,20251222,160,2,3.73,False,22.32
2390,20250610,160,2,4.09,False,10.56
2391,20240128,287,5,2.94,True,75.14
2392,20250522,248,2,4.26,False,36.11
2393,20251001,420,1,3.71,False,57.68
2394,20250119,408,4,3.09,False,100.0
2395,20250813,750,3,3.37,False,64.13
2396,20251227,604,4,3.44,False,61.68
2397,20250921,258,3,3.54,False,75.84
2398,20240622,563,3,4.41,False,31.21
2399,20240715,510,3,4.03,False,43.96
2400,20240411,585,2,4.41,False,47.51
2401,20250318,256,2,3.2,False,86.91
2402,20250912,53,1,3.95,False,57.53
2403,20241211,193,2,4.66,False,47.14
2404,20251229,602,3,4.52,False,43.88
2405,20240328,185,1,2.91,False,84.84
2406,20251003,3,2,4.49,False,27.39
2407,20250901,566,1,3.85,False,58.05
2408,20250218,239,3,4.32,False,30.02
2409,20250629,82,1,3.39,False,54.7
2410,20240409,436,3,4.26,False,37.52
2411,20251025,458,1,4.01,False,44.03
2412,20240318,378,5,3.05,False,79.52
2413,20240708,485,2,3.8,False,50.36
2414,20250517,589,1,4.08,False,56.8
2415,20250303,526,1,3.39,False,100.0
2416,20240501,747,1,2.93,False,69.48
2417,20240905,503,2,4.16,False,45.99
2418,20240222,236,1,2.83,False,86.85
2419,20240516,495,1,3.02,False,87.68
2420,20240321,136,2,4.44,False,38.92
2421,20250407,497,1,3.6,False,69.78
2422,20250723,329,3,4.49,False,34.65
2423,20240511,184,1,3.43,False,61.35
2424,20240127,157,1,3.87,False,40.04
2425,20250910,347,1,2.67,False,74.34
2426,20240415,523,4,3.41,False,99.5
2427,20250928,747,1,3.85,False,58.77
2428,20240118,723,2,3.81,False,40.18
2429,20250912,715,1,3.42,False,71.75
2430,20251006,355,1,3.4,False,68.57
2431,20240202,220,5,3.36,False,65.44
2432,20240612,473,2,4.57,False,44.93
2433,20241208,14,3,3.81,False,46.35
2434,20250823,107,5,2.98,False,77.47
2435,20250927,206,1,4.0,False,53.51
2436,20240603,565,5,3.32,False,87.86
2437,20251011,576,1,3.19,False,74.32
2438,20240502,654,3,2.82,False,86.93
2439,20250712,102,1,3.19,False,64.28
2440,20250502,368,4,3.37,False,64.65
2441,20240215,342,1,3.31,False,69.95
2442,20240812,440,1,3.61,False,72.27
2443,20251020,714,2,4.11,False,27.68
2444,20250705,63,4,3.43,False,78.32
2445,20250123,168,1,3.08,False,70.69
2446,20250729,239,3,4.18,False,41.5
2447,20240917,211,1,2.73,False,98.59
2448,20250330,233,1,3.46,False,51.04
2449,20250514,376,1,2.84,False,72.89
2450,20250723,245,2,4.16,False,36.92
2451,20250710,225,2,4.06,False,48.64
2452,20251213,590,1,3.52,False,58.85
2453,20240117,475,5,3.51,False,75.98
2454,20241203,159,3,4.81,False,42.61
2455,20250528,2,4,3.94,False,55.39
2456,20251221,609,1,3.85,False,57.87
2457,20250427,216,1,3.66,False,58.78
2458,20241015,437,1,3.32,False,42.73
2459,20241116,707,3,4.13,False,56.85
2460,20240928,636,5,2.98,False,77.41
2461,20250419,488,1,3.82,False,52.21
2462,20240604,380,3,4.27,False,35.72
2463,20241112,373,5,2.79,False,81.86
2464,20241001,196,5,3.99,False,60.22
2465,20240806,73,2,3.51,False,52.42
2466,20250716,184,1,3.63,False,56.99
2467,20250118,291,5,2.58,False,92.95
2468,20240112,15,3,3.04,False,79.14
2469,20250123,589,1,3.75,False,57.76
2470,20240627,595,1,3.41,False,63.71
2471,20240723,395,1,3.17,False,100.0
2472,20240205,286,3,3.74,False,42.67
2473,20251025,590,1,3.93,False,60.33
2474,20241103,498,4,3.48,False,21.7
2475,20240731,115,1,3.85,False,51.24
2476,20250916,698,5,2.46,False,100.0
2477,20240503,151,5,3.77,False,64.5
2478,20240721,731,3,3.92,True,70.37
2479,20250614,13,4,4.17,False,33.39
2480,20240601,146,2,4.44,False,27.99
2481,20250226,91,5,1.95,False,100.0
2482,20241204,724,4,3.52,False,44.44
2483,20241125,398,1,3.42,False,72.08
2484,20250321,87,3,3.96,False,66.09
2485,20250928,199,1,3.37,False,69.38
2486,20241207,510,3,4.24,False,40.95
2487,20250203,436,3,3.51,True,45.15
2488,20240511,732,4,3.52,False,41.61
2489,20251205,54,4,2.95,True,99.99
2490,20240904,130,4,4.05,False,38.0
2491,20240102,325,3,3.74,False,48.9
2492,20240321,306,3,4.7,False,30.63
2493,20240709,172,4,3.31,False,68.23
2494,20250623,165,1,3.34,False,57.88
2495,20250303,718,3,4.42,False,44.34
2496,20251107,78,2,4.02,False,28.59
2497,20240101,426,3,3.35,False,55.58
2498,20241101,155,5,3.85,False,61.75
2499,20250314,22,5,3.62,False,47.47
2500,20250601,407,5,3.46,False,83.62
2501,20240715,74,3,4.18,False,25.56
2502,20250320,102,1,2.77,False,72.43
2503,20251227,93,1,2.32,True,77.32
2504,20250228,1,4,3.58,False,67.22
2505,20250801,481,4,4.71,False,30.61
2506,20251121,438,3,4.23,False,21.74
2507,20250124,194,2,4.17,False,35.66
2508,20250201,503,2,4.74,False,43.61
2509,20250310,460,5,2.67,False,86.11
2510,20250908,560,1,3.79,False,43.15
2511,20250309,556,4,3.65,True,79.21
2512,20240627,743,2,3.66,True,90.22
2513,20250218,111,2,3.64,False,37.84
2514,20241223,488,1,3.96,False,37.83
2515,20251213,356,4,2.6,False,72.53
2516,20251219,198,1,3.26,False,55.91
2517,20241205,313,1,3.82,False,61.86
2518,20240301,377,1,2.87,False,75.06
2519,20250504,492,2,4.84,False,31.51
2520,20250906,693,5,2.39,False,100.0
2521,20250612,95,2,3.32,False,55.05
2522,20250624,620,3,4.24,False,40.17
2523,20241126,316,3,4.47,False,41.14
2524,20250905,453,2,4.63,False,33.31
2525,20240909,279,4,2.58,False,100.0
2526,20250322,81,3,4.71,False,48.98
2527,20250122,587,3,3.74,False,61.64
2528,20250528,35,3,3.5,False,62.73
2529,20251111,82,1,3.4,False,69.82
2530,20240319,575,1,3.25,False,73.14
2531,20250312,105,2,3.43,False,80.05
2532,20250714,428,2,4.63,False,30.84
2533,20240305,162,2,3.58,False,66.12
2534,20250826,455,1,3.13,False,81.43
2535,20250625,397,4,3.59,False,66.65
2536,20250425,433,5,3.1,False,76.29
2537,20250213,558,1,4.08,False,48.12
2538,20240902,436,3,4.45,False,30.8
2539,20240510,201,4,4.07,False,38.73
2540,20250101,123,1,4.15,False,51.93
2541,20250331,545,4,4.26,False,36.05
2542,20250907,447,1,3.73,False,46.13
2543,20240625,117,4,3.8,False,59.15
2544,20240125,594,1,2.81,False,73.37
2545,20240727,658,2,3.78,False,59.61
2546,20240318,641,1,3.69,False,73.79
2547,20250828,354,2,4.25,False,38.92
2548,20250401,313,1,3.47,False,67.8
2549,20250216,667,3,3.81,False,59.84
2550,20240823,708,2,3.63,False,39.26
2551,20240115,192,2,4.68,False,22.69
2552,20251203,94,4,2.87,False,76.89
2553,20240312,217,1,1.82,False,100.0
2554,20250401,137,5,2.95,False,78.07
2555,20251014,511,2,4.86,False,15.46
2556,20250419,432,1,3.24,False,72.76
2557,20250801,136,2,4.53,False,36.33
2558,20241218,450,4,4.49,False,23.57
2559,20240705,521,3,3.92,False,47.76
2560,20241103,24,3,3.99,False,50.28
2561,20250224,480,1,2.46,False,79.6
2562,20240314,500,4,4.05,True,47.91
2563,20250605,47,1,4.18,True,61.03
2564,20240101,566,1,3.53,False,53.82
2565,20251005,406,1,3.53,False,57.68
2566,20250601,151,5,3.77,False,43.19
2567,20241017,379,3,5.0,False,34.04
2568,20250806,12,2,4.58,False,12.49
2569,20250807,514,1,3.31,False,80.57
2570,20240319,640,5,3.44,False,88.36
2571,20250606,520,3,3.89,False,65.6
2572,20251205,553,1,3.33,False,65.13
2573,20240525,613,5,3.88,False,69.1
2574,20241212,721,3,3.59,False,60.51
2575,20241217,488,1,3.79,False,46.55
2576,20240109,364,3,4.1,False,56.71
2577,20250627,515,1,3.02,False,100.0
2578,20250618,306,3,4.24,False,34.02
2579,20250527,15,3,3.45,False,68.02
2580,20250110,261,4,3.52,False,43.44
2581,20241130,62,3,4.45,False,39.62
2582,20240716,320,4,2.37,False,100.0
2583,20251204,179,1,3.26,False,63.71
2584,20250802,367,4,3.86,False,33.3
2585,20240606,216,1,3.61,False,45.27
2586,20250923,573,2,4.63,False,20.11
2587,20240711,641,1,3.86,False,49.7
2588,20250422,10,3,3.2,False,63.77
2589,20240630,99,2,3.53,False,50.09
2590,20250207,550,2,4.35,False,28.4
2591,20250111,257,2,4.36,False,37.45
2592,20250510,408,4,2.22,True,100.0
2593,20251105,518,4,3.37,False,56.16
2594,20241029,381,2,4.16,False,55.51
2595,20250415,286,3,3.86,False,44.87
2596,20250616,121,1,3.59,False,56.71
2597,20240611,228,4,3.8,False,54.91
2598,20240201,184,1,3.51,False,70.41
2599,20250825,1,4,3.69,False,54.2
2600,20241008,148,1,3.81,False,44.52
2601,20250415,656,2,4.22,True,62.35
2602,20250127,47,1,3.32,False,61.38
2603,20250627,719,3,3.77,False,26.26
2604,20240504,701,5,3.17,False,64.46
2605,20251015,283,3,4.82,False,30.46
2606,20250701,297,5,3.01,False,75.17
2607,20240527,452,2,3.99,False,48.2
2608,20240129,348,1,3.45,False,65.04
2609,20250920,698,5,3.35,False,81.16
2610,20240219,592,2,4.14,False,43.41
2611,20250412,251,5,2.87,False,91.79
2612,20240826,558,1,4.05,False,37.68
2613,20240525,135,3,3.65,False,44.8
2614,20241123,95,2,3.88,False,45.69
2615,20241230,350,1,3.76,False,51.36
2616,20250407,657,4,2.99,False,66.65
2617,20250605,162,2,4.17,False,68.72
2618,20250917,681,4,3.71,False,52.2
2619,20240321,474,1,2.99,False,91.61
2620,20250325,566,1,2.74,False,88.93
2621,20251016,103,2,4.18,False,45.72
2622,20240229,203,4,3.39,False,58.99
2623,20250426,655,1,4.07,False,37.84
2624,20250131,305,4,2.92,False,80.2
2625,20241012,681,4,3.1,False,64.4
2626,20250319,515,1,2.38,False,100.0
2627,20240517,494,5,1.96,False,94.1
2628,20241210,728,2,5.0,False,27.63
2629,20250221,52,3,3.28,False,64.55
2630,20240118,575,1,3.17,False,69.86
2631,20250223,342,1,3.31,False,70.44
2632,20241216,417,3,3.71,True,47.61
2633,20240725,101,5,3.71,False,88.09
2634,20251004,12,2,5.0,False,11.33
2635,20250128,428,2,4.88,False,26.12
2636,20250913,312,2,3.59,False,36.75
2637,20251106,426,3,3.85,False,49.15
2638,20250924,298,2,4.44,False,32.94
2639,20240921,517,5,2.61,False,93.56
2640,20250514,185,1,3.85,False,59.97
2641,20250306,594,1,3.79,False,63.96
2642,20240407,287,5,2.96,False,54.75
2643,20240429,458,1,3.93,False,55.62
2644,20240807,300,2,4.79,False,29.4
2645,20241007,283,3,3.98,False,47.36
2646,20240328,721,3,3.82,False,55.23
2647,20241220,63,4,3.33,False,49.87
2648,20251003,635,2,3.68,False,77.38
2649,20250121,127,4,3.71,False,72.57
2650,20241215,515,1,2.15,False,100.0
2651,20251114,569,4,2.49,False,59.33
2652,20251218,246,2,3.98,False,28.3
2653,20240917,89,5,2.95,False,63.52
2654,20250409,347,1,2.77,False,70.23
2655,20250810,54,4,2.7,True,98.19
2656,20250808,34,3,4.18,False,52.1
2657,20250307,415,4,3.56,False,47.56
2658,20240511,339,3,3.59,False,20.89
2659,20250125,84,2,4.57,False,31.83
2660,20250212,48,2,4.01,False,55.59
2661,20251123,454,1,4.32,False,50.37
2662,20240315,497,1,2.97,False,72.94
2663,20240429,591,5,2.45,False,98.44
2664,20250506,498,4,3.48,False,53.18
2665,20240906,406,1,3.94,False,67.79
2666,20250809,651,4,2.74,False,77.0
2667,20240909,508,4,3.67,False,53.63
2668,20250704,341,1,2.76,False,71.19
2669,20240601,627,1,3.89,False,59.46
2670,20251019,289,4,3.59,False,69.52
2671,20251123,730,2,4.58,False,29.42
2672,20250212,434,3,4.26,False,52.2
2673,20251110,644,1,2.69,False,95.35
2674,20251110,570,2,3.83,False,50.21
2675,20250927,356,4,4.01,False,55.45
2676,20240715,201,4,4.03,False,33.68
2677,20240915,612,1,3.13,False,51.71
2678,20250411,691,1,3.95,False,65.24
2679,20240715,477,4,3.73,False,57.76
2680,20251204,278,1,3.3,True,82.4
2681,20250715,664,2,3.87,False,61.52
2682,20240921,648,4,3.02,False,59.85
2683,20241122,482,2,4.22,False,34.44
2684,20250205,388,3,3.89,False,49.26
2685,20250610,181,2,4.26,False,19.72
2686,20250402,177,1,2.87,False,95.62
2687,20240222,286,3,4.34,False,41.83
2688,20250202,123,1,3.76,False,47.03
2689,20251026,69,5,3.43,False,54.61
2690,20240816,574,3,3.68,False,26.52
2691,20240518,177,1,3.13,False,93.9
2692,20251109,747,1,3.55,False,54.7
2693,20240811,466,3,4.34,False,35.28
2694,20240126,324,5,3.79,False,68.0
2695,20250725,124,3,4.47,False,46.69
2696,20240420,714,2,3.96,False,27.24
2697,20240211,184,1,3.78,False,56.65
2698,20240615,595,1,3.64,False,62.73
2699,20250726,537,5,2.82,True,100.0
2700,20250427,194,2,5.0,False,19.68
2701,20250220,28,3,3.82,False,50.95
2702,20250329,239,3,4.15,False,46.37
2703,20250513,601,4,3.53,False,82.75
2704,20251101,446,4,2.89,False,56.32
2705,20250826,194,2,4.36,False,27.57
2706,20240713,724,4,3.64,False,55.37
2707,20240406,746,2,3.86,False,42.02
2708,20250203,605,1,3.21,False,70.88
2709,20250519,713,1,4.24,True,88.76
2710,20250202,368,4,3.99,False,59.32
2711,20241127,164,1,2.77,False,100.0
2712,20241212,40,1,2.75,True,88.06
2713,20250521,508,4,3.56,False,69.7
2714,20251214,209,4,3.67,False,63.27
2715,20250724,641,1,3.65,False,58.03
2716,20250111,613,5,3.02,False,78.53
2717,20250121,47,1,3.95,False,52.75
2718,20250826,193,2,4.27,False,33.07
2719,20250415,392,4,2.91,False,71.03
2720,20250115,430,1,4.39,False,38.3
2721,20241001,168,1,2.66,False,77.54
2722,20250617,676,3,4.59,False,38.22
2723,20240331,664,2,4.15,False,58.68
2724,20250524,529,1,3.14,False,97.33
2725,20240325,305,4,3.05,False,76.32
2726,20240405,398,1,3.35,False,76.7
2727,20241118,634,4,3.56,False,59.8
2728,20250307,376,1,3.43,False,61.35
2729,20240414,160,2,4.57,False,10.96
2730,20251021,316,3,4.11,False,40.07
2731,20250926,575,1,3.55,False,55.91
2732,20241020,437,1,4.34,False,31.01
2733,20240921,526,1,2.59,False,100.0
2734,20240922,313,1,3.04,False,75.37
2735,20250528,710,5,2.21,False,66.51
2736,20240817,57,5,2.62,False,77.25
2737,20240619,574,3,4.08,False,41.14
2738,20240711,5,1,4.02,False,61.29
2739,20250906,628,4,3.21,False,67.42
2740,20251121,201,4,3.71,False,41.28
2741,20250325,708,2,3.89,False,54.22
2742,20250506,744,2,4.05,False,64.01
2743,20240424,495,1,3.14,False,77.87
2744,20240727,196,5,3.89,False,59.84
2745,20250926,450,4,3.52,False,42.08
2746,20251201,339,3,4.24,False,22.94
2747,20250601,348,1,4.03,False,44.15
2748,20240902,290,1,3.46,False,65.68
2749,20241108,388,3,4.75,False,31.67
2750,20250820,308,5,2.68,False,74.57
2751,20250320,48,2,3.48,False,65.34
2752,20250224,468,3,3.35,False,40.67
2753,20241123,111,2,4.52,False,31.02
2754,20250629,254,3,3.89,False,39.09
2755,20250211,489,1,3.52,False,74.25
2756,20251218,123,1,4.03,False,44.67
2757,20250916,308,5,2.66,False,83.17
2758,20240924,181,2,4.31,False,18.31
2759,20240410,605,1,3.37,False,65.38
2760,20240115,534,2,4.7,False,41.75
2761,20241122,499,1,2.62,False,100.0
2762,20240214,436,3,4.66,False,26.09
2763,20251205,570,2,4.6,False,34.07
2764,20240908,121,1,2.98,False,72.02
2765,20240127,314,4,4.12,False,52.57
2766,20241022,7,4,1.98,True,100.0
2767,20250717,488,1,3.59,False,48.37
2768,20240102,438,3,3.6,False,43.62
2769,20251124,208,5,3.25,False,67.53
2770,20240921,369,4,4.24,False,25.8
2771,20250906,671,1,3.01,True,100.0
2772,20240602,627,1,4.18,False,50.59
2773,20240313,191,2,3.57,False,46.34
2774,20250718,511,2,5.0,False,23.58
2775,20250802,177,1,3.47,False,97.4
2776,20251117,290,1,2.86,False,66.77
2777,20240121,309,3,2.32,True,100.0
2778,20240621,67,1,3.91,False,57.7
2779,20240615,366,2,5.0,False,33.44
2780,20250116,235,1,3.3,False,56.93
2781,20250604,207,1,3.82,False,52.27
2782,20240629,460,5,2.92,False,91.39
2783,20250129,261,4,4.41,False,37.42
2784,20240519,580,5,3.1,False,82.38
2785,20250315,641,1,2.71,False,75.4
2786,20250524,705,4,3.61,False,64.63
2787,20240130,406,1,2.93,False,67.56
2788,20240826,453,2,5.0,False,27.98
2789,20250210,247,5,3.22,True,88.67
2790,20250129,412,4,2.56,True,100.0
2791,20240806,194,2,4.28,False,39.62
2792,20250228,427,2,3.73,False,75.16
2793,20240421,122,3,4.4,False,36.72
2794,20240214,56,4,4.19,False,48.87
2795,20241108,690,2,3.62,False,44.8
2796,20250630,34,3,3.62,True,73.98
2797,20250319,319,5,3.38,False,75.92
2798,20250406,225,2,3.52,False,48.37
2799,20250708,675,4,3.53,False,58.13
2800,20240305,640,5,3.18,False,91.33
2801,20241102,552,2,3.77,False,53.86
2802,20240327,14,3,4.25,False,35.12
2803,20240501,306,3,4.43,False,29.59
2804,20240817,209,4,3.99,False,44.3
2805,20240202,192,2,4.57,False,19.84
2806,20250311,685,4,3.96,False,42.12
2807,20251115,136,2,4.11,False,38.76
2808,20240813,180,4,2.98,False,53.0
2809,20250925,138,3,3.7,False,37.39
2810,20250513,196,5,2.57,False,79.72
2811,20240318,61,5,3.36,False,80.21
2812,20240520,456,5,3.22,False,55.71
2813,20240605,661,1,3.38,False,54.87
2814,20250424,3,2,4.04,False,29.76
2815,20250516,300,2,4.13,False,35.42
2816,20250618,545,4,3.19,False,57.86
2817,20240526,141,1,4.1,False,38.06
2818,20250216,149,1,3.67,False,76.61
2819,20241122,135,3,3.6,False,53.48
2820,20240917,222,1,2.33,False,86.22
2821,20250610,637,3,3.17,False,61.87
2822,20250519,388,3,3.71,False,38.56
2823,20250727,264,1,4.05,False,63.84
2824,20251209,588,1,3.49,False,73.65
2825,20250112,489,1,3.66,False,57.24
2826,20250202,199,1,3.51,True,62.78
2827,20250208,570,2,3.74,False,29.61
2828,20251016,387,2,4.05,False,39.45
2829,20240511,527,3,2.6,False,91.95
2830,20240620,343,2,4.29,False,28.67
2831,20240416,748,3,3.5,False,51.2
2832,20240619,259,5,2.15,False,100.0
2833,20250411,650,1,2.76,False,81.54
2834,20250523,400,2,3.54,False,44.17
2835,20251029,183,5,3.26,True,88.24
2836,20250214,449,5,3.08,False,69.87
2837,20250130,648,4,3.44,False,55.28
2838,20240403,551,3,4.5,False,38.89
2839,20241222,235,1,3.75,False,47.03
2840,20240311,237,2,3.95,False,72.8
2841,20241008,479,5,3.36,False,70.86
2842,20240305,30,1,3.26,True,86.4
2843,20240224,379,3,3.76,False,42.94
2844,20251215,498,4,3.61,False,47.66
2845,20250228,134,1,3.64,False,48.3
2846,20240629,215,5,3.32,False,89.09
2847,20240102,176,4,3.92,False,45.78
2848,20240311,340,4,3.47,False,80.15
2849,20250402,495,1,3.06,False,81.6
2850,20240626,311,2,4.4,False,32.38
2851,20250203,27,1,2.54,False,91.96
2852,20240414,428,2,4.46,False,46.47
2853,20251114,471,4,3.68,False,72.68
2854,20240525,641,1,2.96,False,64.73
2855,20250726,239,3,3.44,False,49.73
2856,20250527,590,1,3.87,False,44.88
2857,20241207,448,2,3.43,False,53.3
2858,20241112,497,1,2.82,False,73.3
2859,20250525,81,3,3.96,False,63.56
2860,20240502,431,3,3.95,True,46.07
2861,20250730,93,1,3.68,True,48.28
2862,20250806,280,5,3.17,False,81.87
2863,20251221,137,5,3.72,False,65.89
2864,20251224,333,1,3.67,False,48.79
2865,20250623,670,1,2.81,False,98.99
2866,20250718,641,1,3.78,False,58.01
2867,20250120,697,2,4.16,False,27.58
2868,20240202,154,2,4.45,False,15.26
2869,20241021,314,4,3.7,False,57.08
2870,20251112,682,2,3.5,False,86.41
2871,20240312,615,4,4.4,False,13.79
2872,20250621,554,2,4.6,False,27.7
2873,20240603,28,3,3.98,False,40.82
2874,20250607,203,4,3.47,False,51.92
2875,20251113,113,1,3.84,False,68.27
2876,20250531,81,3,4.32,False,47.97
2877,20240418,327,1,3.49,False,85.14
2878,20240908,80,3,3.28,False,36.25
2879,20241102,620,3,3.96,False,37.15
2880,20240718,549,4,3.72,False,62.11
2881,20250531,551,3,3.98,False,44.76
2882,20240218,299,4,3.41,False,58.2
2883,20250304,25,5,3.79,False,74.32
2884,20240505,208,5,3.72,False,65.27
2885,20250128,481,4,3.51,False,46.61
2886,20240629,155,5,3.33,False,75.12
2887,20250723,506,4,3.24,False,69.32
2888,20240525,578,3,4.02,False,38.26
2889,20240302,53,1,4.08,False,61.89
2890,20240913,604,4,3.62,False,63.24
2891,20240908,439,1,2.91,True,90.58
2892,20250703,495,1,3.61,False,83.79
2893,20251017,332,2,4.09,False,42.52
2894,20240817,125,2,3.84,False,40.94
2895,20250825,717,4,3.45,False,58.6
2896,20240925,213,2,4.02,False,43.47
2897,20250307,460,5,2.34,False,100.0
2898,20240804,741,1,3.03,False,57.14
2899,20250603,507,5,2.48,False,88.66
2900,20250613,210,1,3.59,False,61.15
2901,20240629,258,3,3.88,False,87.29
2902,20240617,449,5,3.86,False,60.64
2903,20240917,659,1,3.2,False,64.65
2904,20240916,169,3,4.17,False,12.73
2905,20240918,690,2,4.02,False,32.09
2906,20250831,2,4,4.36,False,48.61
2907,20240511,426,3,4.04,False,52.1
2908,20240207,649,5,2.76,False,100.0
2909,20240326,183,5,3.1,True,90.23
2910,20250523,363,3,4.26,False,31.34
2911,20250929,545,4,3.7,False,62.74
2912,20250305,548,3,4.15,False,42.15
2913,20240128,608,3,3.02,True,74.42
2914,20250804,273,4,2.91,False,57.92
2915,20240815,690,2,4.49,False,36.29
2916,20240228,686,2,4.9,False,9.53
2917,20250531,82,1,3.63,False,67.2
2918,20250310,94,4,3.71,False,56.18
2919,20240131,384,2,3.3,False,64.27
2920,20241011,136,2,4.23,False,35.97
2921,20250526,660,2,4.26,True,50.34
2922,20251222,605,1,3.27,False,54.9
2923,20240629,186,2,4.05,False,44.83
2924,20241105,155,5,3.05,False,70.68
2925,20240622,510,3,3.94,False,55.64
2926,20241103,731,3,3.47,False,61.42
2927,20241109,750,3,4.56,False,37.46
2928,20240213,480,1,3.21,True,76.13
2929,20250426,144,3,3.3,False,71.18
2930,20240222,82,1,2.76,False,80.94
2931,20250416,384,2,4.28,False,48.81
2932,20251223,306,3,5.0,False,33.33
2933,20251227,626,1,2.63,False,77.73
2934,20241007,209,4,3.94,False,40.91
2935,20241121,469,1,2.32,False,100.0
2936,20240115,156,1,3.75,False,43.45
2937,20240105,529,1,3.11,False,97.19
2938,20241031,221,2,4.06,False,58.21
2939,20250707,25,5,4.28,False,62.89
2940,20250919,178,3,4.45,False,51.36
2941,20250214,511,2,3.93,False,35.99
2942,20240104,747,1,3.58,False,64.62
2943,20241115,290,1,2.85,False,75.18
2944,20250813,81,3,3.33,False,72.66
2945,20240611,185,1,3.52,False,53.9
2946,20240106,46,3,3.79,False,62.09
2947,20250219,452,2,3.96,False,33.34
2948,20250106,157,1,3.8,False,41.08
2949,20240702,17,5,3.52,False,55.56
2950,20240307,703,5,3.57,False,50.97
2951,20240801,558,1,3.43,False,35.42
2952,20240623,513,4,4.25,False,57.25
2953,20251225,283,3,4.01,False,36.55
2954,20240926,495,1,2.08,False,94.36
2955,20250906,53,1,3.04,False,72.67
2956,20240702,274,2,4.12,False,32.01
2957,20250216,264,1,3.68,False,58.64
2958,20240315,602,3,4.12,False,57.91
2959,20250501,374,1,4.12,False,49.15
2960,20240605,707,3,3.37,False,56.43
2961,20250918,236,1,3.14,False,70.65
2962,20250711,373,5,3.48,False,84.02
2963,20250609,480,1,4.2,False,49.23
2964,20250712,554,2,3.55,False,49.61
2965,20250110,240,3,3.11,False,83.01
2966,20240205,100,4,3.29,False,75.68
2967,20251023,336,3,4.36,False,47.81
2968,20251218,97,1,3.43,False,66.5
2969,20240405,270,3,4.09,False,25.27
2970,20241009,264,1,2.99,False,64.83
2971,20250323,454,1,2.53,False,82.0
2972,20250802,31,5,3.85,False,52.48
2973,20250723,317,1,3.37,False,66.8
2974,20240511,452,2,5.0,False,20.6
2975,20240615,438,3,3.65,False,45.94
2976,20240229,660,2,4.87,False,30.58
2977,20241230,734,3,4.2,False,57.79
2978,20250217,663,2,3.47,False,64.28
2979,20250522,16,5,2.6,False,90.89
2980,20240130,314,4,2.98,False,54.61
2981,20251129,209,4,3.37,False,55.7
2982,20250528,455,1,2.34,True,100.0
2983,20240607,276,3,3.88,False,56.01
2984,20250119,130,4,3.86,False,42.38
2985,20240413,648,4,3.32,False,51.23
2986,20240609,278,1,2.93,True,76.91
2987,20250320,604,4,3.81,False,40.21
2988,20240115,363,3,3.79,False,24.01
2989,20250302,215,5,3.85,False,85.23
2990,20241105,741,1,3.14,False,69.47
2991,20240616,359,3,3.76,False,66.61
2992,20240513,559,4,4.41,False,37.79
2993,20251118,47,1,3.61,False,63.59
2994,20240719,47,1,3.35,False,62.73
2995,20240817,678,5,3.71,False,58.71
2996,20241103,562,1,3.65,False,67.37
2997,20251031,67,1,3.62,False,65.73
2998,20250927,267,1,3.29,False,61.06
2999,20241219,468,3,4.0,True,51.97
3000,20250622,600,1,3.86,False,64.84
3001,20240206,640,5,1.8,False,100.0
3002,20240127,462,2,2.96,False,79.86
3003,20240806,300,2,4.99,False,28.59
3004,20240418,235,1,3.47,False,62.22
3005,20240107,308,5,3.48,False,70.22
3006,20240530,19,1,3.51,False,62.11
3007,20240127,175,4,3.62,False,59.73
3008,20240510,238,1,3.08,False,74.88
3009,20250819,267,1,3.03,False,83.82
3010,20240412,502,2,3.97,False,51.31
3011,20250226,261,4,4.25,False,25.55
3012,20240221,84,2,4.81,False,36.61
3013,20251122,78,2,4.12,False,21.89
3014,20241218,401,4,2.79,False,54.52
3015,20241224,209,4,4.43,False,40.85
3016,20250523,439,1,3.86,False,58.06
3017,20250215,748,3,3.44,False,59.98
3018,20250423,152,5,2.76,True,100.0
3019,20241017,449,5,3.9,False,52.37
3020,20240318,679,2,4.32,False,33.29
3021,20250401,528,2,4.13,False,41.89
3022,20240413,642,3,3.48,False,54.3
3023,20250302,325,3,3.71,False,46.16
3024,20240729,472,1,3.93,False,56.46
3025,20250515,175,4,3.68,False,60.04
3026,20240928,180,4,3.77,False,41.06
3027,20250702,612,1,3.48,False,51.82
3028,20250728,314,4,3.56,False,46.58
3029,20251203,165,1,3.57,False,63.4
3030,20251002,85,3,4.62,False,23.36
3031,20240712,300,2,4.48,False,26.33
3032,20250619,387,2,5.0,False,25.41
3033,20240409,49,2,3.31,False,65.21
3034,20240218,178,3,4.01,False,57.44
3035,20250520,199,1,3.14,True,76.47
3036,20250111,263,5,2.99,False,72.42
3037,20240626,702,2,4.39,False,41.93
3038,20250922,57,5,3.74,False,62.04
3039,20250611,521,3,3.61,False,47.03
3040,20241108,740,1,2.27,False,90.35
3041,20240819,641,1,3.65,False,53.53
3042,20240119,475,5,3.63,False,81.71
3043,20241211,227,1,3.17,False,64.7
3044,20241113,415,4,4.19,False,34.22
3045,20250414,462,2,3.99,False,71.59
3046,20240408,41,1,4.02,True,65.97
3047,20251123,59,3,3.44,False,47.23
3048,20250131,325,3,4.23,False,26.08
3049,20250327,483,4,3.82,False,54.91
3050,20240627,663,2,3.98,True,68.93
3051,20240701,192,2,4.47,False,17.88
3052,20250325,630,3,3.73,False,59.53
3053,20250830,238,1,3.1,False,61.18
3054,20241123,255,5,2.83,False,82.34
3055,20250106,293,3,4.44,False,19.82
3056,20240327,84,2,3.91,True,52.92
3057,20250925,339,3,5.0,False,7.66
3058,20250709,529,1,3.54,False,91.76
3059,20241030,264,1,2.91,False,67.49
3060,20240516,298,2,4.07,False,35.3
3061,20250326,747,1,3.6,False,74.1
3062,20250717,703,5,3.41,False,66.24
3063,20251121,201,4,4.14,False,32.91
3064,20250121,747,1,3.52,False,64.32
3065,20251205,81,3,3.76,False,57.0
3066,20240208,325,3,4.29,False,31.22
3067,20240525,138,3,3.85,False,41.99
3068,20240925,559,4,4.06,False,28.02
3069,20251011,421,4,3.86,False,67.2
3070,20240708,186,2,4.28,False,35.57
3071,20240115,653,1,3.01,False,75.52
3072,20241230,229,1,3.88,False,57.72
3073,20250405,145,1,3.18,True,72.94
3074,20250515,544,1,2.86,False,55.57
3075,20241226,30,1,3.51,False,66.58
3076,20240705,684,4,2.89,False,94.52
3077,20251114,314,4,3.05,False,53.61
3078,20241105,440,1,3.13,False,88.94
3079,20240607,180,4,2.88,False,63.82
3080,20251113,47,1,2.43,False,86.63
3081,20240810,555,4,3.6,False,65.87
3082,20250408,717,4,3.15,True,70.33
3083,20240210,237,2,3.54,False,68.17
3084,20250329,17,5,3.41,False,50.96
3085,20250514,299,4,3.79,False,50.93
3086,20240903,208,5,3.46,False,71.27
3087,20240104,46,3,4.49,False,36.8
3088,20250425,641,1,3.03,False,66.58
3089,20240506,454,1,2.38,False,75.01
3090,20250330,348,1,2.98,False,71.7
3091,20241211,440,1,2.72,False,100.0
3092,20240715,208,5,2.71,False,73.76
3093,20250212,495,1,3.24,False,76.57
3094,20240801,261,4,4.09,False,31.91
3095,20250613,398,1,3.47,False,64.86
3096,20240615,430,1,3.62,False,65.89
3097,20240102,743,2,4.74,False,51.63
3098,20250928,713,1,3.56,False,74.91
3099,20240926,705,4,3.72,False,64.72
3100,20240828,138,3,3.76,False,50.37
3101,20240612,613,5,3.33,False,77.29
3102,20240109,481,4,4.16,False,34.46
3103,20250607,314,4,4.29,False,43.42
3104,20241122,475,5,2.81,True,86.36
3105,20240918,405,3,4.0,False,42.9
3106,20250630,743,2,3.33,False,74.16
3107,20251105,184,1,3.63,False,74.97
3108,20240320,724,4,3.88,False,46.88
3109,20250823,160,2,4.87,True,29.26
3110,20250618,597,2,4.52,False,32.21
3111,20241006,243,4,4.36,False,59.37
3112,20240105,28,3,3.96,False,47.82
3113,20250311,308,5,3.19,False,74.05
3114,20240602,449,5,3.7,False,57.73
3115,20240916,220,5,3.5,False,65.89
3116,20250502,280,5,2.93,False,76.87
3117,20240929,627,1,3.96,False,62.43
3118,20251027,628,4,3.81,False,53.37
3119,20250804,90,3,3.31,False,99.03
3120,20241209,482,2,4.52,False,29.39
3121,20250101,705,4,3.65,False,56.02
3122,20241130,676,3,3.98,False,53.9
3123,20241222,661,1,3.79,False,54.51
3124,20251112,628,4,3.38,False,59.01
3125,20241231,498,4,3.5,False,24.24
3126,20241221,150,1,3.31,False,72.03
3127,20240526,366,2,4.11,False,40.2
3128,20240720,127,4,3.54,False,73.2
3129,20250326,492,2,4.21,False,35.74
3130,20251007,254,3,3.19,False,53.38
3131,20250813,629,1,2.92,False,82.68
3132,20250220,379,3,3.95,False,32.9
3133,20250210,503,2,4.13,False,45.95
3134,20250921,316,3,3.57,False,44.6
3135,20241117,112,2,4.22,False,37.47
3136,20250831,77,1,3.52,False,63.26
3137,20241227,391,4,4.29,False,32.22
3138,20240531,449,5,3.32,False,71.42
3139,20241124,681,4,3.86,False,47.87
3140,20251105,537,5,3.8,False,74.31
3141,20250324,707,3,3.64,False,49.3
3142,20240119,267,1,3.35,False,65.5
3143,20240621,248,2,4.36,False,43.74
3144,20241107,539,1,3.29,False,69.42
3145,20240102,134,1,3.49,False,55.68
3146,20251023,546,1,2.88,False,69.94
3147,20240323,21,1,2.35,False,85.63
3148,20251013,588,1,3.43,False,64.54
3149,20250420,5,1,2.83,True,100.0
3150,20240213,515,1,3.17,False,100.0
3151,20251001,274,2,4.5,False,36.05
3152,20240501,12,2,4.93,False,7.29
3153,20251226,732,4,3.99,False,28.69
3154,20241027,93,1,3.75,False,42.74
3155,20250211,577,1,3.99,False,56.15
3156,20251016,215,5,3.14,True,99.46
3157,20250912,685,4,3.02,False,79.65
3158,20240104,455,1,2.62,False,99.12
3159,20241022,55,1,3.09,False,70.58
3160,20240409,143,1,2.76,False,95.53
3161,20240215,76,3,4.28,False,22.38
3162,20251209,207,1,3.73,False,57.54
3163,20240619,419,3,3.73,False,64.22
3164,20250709,447,1,4.03,False,60.19
3165,20251220,367,4,4.24,False,27.33
3166,20250120,615,4,3.43,False,56.98
3167,20240309,21,1,3.59,False,76.16
3168,20250615,151,5,3.72,False,68.52
3169,20250823,97,1,2.96,False,82.02
3170,20250530,329,3,3.7,False,47.35
3171,20240511,329,3,3.3,True,53.82
3172,20241011,510,3,3.67,False,55.09
3173,20250708,317,1,3.51,False,57.18
3174,20250216,209,4,4.41,False,39.3
3175,20240425,224,4,3.98,False,35.12
3176,20240508,454,1,3.36,False,62.43
3177,20240809,21,1,3.6,False,70.84
3178,20250614,176,4,3.51,False,37.97
3179,20250603,621,2,4.76,False,37.88
3180,20250407,169,3,4.52,False,21.35
3181,20240116,674,2,4.91,False,31.52
3182,20250622,107,5,3.4,False,70.39
3183,20251114,619,2,4.17,False,35.46
3184,20250626,732,4,3.44,False,31.24
3185,20240619,363,3,3.59,False,43.96
3186,20240722,208,5,4.45,False,52.52
3187,20240321,123,1,3.64,False,58.07
3188,20241126,545,4,3.73,False,46.5
3189,20250324,196,5,3.11,False,73.24
3190,20240602,371,5,3.53,False,57.44
3191,20240105,123,1,3.6,False,66.91
3192,20241210,179,1,3.57,False,53.07
3193,20240125,205,1,2.3,False,100.0
3194,20241107,646,1,3.72,False,37.54
3195,20240118,726,1,2.93,False,69.47
3196,20250713,439,1,2.78,False,79.43
3197,20250112,508,4,3.14,False,75.79
3198,20240814,388,3,4.12,False,36.34
3199,20251101,164,1,2.6,False,100.0
3200,20240722,731,3,3.13,False,61.44
3201,20250123,520,3,4.3,False,58.32
3202,20250718,617,1,3.26,False,82.57
3203,20240809,590,1,3.73,False,52.66
3204,20240329,178,3,3.98,False,67.63
3205,20250214,504,3,4.52,False,32.53
3206,20240827,577,1,3.17,True,58.85
3207,20250710,426,3,3.78,False,53.73
3208,20241213,698,5,3.49,False,81.55
3209,20240904,325,3,4.06,False,39.98
3210,20240701,659,1,3.32,False,64.67
3211,20240423,146,2,4.57,False,39.79
3212,20251007,438,3,3.98,False,33.76
3213,20241226,204,2,4.46,False,44.29
3214,20240130,533,4,3.75,False,48.17
3215,20240828,589,1,3.83,False,51.95
3216,20250925,125,2,4.19,False,19.85
3217,20250921,292,5,3.72,False,65.59
3218,20240403,585,2,4.23,False,38.47
3219,20241203,184,1,3.71,False,60.36
3220,20250728,280,5,3.56,False,85.05
3221,20250204,224,4,3.8,False,27.55
3222,20241022,239,3,4.33,False,47.74
3223,20250101,145,1,3.41,False,61.13
3224,20250527,637,3,4.14,False,56.07
3225,20240203,8,1,3.28,False,78.35
3226,20240521,208,5,3.69,False,73.46
3227,20251211,497,1,4.23,False,64.69
3228,20250222,264,1,3.3,False,67.72
3229,20241207,284,1,3.93,False,69.24
3230,20241211,305,4,3.54,False,58.46
3231,20250102,434,3,3.59,False,45.02
3232,20250405,115,1,3.5,False,66.95
3233,20241211,445,1,4.2,False,48.42
3234,20250824,232,2,4.17,False,31.22
3235,20250104,654,3,3.35,False,83.81
3236,20241128,612,1,3.68,False,58.5
3237,20241201,205,1,3.53,False,66.56
3238,20251020,456,5,2.87,True,77.19
3239,20250821,669,2,4.01,False,26.8
3240,20240803,600,1,3.16,False,65.62
3241,20241222,681,4,4.23,False,43.32
3242,20241028,543,4,4.28,False,46.53
3243,20240726,285,2,3.58,False,86.34
3244,20240710,201,4,4.53,False,19.24
3245,20251022,30,1,3.62,True,70.32
3246,20240303,499,1,3.21,False,100.0
3247,20251112,236,1,2.57,True,95.25
3248,20241207,484,3,2.98,False,61.72
3249,20241225,304,2,3.52,False,59.86
3250,20251018,569,4,3.12,False,60.16
3251,20250830,205,1,2.48,False,81.22
3252,20240131,175,4,4.01,False,48.11
3253,20250930,690,2,3.77,False,54.31
3254,20250505,179,1,3.69,False,63.95
3255,20251009,135,3,4.22,False,35.85
3256,20250322,241,2,4.47,False,35.4
3257,20250909,642,3,4.27,False,34.95
3258,20240220,316,3,3.99,False,36.5
3259,20240912,34,3,4.5,False,46.29
3260,20250515,562,1,4.09,False,43.15
3261,20240201,226,4,3.9,False,55.3
3262,20251128,634,4,3.82,False,48.01
3263,20251104,62,3,4.75,False,31.11
3264,20250716,325,3,4.48,False,41.34
3265,20250410,629,1,3.71,False,61.38
3266,20240811,59,3,4.42,False,25.43
3267,20240124,106,4,3.4,False,62.08
3268,20241005,667,3,3.59,False,60.46
3269,20250926,46,3,3.84,False,47.03
3270,20251217,342,1,2.87,False,83.42
3271,20251228,42,2,4.99,False,38.35
3272,20250713,364,3,3.89,False,48.82
3273,20240308,308,5,3.38,False,59.79
3274,20240718,478,3,3.46,False,49.61
3275,20250217,89,5,3.56,False,58.31
3276,20241206,453,2,3.87,False,42.35
3277,20241230,489,1,3.55,False,63.28
3278,20250116,582,5,3.18,False,72.95
3279,20250601,520,3,4.25,False,49.95
3280,20250808,535,4,3.4,False,87.9
3281,20240613,13,4,4.15,False,33.91
3282,20250904,563,3,4.15,False,26.85
3283,20250528,462,2,3.99,False,81.1
3284,20251219,504,3,4.85,False,36.28
3285,20250321,496,2,4.23,False,29.44
3286,20240713,365,5,3.92,False,60.48
3287,20250824,415,4,3.37,False,53.9
3288,20240605,446,4,4.54,False,34.23
3289,20251220,141,1,3.46,False,64.81
3290,20240305,205,1,3.37,False,76.7
3291,20240617,222,1,3.44,False,68.03
3292,20250512,343,2,4.22,False,37.66
3293,20250731,621,2,4.4,False,38.1
3294,20241213,29,4,4.31,False,46.6
3295,20241210,281,3,3.63,False,50.32
3296,20251222,658,2,4.8,True,51.12
3297,20250922,578,3,3.66,False,58.86
3298,20241127,637,3,3.83,False,52.49
3299,20250627,410,3,3.92,False,34.44
3300,20240301,563,3,4.47,False,25.14
3301,20250503,445,1,3.4,False,73.51
3302,20250218,573,2,3.97,True,27.92
3303,20240101,95,2,5.0,False,16.72
3304,20240320,734,3,3.84,False,56.89
3305,20240512,507,5,2.52,False,85.74
3306,20250918,440,1,2.68,False,100.0
3307,20250128,155,5,3.43,False,67.38
3308,20240619,84,2,4.54,False,45.24
3309,20240916,534,2,4.62,False,42.35
3310,20241009,235,1,3.19,False,57.17
3311,20240522,569,4,4.28,False,22.81
3312,20251005,375,5,3.22,False,77.23
3313,20240725,97,1,3.54,False,62.04
3314,20240208,231,1,3.61,False,65.53
3315,20250202,393,3,4.03,True,55.17
3316,20240308,56,4,3.1,False,64.36
3317,20250409,624,4,3.84,False,36.76
3318,20250223,11,1,3.1,True,94.56
3319,20240423,655,1,3.62,False,45.1
3320,20251007,449,5,3.09,False,74.87
3321,20250922,154,2,4.46,False,27.52
3322,20241119,597,2,3.94,False,40.76
3323,20240312,707,3,4.08,False,42.27
3324,20241221,316,3,3.82,False,44.34
3325,20250928,709,2,4.03,False,33.84
3326,20240326,413,3,4.7,False,21.39
3327,20251015,252,4,3.75,False,60.45
3328,20250501,748,3,3.93,False,45.48
3329,20240916,246,2,4.07,False,38.25
3330,20250624,386,5,3.19,False,70.66
3331,20250327,407,5,3.04,False,100.0
3332,20240902,122,3,4.82,False,25.95
3333,20250411,277,5,3.21,False,64.84
3334,20250417,209,4,3.66,False,58.41
3335,20251110,349,1,3.47,False,72.67
3336,20240825,76,3,3.66,False,38.43
3337,20240405,715,1,3.08,False,76.62
3338,20240507,206,1,3.55,False,67.41
3339,20240421,283,3,3.4,False,64.22
3340,20240728,692,1,3.34,False,61.0
3341,20250507,482,2,4.45,False,26.77
3342,20240211,364,3,4.07,False,55.02
3343,20250630,482,2,4.21,False,38.6
3344,20240624,491,3,4.09,False,43.76
3345,20250719,189,2,3.79,False,35.82
3346,20241213,423,5,2.9,True,100.0
3347,20240525,410,3,3.06,False,47.28
3348,20241109,327,1,2.12,True,100.0
3349,20250715,575,1,3.66,False,74.01
3350,20250216,575,1,4.1,False,50.77
3351,20250731,401,4,3.7,False,57.11
3352,20240902,69,5,3.51,False,60.94
3353,20250801,496,2,4.29,False,29.02
3354,20250227,576,1,3.87,False,64.37
3355,20250418,661,1,3.62,False,59.52
3356,20251011,686,2,3.99,False,42.47
3357,20250301,146,2,4.53,False,31.18
3358,20250819,696,2,3.82,False,43.0
3359,20240430,636,5,3.08,False,64.95
3360,20250212,243,4,4.05,False,45.96
3361,20240214,284,1,2.88,False,74.87
3362,20240310,568,1,3.18,False,62.82
3363,20251123,575,1,3.03,False,75.75
3364,20250704,134,1,3.16,False,48.12
3365,20240225,74,3,4.01,False,30.67
3366,20250418,527,3,3.98,False,83.03
3367,20240213,537,5,2.43,False,100.0
3368,20250430,297,5,3.49,False,69.73
3369,20240714,398,1,3.08,False,73.21
3370,20241127,282,1,3.28,False,68.09
3371,20250308,175,4,4.01,False,41.6
3372,20240226,583,1,3.08,False,87.35
3373,20241218,350,1,3.9,False,57.63
3374,20250823,15,3,3.77,False,65.1
3375,20251219,397,4,3.96,False,56.01
3376,20240616,133,2,4.7,False,23.26
3377,20241025,99,2,4.95,False,21.05
3378,20240821,17,5,3.11,False,73.52
3379,20240828,513,4,4.13,False,57.69
3380,20240830,538,3,3.72,False,49.5
3381,20241106,3,2,5.0,False,23.54
3382,20250808,230,2,3.92,False,50.88
3383,20251112,628,4,3.28,False,60.71
3384,20250414,476,5,2.68,False,80.31
3385,20240321,35,3,4.27,False,50.98
3386,20240612,278,1,3.44,False,63.24
3387,20240901,336,3,4.08,False,46.16
3388,20251021,225,2,4.56,False,32.91
3389,20250212,519,2,4.64,False,28.4
3390,20241201,152,5,2.52,False,100.0
3391,20240122,164,1,2.34,True,100.0
3392,20240930,164,1,3.41,False,100.0
3393,20250914,482,2,3.91,False,47.63
3394,20250802,317,1,3.52,False,66.55
3395,20250201,740,1,3.77,False,49.86
3396,20250704,468,3,3.8,False,44.83
3397,20250516,207,1,3.16,False,64.64
3398,20250626,157,1,4.17,False,38.26
3399,20250127,256,2,3.41,False,90.19
3400,20250522,219,2,4.54,False,19.33
3401,20250525,701,5,3.4,False,50.71
3402,20240913,639,4,4.13,False,53.22
3403,20250529,6,1,3.08,False,63.41
3404,20251123,670,1,3.61,False,87.21
3405,20240407,216,1,3.92,False,38.86
3406,20241029,13,4,3.72,False,56.16
3407,20250515,113,1,3.0,False,65.46
3408,20240111,437,1,2.82,False,71.4
3409,20251120,637,3,4.31,False,55.43
3410,20240617,341,1,3.79,False,47.27
3411,20250916,589,1,3.04,True,78.31
3412,20241217,450,4,4.19,False,26.6
3413,20251121,101,5,2.55,False,100.0
3414,20241205,416,1,2.84,False,63.29
3415,20240404,252,4,3.53,False,69.33
3416,20250512,156,1,2.93,False,59.45
3417,20251001,184,1,2.72,False,74.95
3418,20250425,548,3,5.0,False,32.51
3419,20240813,563,3,3.84,False,41.66
3420,20251219,273,4,3.57,False,77.91
3421,20250716,228,4,3.21,False,72.04
3422,20241228,640,5,3.43,False,65.27
3423,20240213,11,1,2.99,False,100.0
3424,20250102,75,2,3.13,False,48.16
3425,20250917,63,4,3.02,True,78.86
3426,20240624,128,5,2.18,True,100.0
3427,20251001,6,1,3.79,False,61.58
3428,20241003,229,1,3.28,False,65.96
3429,20240814,165,1,4.06,False,45.86
3430,20240603,713,1,3.61,False,72.41
3431,20240209,388,3,3.87,False,43.16
3432,20251214,155,5,3.72,False,55.87
3433,20251210,547,5,3.79,False,66.43
3434,20241031,474,1,3.23,False,82.58
3435,20240325,111,2,4.8,False,33.91
3436,20240409,391,4,3.3,False,45.38
3437,20250803,613,5,3.61,False,67.94
3438,20251019,34,3,4.25,False,45.97
3439,20250123,446,4,3.8,False,38.2
3440,20250808,673,4,2.54,False,100.0
3441,20240322,219,2,4.66,False,11.28
3442,20250526,158,1,4.09,False,55.44
3443,20240814,180,4,3.78,False,54.01
3444,20240930,604,4,4.12,False,41.53
3445,20251224,53,1,3.47,False,56.67
3446,20250121,197,3,3.98,False,33.33
3447,20240923,398,1,2.74,False,87.81
3448,20240306,348,1,2.33,False,86.76
3449,20240221,267,1,3.15,False,62.47
3450,20250704,180,4,4.09,False,43.19
3451,20250825,744,2,3.28,False,76.08
3452,20250110,286,3,4.8,False,26.4
3453,20251125,162,2,3.4,False,69.96
3454,20250412,434,3,3.75,False,53.17
3455,20240926,451,4,4.05,False,53.33
3456,20251108,540,3,3.57,False,65.64
3457,20250227,467,1,3.74,False,67.39
3458,20250121,367,4,3.02,False,44.31
3459,20240822,466,3,3.69,False,54.86
3460,20240501,636,5,2.88,False,73.75
3461,20250826,42,2,4.5,False,32.78
3462,20250808,504,3,3.96,False,32.47
3463,20251108,27,1,2.81,False,89.9
3464,20250404,594,1,3.34,False,74.95
3465,20250108,5,1,2.68,True,98.24
3466,20250621,266,2,3.8,False,56.84
3467,20241006,62,3,4.11,False,30.89
3468,20241117,521,3,3.91,False,57.1
3469,20250926,96,4,3.69,False,72.5
3470,20250909,40,1,3.19,False,77.06
3471,20250430,518,4,3.1,False,61.53
3472,20240101,236,1,3.24,False,82.91
3473,20250713,16,5,2.83,True,95.89
3474,20240417,123,1,3.41,False,57.37
3475,20240821,379,3,4.25,False,42.68
3476,20250622,306,3,4.28,False,39.81
3477,20241227,420,1,4.06,False,49.24
3478,20241122,532,3,4.25,False,74.17
3479,20250313,306,3,4.48,False,33.26
3480,20250623,393,3,4.33,True,60.9
3481,20250119,573,2,4.49,False,21.43
3482,20251126,301,1,2.88,True,90.37
3483,20250718,478,3,4.36,False,21.67
3484,20240928,250,4,2.95,False,58.55
3485,20251228,96,4,3.13,False,70.92
3486,20251014,191,2,4.64,False,26.42
3487,20240725,175,4,3.31,False,50.62
3488,20240625,672,3,4.46,False,47.64
3489,20241022,566,1,3.59,False,54.88
3490,20250114,612,1,3.32,False,74.17
3491,20240724,162,2,3.5,False,59.75
3492,20241108,539,1,3.45,False,65.64
3493,20250608,717,4,3.55,False,57.69
3494,20250727,567,3,3.83,False,55.78
3495,20250322,253,3,4.67,False,41.96
3496,20250825,707,3,4.07,False,36.56
3497,20240224,627,1,2.84,False,85.34
3498,20240116,150,1,3.22,False,71.94
3499,20250804,172,4,2.95,False,70.16
3500,20241019,212,4,3.52,False,56.74
3501,20251218,601,4,2.73,False,100.0
3502,20251127,498,4,3.04,False,60.91
3503,20250210,202,2,4.41,False,22.21
3504,20251014,457,1,3.78,False,63.17
3505,20250414,270,3,4.21,False,24.5
3506,20250717,372,4,2.49,False,95.09
3507,20240724,144,3,3.72,False,49.29
3508,20240822,710,5,3.71,False,56.99
3509,20250611,224,4,3.62,False,35.8
3510,20241219,126,3,4.04,False,32.21
3511,20251215,37,3,4.06,False,23.24
3512,20240301,413,3,3.87,False,32.74
3513,20250530,588,1,3.03,True,85.44
3514,20241206,589,1,3.32,False,58.6
3515,20241117,547,5,3.27,False,79.01
3516,20241220,332,2,4.32,False,44.79
3517,20250514,688,2,4.34,False,36.25
3518,20240827,13,4,3.42,False,60.67
3519,20251210,369,4,3.79,False,34.17
3520,20241115,121,1,3.49,False,67.67
3521,20240501,420,1,4.01,False,55.48
3522,20251025,648,4,3.0,False,64.55
3523,20251104,472,1,3.76,False,53.33
3524,20240326,727,1,3.4,False,55.41
3525,20240308,456,5,2.85,False,69.66
3526,20241114,355,1,3.09,True,82.51
3527,20251226,136,2,4.44,False,32.51
3528,20250121,179,1,3.76,False,48.92
3529,20250330,27,1,2.39,False,97.45
3530,20251227,64,3,3.91,False,49.4
3531,20240418,267,1,3.26,True,61.68
3532,20250524,468,3,3.92,False,34.44
3533,20251123,681,4,4.19,False,44.83
3534,20240725,521,3,4.12,False,52.32
3535,20251205,128,5,3.53,False,96.95
3536,20251227,361,2,4.59,False,32.08
3537,20250424,176,4,3.83,False,40.65
3538,20240311,342,1,2.34,False,80.72
3539,20240128,352,3,3.73,False,54.47
3540,20240813,430,1,3.94,False,66.58
3541,20250826,711,1,4.08,False,61.89
3542,20240425,40,1,2.44,False,87.21
3543,20250908,724,4,4.11,False,45.73
3544,20240103,561,2,4.34,False,31.97
3545,20250708,577,1,3.35,False,58.71
3546,20250202,509,1,2.68,False,100.0
3547,20240215,316,3,3.98,False,33.7
3548,20241201,686,2,4.77,False,16.27
3549,20250127,504,3,3.63,False,48.65
3550,20240803,43,1,3.02,False,63.43
3551,20240714,254,3,4.99,False,27.32
3552,20240213,702,2,4.12,False,38.7
3553,20250816,666,2,4.49,False,29.5
3554,20240202,660,2,4.58,False,22.46
3555,20250924,167,5,2.37,False,100.0
3556,20251108,454,1,2.97,False,67.23
3557,20240723,727,1,3.32,False,51.15
3558,20240524,190,2,4.1,False,48.66
3559,20241016,229,1,2.94,False,72.72
3560,20240215,372,4,3.2,False,87.69
3561,20250213,653,1,3.92,False,55.6
3562,20240816,725,1,3.33,False,50.13
3563,20240131,691,1,2.95,False,74.06
3564,20250713,329,3,4.75,False,34.84
3565,20250511,631,1,3.69,False,85.76
3566,20250710,377,1,4.5,False,44.44
3567,20240330,526,1,2.6,False,100.0
3568,20251111,384,2,4.35,False,56.38
3569,20240203,566,1,4.18,False,57.07
3570,20250201,605,1,3.72,False,77.3
3571,20241103,325,3,3.75,False,45.11
3572,20240222,663,2,4.52,False,55.42
3573,20240528,182,2,4.33,False,44.54
3574,20240612,238,1,3.33,False,63.56
3575,20240819,15,3,3.64,False,63.32
3576,20250127,409,3,3.95,False,35.09
3577,20241006,20,3,3.47,False,56.12
3578,20240525,537,5,3.33,False,82.7
3579,20251109,652,3,4.03,False,42.42
3580,20251123,426,3,3.82,False,34.38
3581,20251222,436,3,3.9,False,15.2
3582,20251213,712,1,3.03,False,79.01
3583,20240827,28,3,4.57,False,36.36
3584,20240419,313,1,3.15,False,67.53
3585,20250319,75,2,4.12,False,25.52
3586,20240613,487,2,4.72,False,36.05
3587,20240728,103,2,4.04,False,40.43
3588,20251125,223,2,4.74,False,25.71
3589,20251109,296,1,3.59,False,71.97
3590,20241119,17,5,4.05,False,34.18
3591,20250503,259,5,2.51,True,100.0
3592,20241015,624,4,3.49,False,49.58
3593,20240703,27,1,3.08,False,81.82
3594,20241024,226,4,3.48,False,62.35
3595,20251201,48,2,3.0,False,73.41
3596,20240205,334,4,3.28,False,67.89
3597,20250203,209,4,4.08,False,57.16
3598,20240507,237,2,2.84,False,75.96
3599,20240210,712,1,3.49,False,71.18
3600,20250607,600,1,2.44,True,75.93
3601,20250618,538,3,4.27,False,47.07
3602,20240516,28,3,4.19,False,49.07
3603,20241214,698,5,4.34,False,59.25
3604,20241023,154,2,4.04,False,28.82
3605,20241118,609,1,3.42,False,70.72
3606,20241012,177,1,3.58,False,82.72
3607,20250222,660,2,4.26,False,24.89
3608,20240801,225,2,4.03,False,41.75
3609,20240605,407,5,3.43,False,100.0
3610,20250221,47,1,3.15,False,65.01
3611,20240925,551,3,4.03,False,47.78
3612,20241112,39,4,5.0,False,33.43
3613,20240805,166,2,3.76,False,60.63
3614,20240925,317,1,3.31,False,68.81
3615,20251007,646,1,3.99,False,49.31
3616,20251019,492,2,4.33,False,33.57
3617,20240812,93,1,3.5,False,44.21
3618,20240302,25,5,3.1,False,71.32
3619,20250719,500,4,2.93,False,64.19
3620,20250502,280,5,2.55,True,100.0
3621,20250712,340,4,3.28,False,89.48
3622,20241125,579,5,2.64,False,72.62
3623,20240619,726,1,4.22,False,49.69
3624,20240612,713,1,2.46,False,88.0
3625,20250713,742,3,4.03,False,53.83
3626,20241015,698,5,2.45,False,86.64
3627,20251205,721,3,3.67,False,53.73
3628,20240610,299,4,3.68,False,58.27
3629,20250103,4,2,3.46,False,49.26
3630,20251112,158,1,3.26,False,63.64
3631,20250802,504,3,4.24,False,38.65
3632,20250321,670,1,2.9,False,94.11
3633,20250726,232,2,4.56,False,32.39
3634,20250403,79,1,2.93,False,83.41
3635,20241203,271,1,2.5,False,99.21
3636,20241005,652,3,4.27,True,53.01
3637,20251127,42,2,4.12,False,39.11
3638,20241229,307,4,3.25,True,68.38
3639,20250424,568,1,3.49,False,57.34
3640,20251212,57,5,3.78,False,61.91
3641,20240406,30,1,3.17,False,63.37
3642,20240512,382,3,3.77,False,62.92
3643,20241112,742,3,4.53,True,27.32
3644,20241202,164,1,2.53,False,100.0
3645,20250227,481,4,3.64,False,32.69
3646,20250205,11,1,2.91,False,100.0
3647,20250116,391,4,3.57,False,54.74
3648,20250613,594,1,3.24,False,66.32
3649,20251201,376,1,3.52,False,61.74
3650,20251127,609,1,3.38,False,53.66
3651,20251018,355,1,3.4,False,62.95
3652,20250901,729,4,3.02,False,72.26
3653,20240501,266,2,4.22,False,39.64
3654,20251031,618,3,3.84,False,71.31
3655,20240228,13,4,3.6,False,65.56
3656,20250831,561,2,4.81,False,25.6
3657,20250706,20,3,4.72,False,25.08
3658,20240329,376,1,3.28,False,62.05
3659,20241214,690,2,4.56,False,33.9
3660,20240910,379,3,3.7,False,45.49
3661,20240811,641,1,3.83,False,59.56
3662,20240112,94,4,3.09,False,65.39
3663,20251120,698,5,3.76,False,69.79
3664,20241010,334,4,3.87,False,69.82
3665,20240115,492,2,3.89,False,34.46
3666,20250214,203,4,4.35,False,41.51
3667,20250404,175,4,3.56,False,60.55
3668,20240504,144,3,4.13,False,55.28
3669,20251005,741,1,3.54,False,59.27
3670,20240220,202,2,3.82,False,39.13
3671,20251029,305,4,2.97,True,100.0
3672,20240921,63,4,4.25,False,55.99
3673,20250225,423,5,2.46,False,100.0
3674,20251122,693,5,2.51,False,100.0
3675,20250615,283,3,4.21,True,36.23
3676,20250423,152,5,2.69,False,100.0
3677,20250219,203,4,3.9,False,43.41
3678,20240328,365,5,3.61,False,68.28
3679,20250428,190,2,3.89,False,59.91
3680,20251204,590,1,3.8,False,60.12
3681,20240811,506,4,3.89,False,56.73
3682,20250210,391,4,4.33,False,39.4
3683,20250303,361,2,3.34,False,56.38
3684,20250609,724,4,3.97,False,40.27
3685,20240222,636,5,3.11,False,81.23
3686,20241006,432,1,4.17,False,48.61
3687,20240622,558,1,3.63,False,39.95
3688,20241106,371,5,3.05,False,62.17
3689,20240611,732,4,3.8,False,33.5
3690,20251028,411,4,3.69,False,65.35
3691,20250924,628,4,3.71,False,66.35
3692,20250705,214,2,4.13,False,46.24
3693,20250602,15,3,3.54,False,61.19
3694,20250918,316,3,2.87,False,49.18
3695,20240126,24,3,3.24,False,58.91
3696,20250515,546,1,3.52,False,66.33
3697,20250415,208,5,3.26,False,63.73
3698,20240512,174,3,3.75,False,74.37
3699,20250422,363,3,4.24,True,38.66
3700,20241207,114,2,3.88,False,26.63
3701,20240705,307,4,3.35,False,61.83
3702,20240707,595,1,3.01,False,69.16
3703,20250225,550,2,3.86,False,45.37
3704,20240404,84,2,4.05,False,51.53
3705,20240826,361,2,5.0,False,27.81
3706,20240217,237,2,4.09,False,58.33
3707,20250818,446,4,3.66,False,38.14
3708,20250828,561,2,4.77,False,15.31
3709,20241114,643,1,4.01,False,55.9
3710,20251231,179,1,2.99,False,77.75
3711,20240907,659,1,3.15,False,67.38
3712,20251218,653,1,3.39,False,61.42
3713,20240408,701,5,2.92,False,63.17
3714,20251021,387,2,4.35,False,40.99
3715,20240825,253,3,4.0,False,49.44
3716,20240131,379,3,3.75,False,56.4
3717,20250327,747,1,3.17,False,70.48
3718,20240909,562,1,3.76,False,51.21
3719,20240229,665,3,4.25,False,38.35
3720,20251220,203,4,3.41,False,66.84
3721,20251110,698,5,2.62,False,85.13
3722,20250516,472,1,3.03,False,72.41
3723,20240503,297,5,3.13,True,85.0
3724,20240123,352,3,3.88,False,62.26
3725,20240812,430,1,3.49,False,61.21
3726,20240124,81,3,2.51,False,76.66
3727,20240728,55,1,3.64,False,69.46
3728,20250121,653,1,3.26,False,72.16
3729,20250606,334,4,3.92,False,52.52
3730,20250112,289,4,2.59,False,82.86
3731,20241116,339,3,4.22,False,27.34
3732,20250612,710,5,3.8,False,48.5
3733,20250531,216,1,3.18,False,63.99
3734,20240121,202,2,4.76,False,41.35
3735,20241217,235,1,3.57,False,67.86
3736,20250314,243,4,3.87,False,41.98
3737,20241117,266,2,3.93,False,40.01
3738,20240818,294,4,4.11,False,54.27
3739,20250721,283,3,3.52,False,59.82
3740,20240203,663,2,3.97,False,75.75
3741,20240817,546,1,3.3,False,50.62
3742,20251022,278,1,3.55,False,63.04
3743,20250110,725,1,3.28,False,54.35
3744,20241128,654,3,2.94,False,99.76
3745,20240531,380,3,5.0,False,33.97
3746,20250628,108,3,4.38,False,34.2
3747,20240103,592,2,4.38,False,40.82
3748,20240902,400,2,4.3,False,31.45
3749,20250624,262,1,3.85,False,53.16
3750,20240603,300,2,4.54,False,35.93
3751,20250807,643,1,3.33,False,75.97
3752,20240325,494,5,3.32,False,68.33
3753,20251201,741,1,3.34,False,62.88
3754,20250103,688,2,4.94,False,35.11
3755,20240923,223,2,4.33,False,25.92
3756,20250425,458,1,3.43,False,69.2
3757,20250812,410,3,4.32,False,44.03
3758,20240405,640,5,2.35,False,88.67
3759,20240607,548,3,4.08,False,52.7
3760,20240124,434,3,3.35,False,65.02
3761,20250216,581,4,3.53,False,57.21
3762,20251201,636,5,2.69,False,70.43
3763,20250417,560,1,3.03,False,68.17
3764,20250202,156,1,2.49,False,67.69
3765,20240717,246,2,5.0,False,22.67
3766,20241225,260,3,3.71,False,62.7
3767,20250702,602,3,4.92,False,38.89
3768,20241212,620,3,4.21,False,32.92
3769,20251031,365,5,2.38,True,94.27
3770,20240915,151,5,3.48,False,74.2
3771,20241016,425,2,4.76,False,44.6
3772,20250710,67,1,3.8,False,63.42
3773,20240526,670,1,3.14,False,100.0
3774,20250302,639,4,3.57,False,44.66
3775,20241119,236,1,3.97,False,78.28
3776,20240525,585,2,4.31,False,44.61
3777,20251015,92,5,2.05,False,100.0
3778,20240716,254,3,3.61,False,52.68
3779,20240421,685,4,3.76,False,52.94
3780,20251207,370,3,4.82,False,31.22
3781,20240502,74,3,3.52,False,31.9
3782,20240530,121,1,2.9,False,79.09
3783,20240430,303,2,3.5,False,57.43
3784,20241205,329,3,4.74,False,33.75
3785,20240111,630,3,3.84,False,63.82
3786,20240729,500,4,3.88,False,47.55
3787,20251027,137,5,2.79,False,84.28
3788,20240609,742,3,4.34,False,38.49
3789,20250127,126,3,4.28,False,40.75
3790,20240411,122,3,4.14,False,41.17
3791,20241004,386,5,3.1,False,70.01
3792,20251128,698,5,3.25,False,83.88
3793,20250820,386,5,3.37,False,78.51
3794,20251110,27,1,2.62,False,86.98
3795,20240513,641,1,4.48,False,45.06
3796,20241210,641,1,3.39,False,61.76
3797,20250927,130,4,4.39,False,44.03
3798,20251004,112,2,4.29,False,42.46
3799,20240223,149,1,2.67,False,90.94
3800,20250414,508,4,3.16,False,75.72
3801,20250928,136,2,4.98,False,29.58
3802,20240219,62,3,4.09,False,30.46
3803,20240408,176,4,3.97,False,47.97
3804,20250914,379,3,3.77,False,43.34
3805,20240508,89,5,3.1,False,67.37
3806,20241111,13,4,3.62,False,49.17
3807,20251121,122,3,4.47,False,30.85
3808,20251223,412,4,3.32,False,89.19
3809,20250821,623,1,2.39,False,100.0
3810,20251207,15,3,4.28,False,53.74
3811,20240802,527,3,2.92,False,87.66
3812,20240627,23,2,4.25,False,33.99
3813,20240610,350,1,3.5,False,63.84
3814,20240702,226,4,3.87,False,42.13
3815,20250323,732,4,3.35,False,28.78
3816,20240727,11,1,3.8,False,80.21
3817,20250901,594,1,3.49,False,59.29
3818,20240521,95,2,4.81,False,28.07
3819,20251216,54,4,2.64,True,98.77
3820,20240526,599,2,4.58,False,41.12
3821,20250305,245,2,4.63,False,32.39
3822,20250528,128,5,1.9,True,100.0
3823,20251007,142,4,2.83,False,67.41
3824,20241017,455,1,3.12,False,84.71
3825,20240509,484,3,3.81,False,57.69
3826,20240217,293,3,3.89,False,33.54
3827,20240806,496,2,4.25,False,30.52
3828,20250723,626,1,2.72,False,72.11
3829,20240129,341,1,3.4,False,63.41
3830,20250714,745,4,3.54,False,69.7
3831,20241031,505,1,3.75,False,77.7
3832,20250606,626,1,3.67,False,46.46
3833,20240223,467,1,3.85,False,61.64
3834,20241224,393,3,4.7,True,36.81
3835,20251014,676,3,4.13,False,47.73
3836,20250521,278,1,3.89,False,53.72
3837,20240328,283,3,3.59,False,46.18
3838,20251216,430,1,3.45,False,62.18
3839,20240330,257,2,3.95,False,36.86
3840,20251025,279,4,2.59,False,100.0
3841,20241024,507,5,3.91,False,68.45
3842,20240328,229,1,3.66,False,64.07
3843,20240727,609,1,3.13,True,82.18
3844,20241117,504,3,4.85,False,24.97
3845,20240607,584,4,3.75,False,33.25
3846,20241205,69,5,3.77,False,36.9
3847,20250301,557,4,3.46,False,63.83
3848,20240105,454,1,3.05,False,58.2
3849,20240626,113,1,3.69,False,58.56
3850,20241015,314,4,3.75,False,52.16
3851,20250515,323,1,3.0,False,77.19
3852,20250417,283,3,4.43,False,32.36
3853,20250729,558,1,2.92,False,52.39
3854,20250514,148,1,3.13,False,73.16
3855,20240218,255,5,3.02,True,96.7
3856,20240418,547,5,3.44,False,69.86
3857,20250509,127,4,3.62,False,66.85
3858,20241221,664,2,4.39,False,57.1
3859,20240818,679,2,4.17,False,33.07
3860,20250310,259,5,2.83,False,100.0
3861,20251102,354,2,4.79,False,28.58
3862,20240330,179,1,3.43,False,74.32
3863,20240821,560,1,3.97,False,50.57
3864,20250410,239,3,3.53,False,43.12
3865,20240116,691,1,3.69,False,67.86
3866,20240117,362,1,3.12,False,51.66
3867,20250417,86,2,3.4,False,72.55
3868,20251218,617,1,2.71,False,90.58
3869,20241111,631,1,2.6,False,100.0
3870,20240318,736,4,4.15,False,40.37
3871,20241105,395,1,2.32,False,100.0
3872,20250827,621,2,4.9,False,24.38
3873,20240612,388,3,3.99,False,40.66
3874,20250430,706,1,3.43,False,71.46
3875,20250706,191,2,4.11,False,40.16
3876,20240422,401,4,3.57,False,55.93
3877,20241206,24,3,4.06,False,48.42
3878,20250418,455,1,3.62,False,86.3
3879,20250222,45,5,3.92,False,68.08
3880,20251014,277,5,2.66,False,72.39
3881,20250816,130,4,3.83,False,38.59
3882,20250429,113,1,2.99,False,67.76
3883,20240408,346,2,4.36,True,49.65
3884,20250616,675,4,4.01,False,54.73
3885,20240806,95,2,4.51,False,37.03
3886,20241212,316,3,4.09,False,38.1
3887,20240509,342,1,3.4,False,71.19
3888,20241001,316,3,4.21,False,48.64
3889,20250824,624,4,4.44,False,35.19
3890,20240729,478,3,3.51,False,34.24
3891,20250226,230,2,4.26,False,36.83
3892,20240830,25,5,3.08,False,79.73
3893,20250331,698,5,4.36,True,69.72
3894,20241219,202,2,4.2,False,33.91
3895,20250107,650,1,3.92,False,63.53
3896,20250817,233,1,3.5,False,57.63
3897,20240816,11,1,2.92,False,99.34
3898,20250914,178,3,4.39,False,60.02
3899,20240706,698,5,3.54,False,75.17
3900,20240513,414,2,4.41,False,27.1
3901,20251207,128,5,2.96,False,100.0
3902,20250322,576,1,3.26,False,77.95
3903,20251229,460,5,2.29,True,100.0
3904,20251016,255,5,2.43,False,100.0
3905,20250828,363,3,4.06,False,40.4
3906,20250330,438,3,4.33,False,27.73
3907,20240719,168,1,3.37,False,71.57
3908,20241106,362,1,3.72,False,37.19
3909,20240129,142,4,3.92,False,59.0
3910,20240605,377,1,3.24,False,62.35
3911,20240201,415,4,3.69,False,61.13
3912,20240326,43,1,4.03,False,56.14
3913,20240420,241,2,4.18,False,29.73
3914,20251004,12,2,4.63,False,13.93
3915,20250118,401,4,3.87,False,59.6
3916,20240807,747,1,3.57,False,54.5
3917,20241005,24,3,3.94,False,59.07
3918,20250518,624,4,3.59,False,45.45
3919,20240827,135,3,3.96,False,50.57
3920,20250621,434,3,3.74,False,46.17
3921,20250409,135,3,3.8,False,41.38
3922,20250407,226,4,4.18,False,36.19
3923,20241202,528,2,3.85,False,41.08
3924,20240503,409,3,3.78,False,53.77
3925,20250816,142,4,3.77,False,65.36
3926,20250410,449,5,3.63,False,62.88
3927,20240415,736,4,3.81,False,41.94
3928,20240410,518,4,3.44,False,54.07
3929,20240817,183,5,3.02,False,78.36
3930,20251222,472,1,3.12,True,88.33
3931,20251210,360,2,4.16,False,41.9
3932,20251203,686,2,4.79,False,19.18
3933,20250912,681,4,3.72,False,51.62
3934,20241118,376,1,4.08,False,50.16
3935,20240419,200,4,3.61,True,75.3
3936,20250611,662,2,4.43,False,43.45
3937,20240313,6,1,3.03,True,84.56
3938,20240919,449,5,4.27,False,53.28
3939,20250720,740,1,3.78,False,56.82
3940,20251014,184,1,3.4,False,75.69
3941,20240126,35,3,4.39,False,52.6
3942,20250810,454,1,2.39,False,97.64
3943,20250825,373,5,3.03,False,78.35
3944,20250131,410,3,4.97,True,35.23
3945,20240809,628,4,3.81,False,45.05
3946,20250224,727,1,3.84,False,41.98
3947,20251214,514,1,4.57,False,50.68
3948,20240930,286,3,4.25,False,39.17
3949,20251213,149,1,3.14,False,70.75
3950,20241117,70,2,2.94,False,70.75
3951,20251014,288,2,4.39,False,15.56
3952,20240217,479,5,1.95,True,100.0
3953,20250513,738,5,2.71,False,56.75
3954,20240213,252,4,3.19,False,59.83
3955,20240612,595,1,3.6,False,67.48
3956,20250920,286,3,3.47,False,48.06
3957,20240117,328,1,3.4,False,74.64
3958,20250713,622,3,4.35,False,49.53
3959,20251220,20,3,4.94,False,33.01
3960,20251210,278,1,2.22,False,83.64
3961,20250712,599,2,4.64,False,25.97
3962,20240813,722,1,3.34,False,71.79
3963,20240803,446,4,3.95,True,44.68
3964,20240305,628,4,4.05,False,43.54
3965,20240212,457,1,2.99,False,76.03
3966,20250529,527,3,2.82,False,90.41
3967,20250106,724,4,4.85,True,44.96
3968,20250501,612,1,3.53,False,50.68
3969,20251126,474,1,3.13,True,95.47
3970,20240617,542,1,2.98,False,74.74
3971,20241213,203,4,4.07,False,40.68
3972,20250313,628,4,4.43,False,37.95
3973,20250317,306,3,4.75,False,34.88
3974,20250716,437,1,3.99,False,40.79
3975,20250810,317,1,3.96,False,57.64
3976,20250919,115,1,3.63,False,52.24
3977,20250621,227,1,3.51,False,58.76
3978,20250721,180,4,3.82,False,58.17
3979,20251206,37,3,4.4,False,22.18
3980,20240905,400,2,4.65,False,29.83
3981,20240309,671,1,2.24,False,100.0
3982,20240722,642,3,3.46,False,63.14
3983,20250327,145,1,2.79,False,77.45
3984,20240802,73,2,4.33,False,36.56
3985,20240114,261,4,3.32,True,58.05
3986,20240825,67,1,3.37,False,59.32
3987,20250113,630,3,3.77,False,60.23
3988,20241012,412,4,2.62,True,100.0
3989,20250828,348,1,3.72,False,65.07
3990,20240111,125,2,4.65,False,12.56
3991,20250506,693,5,1.64,True,100.0
3992,20250703,31,5,2.59,False,72.55
3993,20250726,283,3,3.73,False,40.95
3994,20251114,642,3,4.27,False,47.81
3995,20250528,300,2,4.23,False,32.9
3996,20251010,607,5,2.84,False,87.45
3997,20240203,107,5,3.28,False,84.41
3998,20250617,224,4,3.09,False,41.91
3999,20250104,78,2,3.82,False,38.94
4000,20240203,14,3,4.47,False,37.87
4001,20240130,125,2,4.31,False,28.64
4002,20240523,575,1,2.96,True,79.74
4003,20240423,484,3,4.09,False,75.54
4004,20240711,714,2,4.44,True,18.96
4005,20240611,122,3,3.71,False,45.87
4006,20241217,554,2,3.86,False,37.04
4007,20250114,484,3,4.68,False,48.8
4008,20251108,391,4,3.79,False,41.46
4009,20251220,196,5,2.63,True,86.84
4010,20250702,740,1,3.05,False,67.16
4011,20240227,428,2,4.34,False,31.87
4012,20250728,3,2,3.32,False,51.11
4013,20250518,549,4,4.01,False,50.6
4014,20240404,155,5,3.69,True,80.13
4015,20240130,173,3,3.38,False,55.6
4016,20240914,1,4,4.11,False,54.46
4017,20240317,200,4,3.16,False,50.43
4018,20250214,71,2,4.39,False,40.5
4019,20240607,102,1,3.51,False,52.78
4020,20250612,412,4,3.19,False,89.75
4021,20251119,489,1,3.68,False,57.16
4022,20250302,225,2,4.62,False,30.87
4023,20250529,740,1,4.09,False,57.06
4024,20240905,550,2,4.34,False,51.59
4025,20240410,199,1,3.63,False,56.37
4026,20240429,94,4,3.87,False,69.51
4027,20250530,135,3,4.02,False,47.12
4028,20240827,223,2,5.0,False,18.34
4029,20241106,368,4,3.63,False,51.21
4030,20240106,619,2,4.11,False,34.46
4031,20250523,258,3,3.22,False,81.78
4032,20250505,575,1,3.83,False,41.47
4033,20240106,454,1,2.43,False,80.35
4034,20240321,645,2,3.91,False,58.36
4035,20250306,624,4,3.56,False,53.5
4036,20250208,521,3,3.81,True,63.83
4037,20240306,532,3,3.25,True,99.73
4038,20250315,567,3,3.89,False,52.49
4039,20250912,598,4,3.85,False,67.47
4040,20251012,235,1,3.38,False,72.83
4041,20240523,27,1,2.2,True,100.0
4042,20241102,279,4,2.86,False,97.58
4043,20250521,628,4,3.4,False,64.78
4044,20241109,89,5,3.67,False,48.14
4045,20240920,165,1,3.81,False,55.49
4046,20241110,524,3,4.46,False,31.26
4047,20250825,568,1,3.23,False,72.37
4048,20240118,100,4,2.82,False,73.36
4049,20240606,336,3,4.39,False,36.96
4050,20240628,379,3,4.59,False,37.12
4051,20240514,244,2,3.87,False,41.94
4052,20250924,290,1,2.61,False,71.93
4053,20250421,307,4,3.06,False,65.0
4054,20241112,201,4,3.38,False,37.45
4055,20240724,362,1,3.48,False,57.16
4056,20240324,202,2,4.35,False,27.71
4057,20250402,143,1,2.45,False,100.0
4058,20240804,290,1,3.19,False,66.84
4059,20240603,138,3,3.25,False,60.09
4060,20250829,672,3,4.57,False,50.45
4061,20240518,645,2,3.87,False,53.14
4062,20251030,637,3,4.17,False,36.51
4063,20240406,613,5,3.2,False,69.45
4064,20240111,208,5,2.93,False,74.15
4065,20250826,642,3,4.02,False,39.12
4066,20251102,71,2,4.11,False,33.64
4067,20250308,137,5,3.16,False,75.38
4068,20240528,316,3,4.99,False,31.58
4069,20250905,93,1,3.35,False,52.66
4070,20250704,261,4,3.36,False,57.24
4071,20241130,193,2,4.37,False,44.0
4072,20241108,504,3,4.71,False,34.72
4073,20240121,471,4,3.09,False,69.5
4074,20241123,467,1,3.19,False,59.04
4075,20250607,133,2,4.59,True,32.48
4076,20241124,583,1,2.93,False,79.11
4077,20250728,594,1,4.36,False,40.42
4078,20240114,612,1,2.58,False,85.53
4079,20250327,201,4,4.8,False,15.97
4080,20241226,498,4,3.86,False,30.33
4081,20240710,553,1,4.28,False,62.94
4082,20240603,476,5,3.06,False,77.97
4083,20250221,17,5,3.37,False,53.29
4084,20240501,339,3,3.54,False,33.84
4085,20250617,278,1,3.24,True,65.76
4086,20240827,376,1,3.22,False,63.3
4087,20240725,504,3,4.38,False,38.04
4088,20240730,343,2,4.15,False,29.91
4089,20241017,467,1,3.33,False,56.13
4090,20250730,244,2,3.86,False,36.58
4091,20240429,410,3,3.76,False,41.97
4092,20250921,341,1,3.11,False,63.51
4093,20250924,574,3,3.92,False,25.88
4094,20240112,366,2,3.56,False,58.95
4095,20240618,720,2,4.17,False,61.12
4096,20240305,313,1,3.37,False,72.56
4097,20251127,628,4,3.67,False,62.97
4098,20240710,741,1,3.53,False,63.27
4099,20250505,266,2,3.77,False,53.56
4100,20251213,248,2,4.98,False,17.14
4101,20240920,540,3,4.63,False,53.08
4102,20250704,323,1,3.87,False,53.29
4103,20250701,348,1,3.68,False,63.85
4104,20250624,630,3,3.93,False,49.95
4105,20251215,172,4,3.53,False,75.23
4106,20250721,727,1,2.96,True,60.63
4107,20240929,288,2,4.42,False,17.51
4108,20240902,22,5,3.66,False,58.6
4109,20241210,80,3,3.43,False,42.85
4110,20240707,496,2,4.04,False,45.55
4111,20250404,690,2,3.72,False,38.32
4112,20240703,386,5,4.72,False,40.49
4113,20250417,112,2,5.0,False,16.73
4114,20240909,46,3,4.3,False,38.34
4115,20250424,164,1,2.73,False,100.0
4116,20240705,628,4,3.61,False,55.67
4117,20241122,232,2,4.33,False,32.29
4118,20251221,549,4,4.09,False,63.1
4119,20250505,748,3,3.47,False,51.75
4120,20240511,610,2,5.0,False,28.67
4121,20240302,298,2,4.13,False,49.29
4122,20250204,380,3,3.33,False,57.16
4123,20240223,670,1,3.2,False,100.0
4124,20240611,341,1,2.99,True,68.99
4125,20240710,615,4,3.98,False,31.95
4126,20240312,343,2,3.96,False,44.27
4127,20251025,634,4,3.85,False,51.02
4128,20251117,545,4,3.16,False,61.37
4129,20241205,246,2,4.62,False,34.01
4130,20250320,208,5,3.56,False,75.65
4131,20240823,648,4,4.68,False,32.45
4132,20240801,626,1,3.95,False,55.3
4133,20240815,599,2,4.89,False,25.97
4134,20240607,728,2,3.59,False,55.97
4135,20240401,229,1,3.07,False,58.22
4136,20250618,186,2,4.28,False,34.88
4137,20251203,197,3,3.99,False,26.81
4138,20250925,341,1,2.94,False,68.05
4139,20250720,236,1,2.89,False,90.36
4140,20240913,540,3,3.71,False,71.79
4141,20240218,721,3,4.07,False,52.95
4142,20240221,277,5,1.95,False,93.33
4143,20240514,569,4,3.47,False,39.12
4144,20250911,539,1,3.02,False,65.32
4145,20250814,543,4,3.49,False,61.98
4146,20250524,345,2,4.34,False,33.12
4147,20240229,301,1,3.26,False,74.14
4148,20240113,391,4,3.35,False,50.66
4149,20250830,320,4,3.32,False,92.33
4150,20250501,380,3,4.17,False,38.15
4151,20250313,122,3,4.48,False,28.34
4152,20251227,611,3,4.35,False,34.7
4153,20241028,317,1,3.32,False,55.07
4154,20240127,590,1,4.16,False,60.4
4155,20250930,580,5,3.24,False,83.96
4156,20241113,736,4,3.92,True,44.28
4157,20240905,724,4,3.48,False,52.21
4158,20240428,481,4,3.97,False,37.2
4159,20241009,129,4,3.72,False,70.07
4160,20250412,655,1,3.61,False,45.76
4161,20240728,151,5,4.33,False,46.11
4162,20240213,365,5,3.01,False,77.95
4163,20250412,493,2,4.77,False,36.74
4164,20250122,648,4,4.03,False,48.52
4165,20250910,675,4,2.81,True,82.85
4166,20251212,609,1,3.55,False,62.28
4167,20250207,111,2,4.48,False,36.43
4168,20250615,269,2,4.5,False,20.25
4169,20240304,352,3,4.71,False,26.44
4170,20240528,419,3,4.33,False,45.93
4171,20241023,20,3,4.25,False,30.54
4172,20250823,318,2,4.33,False,35.1
4173,20250210,348,1,3.91,False,55.47
4174,20241222,738,5,4.22,False,44.86
4175,20240409,174,3,3.73,False,92.42
4176,20240815,159,3,3.73,False,62.22
4177,20250521,333,1,3.29,False,67.61
4178,20251125,94,4,2.84,False,85.69
4179,20240409,514,1,3.89,False,65.4
4180,20251218,368,4,3.8,False,66.67
4181,20241001,56,4,3.47,False,63.79
4182,20240517,710,5,2.88,False,57.47
4183,20240205,677,1,3.38,False,53.71
4184,20241205,113,1,3.22,False,66.44
4185,20241024,487,2,4.76,False,24.63
4186,20251202,187,4,3.59,False,70.39
4187,20240525,238,1,3.57,False,72.08
4188,20241117,659,1,3.09,True,85.64
4189,20240726,137,5,2.98,False,80.23
4190,20251207,377,1,3.02,False,73.83
4191,20240815,77,1,2.9,False,65.42
4192,20250820,589,1,3.36,False,66.3
4193,20250528,109,1,3.55,False,53.21
4194,20251006,220,5,4.08,False,57.38
4195,20241108,434,3,4.12,False,52.65
4196,20240524,64,3,4.32,False,51.89
4197,20250902,105,2,3.81,False,68.32
4198,20240921,57,5,2.83,False,82.18
4199,20250715,51,3,3.25,False,59.83
4200,20250916,578,3,3.92,False,47.7
4201,20250502,230,2,4.66,False,47.67
4202,20250217,105,2,4.05,False,59.51
4203,20250110,509,1,3.03,True,100.0
4204,20250419,45,5,3.2,True,89.39
4205,20240202,293,3,3.37,False,45.12
4206,20250320,95,2,4.65,False,22.04
4207,20250317,742,3,4.33,False,39.09
4208,20250408,140,2,4.72,False,34.06
4209,20250907,554,2,4.04,False,44.81
4210,20240510,440,1,2.69,False,100.0
4211,20250929,226,4,3.27,False,57.55
4212,20240126,118,2,3.69,False,48.04
4213,20250320,569,4,3.95,False,31.75
4214,20241029,287,5,3.48,False,56.79
4215,20250128,157,1,3.56,False,41.64
4216,20240104,107,5,3.01,False,83.8
4217,20250825,37,3,4.83,False,16.42
4218,20250309,242,1,3.17,False,67.01
4219,20240207,571,3,4.31,False,34.21
4220,20241011,373,5,2.87,False,98.82
4221,20250307,149,1,2.66,False,87.12
4222,20250623,467,1,3.73,False,54.05
4223,20251008,577,1,2.85,False,58.31
4224,20240421,414,2,3.95,False,31.69
4225,20240731,379,3,3.93,False,53.44
4226,20240403,488,1,4.04,False,38.45
4227,20251217,365,5,3.85,False,55.57
4228,20240924,581,4,4.16,False,56.0
4229,20240607,432,1,3.69,False,62.14
4230,20250525,692,1,3.24,False,61.01
4231,20240301,143,1,2.07,False,100.0
4232,20251103,728,2,3.74,False,42.41
4233,20250705,429,1,3.55,False,63.38
4234,20241008,143,1,2.49,False,97.15
4235,20250607,466,3,3.4,False,42.59
4236,20240725,609,1,3.42,False,53.33
4237,20241207,86,2,3.41,False,79.48
4238,20251118,141,1,3.13,False,73.38
4239,20241106,305,4,3.32,False,71.52
4240,20250723,408,4,2.92,False,100.0
4241,20240929,529,1,3.07,False,84.9
4242,20250411,569,4,4.1,False,26.15
4243,20250904,393,3,4.27,False,45.46
4244,20250716,307,4,3.69,False,67.19
4245,20251016,359,3,3.62,False,62.51
4246,20250712,7,4,2.84,True,100.0
4247,20240304,434,3,4.05,False,44.95
4248,20240704,505,1,2.61,False,100.0
4249,20240101,134,1,3.38,False,51.75
4250,20240518,450,4,3.22,True,63.02
4251,20241213,421,4,3.02,False,59.33
4252,20240411,725,1,3.33,False,60.29
4253,20250718,480,1,3.85,False,54.7
4254,20240918,422,2,3.8,False,46.98
4255,20240703,529,1,2.96,True,100.0
4256,20250315,80,3,4.23,False,29.02
4257,20240908,434,3,4.76,False,32.59
4258,20251030,566,1,3.68,False,59.32
4259,20240205,197,3,4.31,False,24.21
4260,20240105,109,1,3.58,False,53.63
4261,20250125,334,4,3.52,False,72.14
4262,20240711,26,2,4.62,False,33.26
4263,20240724,589,1,3.5,False,70.21
4264,20241126,698,5,3.39,False,84.2
4265,20241112,725,1,3.38,False,65.37
4266,20250308,748,3,4.16,False,43.32
4267,20251117,455,1,3.21,False,82.08
4268,20250228,152,5,3.24,False,86.07
4269,20241217,538,3,3.93,False,55.65
4270,20240126,494,5,3.74,False,63.19
4271,20240501,426,3,4.64,False,40.09
4272,20251215,668,2,3.77,False,32.32
4273,20241203,709,2,4.4,False,40.2
4274,20240219,563,3,3.99,False,26.98
4275,20241209,23,2,4.52,False,34.63
4276,20250325,469,1,2.8,False,100.0
4277,20241212,495,1,3.36,False,74.41
4278,20241013,349,1,3.02,False,69.69
4279,20250606,401,4,4.6,False,39.79
4280,20250728,621,2,4.27,False,49.34
4281,20251008,2,4,4.15,True,76.24
4282,20240829,362,1,4.18,False,46.69
4283,20240326,595,1,3.86,False,68.81
4284,20250513,136,2,5.0,False,26.26
4285,20240705,80,3,4.77,False,27.1
4286,20240407,648,4,3.88,False,61.54
4287,20240501,98,1,2.67,False,88.57
4288,20250803,109,1,3.68,False,62.89
4289,20250113,164,1,2.58,False,97.0
4290,20251127,190,2,3.55,False,69.95
4291,20250620,272,2,4.39,False,42.38
4292,20240121,82,1,4.09,False,52.94
4293,20240405,350,1,3.51,False,54.37
4294,20241210,296,1,3.85,False,69.57
4295,20240826,546,1,3.47,False,52.5
4296,20240820,440,1,3.04,False,100.0
4297,20240729,273,4,3.25,False,68.62
4298,20241010,335,2,4.11,False,25.87
4299,20240730,717,4,3.82,False,53.23
4300,20240326,725,1,3.18,False,74.54
4301,20250225,47,1,3.7,False,52.06
4302,20250813,577,1,3.59,False,52.97
4303,20240305,114,2,4.21,False,25.34
4304,20240303,361,2,4.46,False,36.77
4305,20240228,430,1,4.08,False,55.47
4306,20250524,322,4,4.09,False,43.95
4307,20251217,446,4,3.07,True,64.62
4308,20241107,635,2,3.36,False,70.66
4309,20251216,85,3,4.42,True,41.9
4310,20250108,592,2,4.53,False,20.17
4311,20250808,73,2,5.0,False,13.66
4312,20240505,615,4,3.85,False,33.95
4313,20240829,520,3,3.57,False,58.28
4314,20241116,140,2,4.65,False,34.7
4315,20250406,300,2,4.26,False,36.24
4316,20250831,578,3,4.33,False,37.95
4317,20240626,175,4,3.54,False,41.58
4318,20250108,295,4,2.98,False,63.4
4319,20240731,522,1,2.48,False,100.0
4320,20240217,562,1,3.41,False,71.88
4321,20250724,192,2,4.85,False,12.73
4322,20250120,207,1,3.15,False,74.71
4323,20240611,38,3,4.17,False,59.16
4324,20250228,30,1,3.23,True,78.37
4325,20251002,321,1,3.49,False,77.57
4326,20240314,294,4,3.8,False,62.34
4327,20251221,607,5,3.2,False,77.71
4328,20241221,129,4,3.24,False,61.94
4329,20251213,43,1,2.58,False,74.38
4330,20250806,165,1,3.88,False,67.64
4331,20250608,68,1,3.16,False,68.56
4332,20240228,595,1,3.67,False,74.75
4333,20250418,725,1,3.14,False,58.64
4334,20250420,264,1,3.98,False,60.85
4335,20241121,509,1,3.0,False,100.0
4336,20240506,283,3,3.65,False,50.72
4337,20250205,103,2,4.94,True,48.46
4338,20240505,212,4,3.89,False,49.2
4339,20250605,354,2,4.28,False,50.34
4340,20250901,483,4,4.26,False,59.69
4341,20241023,388,3,4.07,False,50.79
4342,20240313,39,4,3.91,False,43.29
4343,20240511,122,3,4.26,False,32.67
4344,20240629,135,3,4.16,False,37.09
4345,20240812,438,3,4.13,False,20.48
4346,20250803,741,1,3.97,False,69.09
4347,20251211,176,4,2.98,False,56.83
4348,20240930,374,1,3.78,False,56.4
4349,20250804,227,1,3.65,False,57.61
4350,20250314,743,2,3.7,False,75.28
4351,20250314,63,4,3.98,False,49.91
4352,20241101,575,1,3.74,False,57.19
4353,20251015,433,5,3.64,False,80.95
4354,20251026,341,1,4.09,False,50.69
4355,20240403,671,1,2.53,False,91.47
4356,20250405,431,3,3.86,False,49.26
4357,20250812,126,3,4.83,False,41.46
4358,20240508,683,1,3.6,False,86.3
4359,20251231,73,2,4.05,False,41.54
4360,20240321,111,2,3.91,False,39.05
4361,20241222,209,4,4.94,False,30.69
4362,20251130,192,2,4.43,False,21.45
4363,20240813,361,2,4.52,False,26.0
4364,20250916,563,3,4.06,False,39.14
4365,20250522,709,2,3.79,False,47.59
4366,20251104,47,1,3.43,False,62.33
4367,20251023,293,3,4.83,False,9.15
4368,20250624,441,2,3.32,False,74.67
4369,20241112,575,1,2.96,False,61.5
4370,20240811,507,5,3.05,False,74.75
4371,20250328,585,2,3.82,False,53.21
4372,20250304,363,3,3.63,False,36.41
4373,20250403,659,1,3.29,False,60.48
4374,20251230,324,5,2.71,False,72.98
4375,20250313,149,1,3.61,False,61.38
4376,20250522,376,1,2.6,False,69.79
4377,20250514,149,1,3.56,False,55.27
4378,20240119,710,5,3.58,False,50.95
4379,20250728,187,4,3.66,False,73.92
4380,20240825,339,3,4.05,False,31.72
4381,20240402,690,2,4.43,False,36.1
4382,20250506,31,5,4.02,False,41.99
4383,20250715,478,3,3.21,False,39.37
4384,20240807,550,2,3.66,False,45.09
4385,20251114,739,3,4.06,True,71.52
4386,20250214,7,4,2.65,False,100.0
4387,20240214,434,3,3.59,False,53.48
4388,20251014,689,3,2.73,False,84.26
4389,20250217,468,3,4.51,False,32.05
4390,20240608,500,4,3.92,False,39.12
4391,20240521,470,2,3.57,False,44.25
4392,20240711,458,1,4.01,False,55.48
4393,20250303,518,4,4.34,False,34.42
4394,20250502,317,1,3.77,False,49.42
4395,20250418,599,2,4.02,True,48.1
4396,20250526,598,4,3.82,False,62.72
4397,20250111,14,3,3.96,False,50.99
4398,20250226,232,2,4.05,False,43.38
4399,20251124,396,4,2.51,False,100.0
4400,20240527,42,2,4.75,False,26.75
4401,20250522,296,1,3.75,False,61.62
4402,20240513,67,1,3.63,False,59.69
4403,20250914,291,5,2.24,False,100.0
4404,20250923,160,2,5.0,False,10.97
4405,20240412,711,1,3.57,False,56.41
4406,20250928,119,2,4.36,False,35.3
4407,20241006,480,1,2.84,True,86.32
4408,20240617,198,1,3.52,False,51.92
4409,20240419,122,3,3.9,False,39.76
4410,20250109,715,1,3.73,False,66.82
4411,20250324,225,2,3.99,False,44.07
4412,20241218,43,1,4.08,False,65.68
4413,20240402,620,3,4.39,False,46.12
4414,20240127,613,5,2.51,False,90.66
4415,20240813,584,4,4.03,False,35.76
4416,20250524,182,2,4.44,False,37.12
4417,20250616,31,5,3.18,False,43.47
4418,20240923,124,3,3.67,True,68.29
4419,20250803,515,1,3.31,True,100.0
4420,20240723,472,1,3.31,False,58.39
4421,20240609,124,3,3.96,False,48.42
4422,20250903,219,2,3.69,False,31.47
4423,20250923,690,2,4.34,False,36.56
4424,20250826,626,1,3.44,False,70.04
4425,20240622,742,3,4.2,False,37.09
4426,20240730,250,4,3.48,False,59.23
4427,20251229,721,3,4.79,False,25.06
4428,20251129,283,3,3.37,False,47.46
4429,20250918,747,1,3.49,False,60.03
4430,20240419,734,3,4.16,False,49.35
4431,20240828,558,1,3.33,False,50.86
4432,20250717,47,1,3.63,False,51.92
4433,20240524,338,5,3.21,False,70.02
4434,20240916,155,5,4.03,False,68.58
4435,20250520,334,4,3.51,False,68.4
4436,20241103,348,1,2.93,False,71.85
4437,20250912,205,1,2.81,True,96.76
4438,20250222,544,1,3.27,False,52.1
4439,20250517,646,1,3.93,False,45.78
4440,20251003,355,1,4.23,False,52.21
4441,20250622,205,1,3.52,False,68.57
4442,20250402,19,1,3.5,False,59.78
4443,20250427,8,1,2.97,False,58.87
4444,20240907,191,2,4.71,False,29.98
4445,20250419,283,3,4.19,False,45.73
4446,20250222,387,2,4.82,False,36.54
4447,20240302,362,1,4.3,False,45.1
4448,20240311,77,1,3.28,False,71.52
4449,20251009,324,5,2.75,False,85.93
4450,20250409,559,4,4.65,True,39.75
4451,20240905,475,5,3.29,False,76.61
4452,20241128,201,4,4.37,False,13.75
4453,20250529,198,1,4.01,False,47.43
4454,20250815,134,1,2.93,True,69.49
4455,20240601,378,5,3.07,False,85.55
4456,20240429,151,5,3.92,False,56.63
4457,20251011,182,2,4.49,True,49.95
4458,20250723,281,3,3.5,False,54.48
4459,20250614,267,1,3.44,False,50.65
4460,20240131,640,5,2.77,False,93.02
4461,20241009,52,3,3.86,False,50.33
4462,20241031,645,2,4.11,False,55.24
4463,20240325,328,1,2.98,False,83.53
4464,20240914,687,2,3.51,False,73.88
4465,20250531,584,4,2.88,False,49.75
4466,20240228,607,5,3.55,False,70.71
4467,20251106,465,2,4.64,False,27.21
4468,20241003,415,4,3.56,False,55.73
4469,20250820,640,5,2.96,True,100.0
4470,20241216,158,1,3.79,False,61.07
4471,20240116,594,1,3.06,False,83.44
4472,20251027,746,2,3.96,False,48.99
4473,20240328,11,1,2.98,False,100.0
4474,20250603,122,3,4.27,False,37.89
4475,20241104,89,5,3.57,False,55.71
4476,20241025,284,1,3.15,False,66.35
4477,20241208,165,1,3.67,False,66.75
4478,20250925,116,3,3.21,True,70.49
4479,20250301,484,3,4.23,False,41.66
4480,20250810,235,1,3.49,False,61.8
4481,20251019,384,2,4.62,False,49.77
4482,20240701,278,1,4.0,False,55.45
4483,20250807,577,1,2.78,False,72.87
4484,20240301,411,4,4.2,False,49.46
4485,20250314,669,2,4.53,False,17.84
4486,20240524,583,1,2.97,False,80.21
4487,20240304,535,4,2.79,False,94.22
4488,20250926,734,3,4.21,False,51.31
4489,20240806,150,1,4.01,False,41.55
4490,20240818,155,5,2.97,False,83.85
4491,20241014,101,5,2.73,False,98.22
4492,20251109,259,5,3.16,True,100.0
4493,20240616,334,4,4.35,False,52.63
4494,20240509,618,3,3.29,False,88.6
4495,20240131,475,5,2.99,False,90.37
4496,20240810,184,1,4.2,False,50.28
4497,20241020,203,4,3.34,False,64.69
4498,20241226,355,1,3.9,False,62.61
4499,20240909,20,3,3.54,False,54.95
4500,20250319,493,2,3.69,False,46.87
4501,20250218,46,3,3.77,False,53.97
4502,20240815,24,3,3.68,False,56.85
4503,20240710,643,1,3.11,False,70.06
4504,20240403,175,4,2.89,False,63.23
4505,20240612,114,2,4.05,False,27.16
4506,20240810,300,2,3.91,False,49.44
4507,20240323,303,2,4.34,False,40.94
4508,20251130,55,1,2.7,False,77.31
4509,20250114,43,1,2.9,True,71.02
4510,20240731,526,1,2.07,False,100.0
4511,20240612,191,2,4.71,False,35.2
4512,20241031,611,3,4.39,False,26.73
4513,20250705,618,3,3.84,False,83.35
4514,20251203,659,1,3.74,True,69.13
4515,20250719,504,3,3.7,False,44.46
4516,20250603,438,3,4.4,False,12.11
4517,20240722,359,3,3.73,False,50.71
4518,20250807,504,3,3.97,False,34.75
4519,20250322,567,3,3.97,False,55.61
4520,20241015,548,3,4.42,False,45.48
4521,20251125,438,3,3.99,False,27.09
4522,20250509,529,1,3.36,False,98.83
4523,20251029,202,2,4.39,False,32.78
4524,20240709,207,1,2.79,False,71.8
4525,20240509,664,2,3.46,False,70.09
4526,20240512,53,1,3.26,False,68.48
4527,20240605,255,5,2.69,False,92.36
4528,20241022,175,4,3.55,False,61.02
4529,20251017,39,4,3.57,False,63.92
4530,20240402,614,4,3.73,False,69.06
4531,20251011,685,4,3.88,False,63.26
4532,20241201,282,1,3.7,False,50.58
4533,20240228,582,5,3.06,False,80.27
4534,20241204,698,5,3.22,False,80.79
4535,20241109,123,1,3.61,False,66.87
4536,20241228,372,4,3.31,False,70.36
4537,20240908,412,4,2.69,False,100.0
4538,20250913,90,3,3.56,False,86.42
4539,20241105,45,5,3.08,False,78.54
4540,20240209,379,3,4.32,False,34.61
4541,20240524,507,5,3.31,False,68.81
4542,20241102,208,5,3.55,False,69.35
4543,20241226,748,3,4.52,False,45.42
4544,20241019,537,5,2.42,False,91.29
4545,20250611,540,3,4.45,False,54.67
4546,20250522,742,3,3.72,False,43.83
4547,20250203,652,3,3.87,False,53.14
4548,20250524,552,2,4.04,False,50.15
4549,20240127,313,1,3.68,False,62.25
4550,20240922,700,2,4.14,False,17.22
4551,20250215,314,4,4.32,False,42.37
4552,20241008,466,3,3.92,False,58.71
4553,20251117,193,2,4.06,False,33.89
4554,20241124,103,2,4.16,False,53.07
4555,20250731,438,3,4.14,False,31.96
4556,20251219,390,1,3.62,False,62.82
4557,20241030,552,2,3.55,False,46.58
4558,20251024,698,5,3.11,False,85.12
4559,20250718,641,1,3.11,False,58.55
4560,20250117,361,2,3.88,False,29.77
4561,20241201,642,3,3.85,False,51.45
4562,20240903,305,4,3.35,False,73.76
4563,20250210,70,2,4.36,False,42.2
4564,20250916,201,4,3.23,False,42.68
4565,20250616,109,1,3.68,False,54.33
4566,20240801,177,1,3.25,False,84.75
4567,20240429,122,3,3.71,False,54.81
4568,20250427,159,3,4.66,False,44.29
4569,20241012,22,5,3.02,False,57.96
4570,20240108,736,4,4.14,False,36.08
4571,20250707,549,4,2.86,False,64.36
4572,20250924,359,3,3.85,False,62.03
4573,20240620,162,2,3.06,False,79.71
4574,20250127,347,1,3.89,False,39.96
4575,20240222,45,5,2.38,True,96.55
4576,20250220,72,3,3.73,False,30.85
4577,20240224,156,1,3.69,False,49.09
4578,20241124,192,2,4.49,False,21.3
4579,20250223,518,4,3.89,False,61.45
4580,20250107,235,1,3.4,False,65.36
4581,20240321,209,4,4.24,False,38.44
4582,20240326,336,3,4.19,False,44.38
4583,20250828,587,3,3.78,False,65.57
4584,20240410,130,4,4.37,False,42.07
4585,20251028,258,3,3.17,False,81.5
4586,20240713,123,1,3.33,False,65.66
4587,20251108,526,1,2.87,False,100.0
4588,20240916,156,1,3.38,False,63.16
4589,20240808,698,5,3.03,False,87.0
4590,20241010,324,5,2.96,False,89.19
4591,20250711,565,5,2.89,False,100.0
4592,20250327,246,2,4.37,False,35.79
4593,20250611,240,3,3.61,False,67.73
4594,20250525,597,2,4.55,False,44.4
4595,20241225,494,5,3.86,False,52.08
4596,20240223,569,4,3.67,False,41.9
4597,20241201,415,4,4.54,True,55.54
4598,20240924,143,1,2.57,False,100.0
4599,20250726,743,2,3.71,False,58.67
4600,20250331,306,3,4.62,False,39.12
4601,20240811,504,3,3.26,False,54.64
4602,20241107,374,1,3.14,False,56.31
4603,20240425,122,3,4.53,False,38.76
4604,20250613,220,5,3.27,False,58.81
4605,20250630,198,1,3.53,False,53.23
4606,20251108,241,2,4.61,False,25.17
4607,20251112,126,3,3.74,False,41.73
4608,20250713,730,2,4.09,False,50.41
4609,20240703,684,4,2.68,False,77.2
4610,20250105,216,1,4.38,True,63.54
4611,20241030,415,4,3.01,True,84.92
4612,20240210,53,1,2.93,False,81.81
4613,20250603,39,4,3.98,False,39.74
4614,20250702,420,1,3.63,False,61.2
4615,20250107,443,5,2.6,False,89.61
4616,20250909,225,2,3.28,False,49.29
4617,20250207,637,3,4.31,False,32.55
4618,20250321,225,2,4.55,False,35.57
4619,20240527,35,3,3.44,False,58.1
4620,20251105,111,2,4.99,False,26.98
4621,20250203,51,3,4.31,True,60.24
4622,20240212,665,3,3.93,False,53.07
4623,20250108,673,4,3.11,False,94.45
4624,20250922,620,3,4.47,False,40.2
4625,20240821,449,5,4.11,False,59.08
4626,20241216,543,4,4.5,False,37.97
4627,20250715,270,3,3.81,False,43.65
4628,20251112,587,3,3.54,False,42.69
4629,20240420,108,3,4.15,False,52.25
4630,20250119,647,1,3.33,False,73.13
4631,20250929,660,2,4.64,False,27.23
4632,20250914,497,1,3.92,False,63.98
4633,20240116,325,3,3.42,False,56.7
4634,20240105,642,3,3.88,False,57.37
4635,20251209,315,4,3.86,False,66.9
4636,20240331,488,1,3.66,False,49.23
4637,20250914,617,1,2.46,False,92.49
4638,20240628,698,5,2.45,False,90.51
4639,20240513,114,2,3.75,False,27.97
4640,20241119,165,1,3.75,False,55.34
4641,20250325,640,5,2.94,False,78.92
4642,20240311,405,3,3.69,False,52.02
4643,20250912,78,2,4.3,True,30.02
4644,20250301,406,1,2.67,False,79.84
4645,20240827,579,5,3.13,False,70.49
4646,20250727,613,5,3.05,True,94.27
4647,20240527,582,5,2.73,False,95.33
4648,20241004,743,2,3.18,False,70.61
4649,20250527,521,3,4.04,False,47.04
4650,20240103,354,2,4.82,False,24.93
4651,20250422,577,1,3.26,False,53.13
4652,20250411,43,1,2.73,False,74.32
4653,20250312,381,2,4.38,False,33.77
4654,20240220,440,1,2.01,False,100.0
4655,20250318,519,2,3.82,False,41.07
4656,20250106,15,3,3.02,False,71.45
4657,20251208,569,4,2.39,False,57.9
4658,20241213,115,1,3.16,True,64.59
4659,20241204,510,3,4.9,False,34.42
4660,20241013,169,3,3.77,False,26.42
4661,20241222,703,5,3.93,False,43.23
4662,20251227,59,3,4.05,False,39.25
4663,20251104,672,3,4.55,False,40.67
4664,20240824,475,5,2.77,False,91.08
4665,20241223,713,1,3.41,False,84.08
4666,20251019,6,1,3.4,False,66.9
4667,20251231,263,5,3.22,False,80.12
4668,20241211,203,4,4.14,False,35.01
4669,20250214,340,4,3.39,True,93.33
4670,20250301,494,5,2.82,False,78.47
4671,20250201,111,2,4.89,False,27.94
4672,20240422,440,1,3.11,False,89.5
4673,20240420,703,5,3.25,False,59.45
4674,20241124,325,3,4.06,False,49.22
4675,20250312,316,3,4.23,False,36.15
4676,20250711,605,1,3.29,False,86.65
4677,20250504,742,3,3.93,False,42.1
4678,20241109,671,1,2.42,True,100.0
4679,20240106,615,4,3.45,False,35.76
4680,20250318,361,2,3.93,False,41.0
4681,20241103,416,1,3.42,True,70.96
4682,20241103,540,3,3.57,False,71.15
4683,20241123,735,4,4.31,False,19.5
4684,20250324,408,4,2.85,False,100.0
4685,20250628,710,5,2.99,False,63.54
4686,20251014,529,1,2.11,True,100.0
4687,20241013,566,1,3.81,False,62.45
4688,20250616,96,4,3.5,False,70.55
4689,20240326,612,1,2.74,True,75.78
4690,20240222,431,3,4.45,False,38.57
4691,20251115,500,4,3.33,False,65.32
4692,20250128,225,2,3.36,False,47.92
4693,20250814,723,2,4.94,False,29.19
4694,20251022,241,2,4.77,False,27.71
4695,20250129,702,2,3.27,False,59.0
4696,20240901,495,1,3.42,False,85.89
4697,20250511,339,3,3.92,False,30.43
4698,20240503,175,4,2.82,False,60.29
4699,20250521,25,5,3.3,False,76.95
4700,20240223,542,1,3.54,False,74.55
4701,20251119,112,2,5.0,False,25.25
4702,20240820,361,2,4.34,False,30.38
4703,20250125,610,2,4.16,True,45.46
4704,20250108,431,3,4.32,False,39.26
4705,20240629,643,1,2.84,True,80.22
4706,20250515,283,3,3.87,False,39.1
4707,20250325,316,3,4.35,False,44.29
4708,20240609,97,1,3.1,False,61.64
4709,20240228,634,4,3.14,False,67.31
4710,20240130,511,2,4.47,False,36.0
4711,20250115,165,1,3.57,False,54.72
4712,20250903,698,5,3.55,False,82.89
4713,20250620,305,4,3.67,False,76.31
4714,20240910,89,5,2.49,False,71.04
4715,20240717,147,5,2.98,False,79.31
4716,20251006,21,1,4.12,False,60.96
4717,20250507,405,3,4.3,False,40.6
4718,20241224,189,2,3.7,False,52.05
4719,20250312,400,2,4.33,True,43.4
4720,20240123,747,1,3.78,False,72.43
4721,20240821,21,1,3.83,False,60.66
4722,20250915,109,1,3.57,True,74.67
4723,20241123,747,1,2.7,False,72.96
4724,20251021,53,1,2.78,True,76.92
4725,20250722,59,3,3.4,False,63.66
4726,20240324,567,3,3.37,False,77.83
4727,20240504,216,1,3.77,False,60.8
4728,20250113,150,1,3.28,False,71.19
4729,20250823,89,5,3.07,False,66.66
4730,20251124,520,3,3.09,False,66.71
4731,20251210,682,2,3.86,False,65.55
4732,20240401,467,1,3.59,False,51.83
4733,20250112,27,1,3.35,False,75.47
4734,20240302,411,4,3.79,False,47.79
4735,20240204,630,3,3.99,False,55.92
4736,20251206,572,3,4.29,False,29.62
4737,20250511,724,4,3.24,False,65.94
4738,20241202,663,2,3.25,False,76.72
4739,20250320,600,1,3.31,False,77.93
4740,20250828,6,1,3.82,False,57.29
4741,20250924,343,2,4.86,False,19.18
4742,20241226,701,5,3.2,False,50.36
4743,20250803,605,1,3.93,False,62.61
4744,20240321,442,5,3.29,True,70.95
4745,20250130,215,5,2.88,True,94.47
4746,20241030,607,5,3.44,False,88.18
4747,20251212,713,1,2.68,False,99.54
4748,20250212,749,2,3.81,False,76.78
4749,20241227,618,3,3.38,False,86.96
4750,20240404,518,4,4.21,False,39.63
4751,20240915,350,1,3.32,False,71.99
4752,20250228,627,1,3.71,False,50.38
4753,20240115,619,2,4.39,False,25.72
4754,20250929,341,1,3.44,False,65.79
4755,20241229,663,2,4.05,False,58.82
4756,20250726,22,5,3.59,False,57.76
4757,20241106,53,1,3.1,False,72.61
4758,20250404,387,2,4.04,False,46.44
4759,20250906,159,3,4.28,False,46.69
4760,20250109,156,1,3.61,False,42.08
4761,20250118,298,2,3.71,False,49.97
4762,20251223,646,1,4.04,False,46.77
4763,20241126,267,1,3.98,False,54.88
4764,20251209,293,3,3.93,False,36.6
4765,20240204,699,2,4.03,False,47.1
4766,20250529,196,5,3.25,False,79.84
4767,20251122,273,4,2.87,False,86.67
4768,20250826,556,4,4.1,False,66.75
4769,20240706,467,1,3.02,False,65.5
4770,20250619,378,5,3.09,False,77.59
4771,20241226,721,3,3.64,False,62.67
4772,20250713,102,1,3.96,False,54.72
4773,20250520,690,2,4.1,False,32.67
4774,20251223,43,1,3.78,False,40.14
4775,20251105,5,1,2.86,False,89.84
4776,20240518,97,1,3.1,True,73.08
4777,20250318,380,3,4.3,False,48.0
4778,20240311,612,1,3.77,False,59.29
4779,20240925,518,4,3.59,False,41.79
4780,20250731,379,3,3.95,False,49.68
4781,20240315,748,3,4.35,False,47.35
4782,20250415,361,2,4.15,False,32.49
4783,20241118,37,3,3.85,False,41.85
4784,20250617,568,1,3.09,False,53.89
4785,20250625,165,1,3.82,False,49.3
4786,20240717,377,1,3.74,False,55.26
4787,20240413,102,1,3.71,False,53.7
4788,20250416,642,3,4.05,False,38.39
4789,20250320,456,5,3.42,False,42.3
4790,20240128,334,4,3.23,False,60.84
4791,20240309,496,2,4.03,False,39.84
4792,20240317,213,2,5.0,False,27.84
4793,20251027,587,3,4.83,False,49.48
4794,20251104,143,1,2.46,False,95.77
4795,20240908,116,3,3.94,False,53.5
4796,20251216,29,4,3.78,False,56.14
4797,20250904,53,1,3.47,False,61.31
4798,20250226,535,4,2.41,False,100.0
4799,20250610,220,5,3.81,False,50.47
4800,20240109,87,3,4.02,False,53.75
4801,20251030,607,5,3.02,False,83.93
4802,20251210,549,4,3.45,False,59.79
4803,20250122,290,1,3.78,False,59.58
4804,20250426,676,3,3.49,False,70.46
4805,20240612,617,1,3.54,False,72.34
4806,20241222,560,1,2.76,False,78.48
4807,20250927,301,1,4.02,False,54.59
4808,20240804,141,1,3.21,False,60.4
4809,20240109,175,4,3.95,False,56.74
4810,20250731,728,2,3.85,False,45.85
4811,20250905,485,2,4.41,False,46.36
4812,20250202,657,4,3.53,False,66.42
4813,20240820,474,1,3.57,False,76.49
4814,20250408,391,4,4.18,False,39.29
4815,20241110,412,4,2.36,False,100.0
4816,20251011,718,3,3.37,False,64.59
4817,20240610,535,4,3.19,False,90.63
4818,20251229,67,1,4.1,False,48.38
4819,20250504,531,3,3.83,False,60.87
4820,20240706,730,2,4.46,False,24.37
4821,20241103,59,3,4.37,False,42.12
4822,20251208,314,4,3.37,True,71.02
4823,20251104,8,1,3.35,False,65.24
4824,20250714,233,1,4.25,False,41.19
4825,20250728,412,4,3.87,False,77.02
4826,20250912,345,2,4.37,False,38.64
4827,20250629,488,1,3.59,False,46.5
4828,20250920,652,3,3.96,False,43.05
4829,20250126,26,2,5.0,False,33.55
4830,20240804,254,3,4.36,False,33.64
4831,20241102,373,5,3.53,False,71.02
4832,20240506,24,3,3.53,False,56.83
4833,20240827,278,1,3.4,False,66.24
4834,20240116,353,1,2.91,False,100.0
4835,20240220,56,4,3.62,False,55.75
4836,20240423,272,2,4.52,False,33.04
4837,20241114,84,2,4.1,False,48.55
4838,20250411,154,2,4.92,False,10.64
4839,20250314,153,5,3.11,False,73.77
4840,20241019,725,1,3.37,True,71.5
4841,20250817,306,3,4.31,False,34.61
4842,20250820,583,1,2.85,False,75.92
4843,20250827,335,2,4.0,False,36.54
4844,20250317,165,1,3.21,False,74.53
4845,20250306,130,4,3.49,False,50.97
4846,20250113,376,1,3.31,False,62.4
4847,20250514,345,2,4.34,False,40.23
4848,20250321,216,1,3.73,False,59.76
4849,20250611,28,3,4.24,False,45.92
4850,20241206,203,4,3.66,False,48.73
4851,20251012,371,5,2.9,False,69.96
4852,20250604,701,5,3.45,False,38.48
4853,20240621,514,1,3.84,False,53.36
4854,20250729,246,2,4.92,False,17.72
4855,20240603,6,1,2.94,False,75.15
4856,20240910,686,2,4.2,False,27.58
4857,20251202,683,1,2.28,False,100.0
4858,20240216,39,4,3.57,False,52.64
4859,20240222,469,1,2.35,True,100.0
4860,20251111,282,1,2.96,False,78.83
4861,20241220,507,5,4.27,False,46.24
4862,20250923,270,3,3.86,False,30.3
4863,20250305,610,2,4.97,False,25.77
4864,20240816,535,4,3.62,False,88.28
4865,20250625,247,5,3.42,False,70.95
4866,20250213,63,4,3.83,False,60.51
4867,20250117,599,2,4.64,False,28.35
4868,20240601,65,5,3.09,False,83.56
4869,20241007,503,2,3.89,False,59.2
4870,20241124,472,1,2.95,False,80.0
4871,20240111,147,5,2.92,False,82.43
4872,20240130,664,2,3.85,False,60.63
4873,20240423,705,4,3.25,False,64.87
4874,20250222,549,4,3.63,False,62.71
4875,20241215,70,2,4.16,False,53.57
4876,20240302,148,1,2.8,False,70.49
4877,20251010,630,3,3.3,False,66.69
4878,20250410,485,2,4.9,False,36.94
4879,20250410,161,2,3.95,False,55.39
4880,20251021,446,4,3.4,False,44.63
4881,20251210,113,1,3.78,False,62.6
4882,20250312,489,1,2.3,False,97.55
4883,20240708,387,2,5.0,False,29.12
4884,20240616,31,5,3.8,False,51.14
4885,20240627,531,3,2.91,False,59.47
4886,20240807,485,2,4.25,False,28.77
4887,20250404,426,3,4.71,False,32.12
4888,20240826,497,1,3.97,False,55.16
4889,20240916,487,2,4.39,False,38.54
4890,20240612,313,1,3.67,False,51.61
4891,20240613,276,3,4.6,False,47.88
4892,20250429,500,4,4.33,False,41.97
4893,20241210,537,5,3.36,False,77.67
4894,20240126,723,2,3.63,False,46.67
4895,20240811,407,5,2.12,False,100.0
4896,20251217,514,1,2.7,True,82.35
4897,20240515,600,1,2.52,False,83.26
4898,20241106,432,1,3.92,False,61.31
4899,20250203,131,2,4.41,False,20.76
4900,20251212,287,5,4.13,False,46.05
4901,20241222,614,4,3.69,False,50.02
4902,20250225,274,2,4.13,False,34.47
4903,20240213,447,1,2.33,False,82.39
4904,20240826,622,3,3.84,False,47.62
4905,20240513,95,2,5.0,False,24.07
4906,20250826,277,5,2.63,False,84.57
4907,20250107,401,4,3.79,True,70.55
4908,20240412,56,4,4.09,False,65.41
4909,20240727,76,3,4.31,False,24.2
4910,20251122,558,1,3.85,False,43.72
4911,20251024,719,3,3.54,False,38.23
4912,20250905,323,1,3.93,False,54.62
4913,20250829,180,4,3.97,False,48.01
4914,20240308,587,3,4.74,False,53.59
4915,20240611,209,4,3.68,False,43.11
4916,20250816,62,3,4.23,False,34.91
4917,20250724,94,4,2.56,False,88.27
4918,20251031,163,4,4.05,False,61.55
4919,20250207,382,3,4.41,False,40.81
4920,20251017,202,2,4.15,True,50.3
4921,20240912,153,5,2.88,False,88.96
4922,20240220,449,5,3.68,False,64.11
4923,20251230,636,5,3.73,False,61.54
4924,20241219,361,2,3.76,False,41.82
4925,20250507,20,3,3.94,False,44.03
4926,20241004,259,5,2.8,False,100.0
4927,20240625,300,2,4.36,False,30.55
4928,20250302,628,4,3.74,True,49.56
4929,20240201,208,5,3.44,False,60.21
4930,20240113,311,2,4.35,False,33.47
4931,20250620,273,4,3.45,False,47.7
4932,20250429,246,2,4.86,False,31.87
4933,20240903,648,4,4.26,False,36.78
4934,20241106,376,1,3.53,False,73.8
4935,20240719,713,1,2.99,False,83.71
4936,20241126,589,1,2.79,False,87.22
4937,20240408,537,5,3.6,False,74.25
4938,20240419,482,2,4.88,False,21.49
4939,20240823,169,3,4.88,True,22.09
4940,20241006,123,1,2.94,False,64.42
4941,20251226,410,3,4.46,False,32.52
4942,20251122,30,1,3.78,False,73.12
4943,20251127,80,3,3.94,False,20.26
4944,20240624,631,1,3.1,False,80.79
4945,20240228,119,2,3.72,False,30.03
4946,20240802,328,1,4.26,False,50.6
4947,20250411,703,5,3.99,False,47.91
4948,20250306,284,1,3.31,False,79.22
4949,20240509,670,1,2.69,True,100.0
4950,20241206,743,2,3.81,False,71.33
4951,20240920,322,4,4.42,False,23.69
4952,20250227,424,2,4.05,False,53.36
4953,20240630,292,5,4.18,True,72.43
4954,20251001,747,1,4.33,False,62.64
4955,20250915,81,3,4.06,False,49.38
4956,20251006,629,1,3.07,True,74.83
4957,20240120,40,1,3.5,False,73.8
4958,20240326,674,2,4.73,False,26.2
4959,20250927,577,1,3.61,False,48.52
4960,20240802,513,4,2.94,False,70.35
4961,20250316,57,5,2.88,False,76.97
4962,20250727,714,2,3.8,False,41.52
4963,20251210,702,2,4.25,True,37.88
4964,20240827,642,3,3.94,False,44.7
4965,20250801,612,1,2.94,False,76.79
4966,20240126,468,3,4.35,False,43.97
4967,20240923,513,4,4.36,False,49.49
4968,20240824,144,3,3.66,False,59.7
4969,20250623,27,1,2.95,False,90.64
4970,20251228,185,1,3.58,False,66.15
4971,20250103,259,5,2.42,False,100.0
4972,20250708,35,3,4.02,False,63.64
4973,20240421,459,2,4.2,False,50.63
4974,20241110,109,1,2.9,False,72.29
4975,20250205,666,2,4.42,False,44.51
4976,20250216,259,5,2.9,False,95.2
4977,20251221,51,3,4.18,False,55.69
4978,20240120,213,2,3.72,True,53.97
4979,20250222,158,1,3.37,False,67.95
4980,20241024,14,3,4.09,False,45.23
4981,20250108,634,4,3.3,False,62.57
4982,20240115,285,2,3.77,True,78.95
4983,20250217,650,1,3.56,False,71.29
4984,20250624,400,2,4.48,False,37.66
4985,20240605,736,4,4.48,True,28.58
4986,20250430,225,2,5.0,False,28.17
4987,20250907,384,2,4.42,False,47.6
4988,20240429,506,4,4.82,False,51.74
4989,20250510,310,2,4.66,False,37.85
4990,20241002,290,1,2.91,False,64.38
4991,20250829,343,2,3.82,False,41.27
4992,20250709,618,3,3.54,False,89.12
4993,20241217,748,3,4.08,False,44.66
4994,20250309,469,1,4.07,False,81.01
4995,20251016,590,1,3.66,False,62.32
4996,20240223,566,1,3.51,False,67.32
4997,20250520,301,1,3.82,False,53.17
4998,20250325,255,5,3.29,False,84.71
4999,20241215,77,1,3.66,False,51.15
5000,20240210,434,3,4.14,False,43.0
