esg_id,date_id,region_id,asset_id,energy_consumption_kwh,co2_emissions_kg,water_consumption_m3,waste_kg,renewable_energy_share
1,20250313,2,213,711.39,200.75,3.11,2.97,39.45
2,20240317,5,180,2197.29,754.55,7.46,30.1,24.15
3,20240820,1,145,153.16,49.55,0.86,2.04,29.12
4,20240417,1,106,1709.24,567.26,11.03,14.78,27.03
5,20250819,1,201,847.51,273.58,3.29,8.4,29.3
6,20250805,3,193,87.11,26.56,0.41,0.49,33.77
7,20240315,5,222,589.23,193.43,3.74,3.91,27.93
8,20250604,1,64,1346.34,433.52,4.94,10.2,29.5
9,20240418,1,75,2167.17,737.36,12.43,8.71,24.94
10,20250102,2,228,1159.25,345.32,5.72,10.01,35.53
11,20240720,2,55,537.76,158.51,1.51,3.86,36.31
12,20240331,1,111,177.06,61.72,0.61,1.82,22.86
13,20240525,4,221,757.7,247.77,2.55,8.01,28.25
14,20240420,5,81,1588.71,521.48,9.02,19.23,27.94
15,20251105,1,106,1875.35,605.96,7.03,17.37,29.22
16,20251117,3,236,532.51,163.29,1.98,2.78,33.34
17,20240830,1,151,486.37,167.0,2.27,3.35,24.16
18,20251020,1,153,1847.68,592.14,8.18,10.65,29.88
19,20251001,5,59,1173.35,349.24,6.7,10.81,35.59
20,20240616,4,239,260.81,84.98,1.19,3.41,28.54
21,20250920,1,160,130.32,41.62,0.59,0.79,30.16
22,20250510,1,181,1518.28,492.35,6.13,7.52,28.93
23,20250429,1,18,1072.2,343.4,5.77,11.26,29.93
24,20250326,1,245,1655.7,547.71,8.93,13.82,27.3
25,20250129,2,238,108.88,31.64,0.38,1.04,37.36
26,20240309,2,114,741.76,231.55,3.72,5.4,31.96
27,20240403,4,163,1238.15,404.83,3.5,7.31,28.26
28,20251111,3,211,1444.71,420.47,5.69,17.0,37.24
29,20251204,1,196,1294.74,407.33,8.12,17.43,31.35
30,20250226,3,225,1687.67,549.1,10.4,10.87,28.66
31,20240704,1,133,1118.21,373.57,5.27,10.23,26.48
32,20251205,2,217,97.07,25.8,0.27,0.5,43.56
33,20251208,5,44,133.8,41.86,0.78,0.64,31.79
34,20240923,3,244,317.47,101.57,1.23,4.37,30.02
35,20240111,1,164,2582.4,857.77,9.43,29.29,26.96
36,20250708,4,1,1143.65,345.15,3.02,8.0,34.55
37,20251022,2,112,96.29,25.57,0.58,0.77,43.62
38,20240203,3,216,1452.11,467.41,8.65,19.21,29.53
39,20240624,3,206,100.14,32.38,0.48,0.83,29.16
40,20240522,1,93,1421.71,486.74,6.85,14.47,24.41
41,20240115,1,181,2478.03,844.61,6.34,23.22,24.79
42,20240821,5,189,1806.54,597.03,11.59,16.84,27.38
43,20251013,3,78,1384.12,406.88,4.51,7.65,36.51
44,20241205,1,229,2036.58,666.61,9.29,25.09,28.17
45,20240820,5,159,350.71,118.41,1.22,3.28,25.59
46,20240426,1,77,123.49,42.26,0.56,0.85,24.44
47,20240613,1,37,1546.56,524.84,8.99,15.91,25.16
48,20240202,3,94,789.9,269.58,4.33,9.31,24.68
49,20250221,2,197,1538.29,457.73,8.38,7.7,35.61
50,20240111,1,224,1594.56,553.82,9.29,16.1,23.17
51,20240905,4,178,395.98,128.65,1.04,5.15,28.78
52,20240723,5,155,120.81,40.39,0.58,1.11,26.42
53,20250226,1,6,2180.12,695.55,8.2,22.64,30.24
54,20251203,2,95,1340.89,369.98,4.96,8.47,41.02
55,20251224,1,182,2692.85,851.8,17.43,11.96,30.92
56,20241023,4,144,1737.34,557.34,8.69,19.87,29.8
57,20250802,5,175,99.18,30.17,0.41,0.91,33.94
58,20250417,5,130,393.45,124.64,2.1,3.15,30.8
59,20240525,1,79,1653.88,535.06,5.65,19.43,29.12
60,20250213,2,228,1299.56,384.25,4.12,5.21,36.08
61,20240726,5,96,675.54,219.5,2.61,7.98,28.77
62,20241115,1,86,2691.79,897.12,16.48,32.68,26.68
63,20240706,2,48,72.91,21.45,0.2,0.37,36.45
64,20251209,4,156,1671.51,494.1,6.38,14.72,36.1
65,20240608,5,53,893.06,300.82,2.64,10.92,25.79
66,20240306,5,187,508.64,170.09,3.02,7.09,26.4
67,20250815,1,43,1370.0,455.61,8.3,11.92,26.86
68,20250826,3,98,1495.6,430.61,4.8,18.58,38.02
69,20240425,4,176,116.82,39.4,0.37,1.37,25.68
70,20251001,1,89,2549.61,844.74,10.98,17.92,27.17
71,20241017,5,59,1250.56,408.13,6.96,5.91,28.41
72,20251116,4,144,1648.01,511.21,7.12,14.85,32.45
73,20240907,2,83,885.29,263.25,4.89,11.78,35.66
74,20250113,5,34,843.72,276.44,3.08,10.89,28.09
75,20250528,3,99,976.21,292.94,3.95,10.73,34.98
76,20240814,3,236,325.74,101.62,2.0,4.09,32.01
77,20250221,5,175,167.04,53.58,0.81,1.61,29.81
78,20241227,5,34,1158.48,374.28,5.12,10.73,29.23
79,20250908,3,226,296.24,88.98,1.33,2.55,34.91
80,20241130,1,39,2292.28,773.14,10.5,12.84,25.68
81,20250824,5,76,546.89,172.9,1.69,6.62,30.96
82,20240105,1,160,193.59,67.27,1.19,1.52,23.13
83,20240712,1,237,1195.56,393.29,5.12,14.72,27.76
84,20240917,5,249,1887.36,629.62,5.01,15.76,26.6
85,20251009,1,133,1617.67,513.71,6.51,15.56,30.61
86,20250605,3,236,352.62,107.52,1.19,3.01,33.77
87,20250730,4,221,635.27,205.8,3.13,3.57,29.01
88,20251024,1,142,607.31,178.23,1.65,2.82,36.63
89,20250507,2,74,314.99,85.32,1.47,4.14,42.28
90,20250109,5,155,164.11,53.57,0.42,0.87,28.4
91,20241215,3,98,1981.79,606.67,12.4,23.38,33.47
92,20250225,3,60,962.63,306.46,5.11,5.06,30.41
93,20250319,1,93,1702.48,547.59,6.54,17.21,29.59
94,20250522,2,217,89.25,25.33,0.46,0.74,39.06
95,20250720,1,185,116.52,37.1,0.48,0.53,30.4
96,20240620,3,168,81.35,26.39,0.43,0.77,28.9
97,20240501,1,145,164.74,56.2,0.61,1.65,24.71
98,20240520,1,181,1889.58,625.98,5.84,21.03,27.18
99,20250718,1,246,469.6,149.56,1.56,2.05,30.38
100,20241015,2,26,398.05,115.48,2.41,4.16,37.47
101,20250901,5,184,137.46,42.12,0.69,0.84,33.39
102,20240918,1,135,146.42,48.31,0.52,1.92,27.52
103,20250711,4,11,593.21,179.24,1.88,5.13,34.46
104,20240210,1,245,1779.96,590.09,8.11,9.77,27.12
105,20250908,1,89,2004.86,645.56,5.61,13.56,29.5
106,20240710,5,81,1284.67,428.36,4.74,9.95,26.64
107,20240517,1,135,165.35,55.65,1.0,1.36,25.86
108,20240122,5,159,493.77,170.35,1.73,5.37,23.75
109,20241014,5,234,1526.15,503.69,7.7,18.54,27.49
110,20240610,2,198,69.76,21.08,0.35,0.42,34.45
111,20250828,1,118,172.39,54.56,0.66,2.18,30.87
112,20241220,1,160,190.58,60.58,0.6,1.9,30.53
113,20250719,1,227,1563.93,498.33,9.73,11.19,30.34
114,20240301,1,4,1624.5,562.01,7.94,10.37,23.51
115,20240821,3,23,1391.73,450.53,4.56,19.07,29.07
116,20241012,4,200,614.76,194.14,2.65,2.65,31.05
117,20250908,1,166,1736.06,549.29,5.74,17.86,30.9
118,20250409,4,46,810.58,244.73,4.36,5.04,34.52
119,20251226,5,249,2331.3,723.82,14.98,11.53,32.38
120,20241008,2,212,1063.2,305.05,4.06,6.46,38.27
121,20241219,3,123,663.29,203.74,3.64,9.08,33.21
122,20250626,4,1,1033.53,318.78,5.42,11.0,32.89
123,20250812,1,231,1691.57,542.93,10.5,10.87,29.76
124,20250825,5,29,1373.69,420.68,4.08,19.16,33.44
125,20240221,4,46,1108.68,377.22,4.81,15.35,24.94
126,20240528,4,144,1170.39,374.99,5.77,11.52,29.9
127,20251202,1,122,1841.48,588.46,6.98,16.84,30.11
128,20251115,1,220,2148.53,667.51,13.0,25.89,32.33
129,20240906,5,189,1544.12,531.18,4.17,19.43,24.0
130,20240817,1,126,1416.76,497.57,7.25,16.62,22.2
131,20240803,4,170,635.72,210.4,4.0,5.6,27.26
132,20251025,2,90,90.89,25.53,0.5,0.61,39.79
133,20250211,4,152,431.39,133.78,2.4,5.28,32.47
134,20251209,1,231,2310.32,722.39,9.15,30.86,31.83
135,20240530,2,228,1161.09,352.69,2.97,14.73,34.06
136,20240216,1,194,148.44,51.39,0.6,2.0,23.45
137,20241107,3,102,115.57,35.63,0.44,1.43,32.92
138,20251122,3,167,756.63,238.55,4.28,8.6,31.18
139,20250530,4,156,1396.83,406.09,6.34,17.82,37.32
140,20251012,5,81,1891.01,574.49,9.92,22.46,34.05
141,20240805,1,5,1483.21,498.6,5.06,6.79,25.96
142,20240920,2,84,297.29,87.01,1.0,2.09,36.83
143,20250606,1,132,391.92,121.42,1.12,1.79,32.55
144,20240811,1,18,760.04,256.77,4.06,6.64,25.54
145,20250717,3,15,884.75,267.3,2.64,9.11,34.47
146,20250412,4,120,1001.06,309.65,4.86,8.36,32.67
147,20241119,5,249,1957.21,634.37,5.54,13.4,28.97
148,20240505,3,38,1610.79,508.88,6.23,17.92,31.02
149,20250619,5,130,375.97,122.1,1.33,3.6,28.81
150,20240126,5,184,121.44,40.49,0.66,1.55,26.65
151,20250803,2,97,1083.91,314.16,6.13,6.28,37.54
152,20250722,3,167,589.17,175.38,2.71,8.01,35.58
153,20250108,1,119,518.06,171.93,3.31,3.98,27.03
154,20240426,4,221,872.05,292.24,4.58,6.9,26.22
155,20241207,4,101,350.91,112.07,1.48,4.69,30.16
156,20240524,4,208,640.83,213.52,3.88,7.23,26.7
157,20250331,1,43,1619.05,517.45,9.25,20.53,30.1
158,20240718,1,160,109.71,37.33,0.49,0.88,24.94
159,20251224,1,89,2886.44,830.02,14.9,25.72,38.11
160,20240717,2,87,1214.54,356.25,6.98,16.91,36.67
161,20250320,1,145,218.01,71.23,0.59,1.03,28.32
162,20250429,1,119,453.97,143.13,2.65,2.47,31.18
163,20240715,1,164,1521.83,493.74,4.09,18.23,28.89
164,20250414,5,137,733.28,231.69,2.0,6.41,31.01
165,20250105,1,2,1790.63,599.86,6.8,24.27,26.25
166,20251203,4,101,416.97,126.73,1.11,5.8,34.02
167,20240101,3,98,1653.28,533.41,6.9,18.14,29.34
168,20240203,3,103,136.26,45.73,0.5,0.96,26.1
169,20240119,1,16,1789.91,614.51,9.09,21.16,24.17
170,20240424,3,165,1281.83,411.57,5.8,7.91,29.73
171,20240610,3,94,685.43,217.94,3.33,7.63,30.51
172,20241101,1,199,187.3,61.46,0.87,2.21,27.96
173,20240712,3,233,382.48,122.12,1.25,5.32,30.18
174,20240519,1,79,1905.69,639.24,5.34,14.15,26.14
175,20250621,3,127,582.43,181.23,3.16,4.28,32.21
176,20250423,1,75,2106.18,677.68,9.11,8.7,29.56
177,20240121,5,85,909.16,299.8,5.23,11.61,27.56
178,20240509,1,58,1752.33,608.41,9.18,11.23,23.2
179,20240106,3,165,1805.9,599.41,8.37,20.91,27.02
180,20250803,4,80,983.4,314.06,5.75,7.69,30.16
181,20250616,3,206,78.38,23.94,0.25,0.72,33.65
182,20250718,1,145,144.04,46.27,0.72,1.55,29.7
183,20250327,1,20,2447.74,779.56,10.82,11.53,30.38
184,20240808,4,173,624.65,196.34,1.79,8.56,31.42
185,20241228,3,235,980.01,304.04,5.55,8.3,32.44
186,20240507,2,112,77.95,24.06,0.24,0.36,32.84
187,20251204,1,164,2196.01,674.88,11.7,25.22,33.17
188,20250329,3,211,1379.9,414.19,6.05,9.02,34.96
189,20240511,5,7,120.07,41.83,0.53,1.22,22.91
190,20251118,2,48,91.89,26.38,0.29,0.66,38.24
191,20240803,1,164,1653.24,533.67,9.16,15.55,29.3
192,20250301,3,138,1403.41,415.13,3.61,16.46,36.05
193,20240929,1,64,1473.76,460.28,7.87,9.25,31.92
194,20240507,3,148,1146.09,381.92,3.33,11.61,26.69
195,20240730,5,130,344.91,113.25,1.01,3.65,27.91
196,20251012,2,108,83.58,23.46,0.4,0.99,39.84
197,20250203,5,230,1817.4,584.91,7.14,9.06,29.54
198,20251230,1,224,1853.72,586.89,11.61,18.46,30.85
199,20240725,1,160,117.33,38.1,0.72,1.56,28.82
200,20240529,1,182,2014.96,671.22,10.74,18.5,26.72
201,20240412,2,74,316.24,96.73,1.12,4.06,33.53
202,20241001,3,165,1465.96,473.21,5.24,6.33,29.3
203,20240130,1,79,2565.09,889.27,14.11,27.41,23.33
204,20251118,1,135,138.33,42.65,0.52,0.61,32.92
205,20241229,4,80,1212.44,391.13,6.19,8.59,29.35
206,20250703,3,236,391.99,118.84,1.52,4.4,34.21
207,20250614,4,239,338.18,106.73,1.65,2.78,31.1
208,20240808,1,147,945.38,320.33,4.11,5.33,25.29
209,20250918,4,208,668.0,194.25,2.36,7.58,37.3
210,20250115,4,144,1434.26,459.88,6.99,14.02,29.84
211,20240229,1,160,164.64,56.75,0.59,2.09,23.83
212,20250419,1,194,109.51,36.18,0.42,0.88,27.41
213,20251012,1,177,162.77,51.06,0.49,1.28,31.57
214,20241120,1,88,172.02,56.57,0.98,1.86,27.79
215,20241013,5,81,1911.84,647.12,7.88,11.52,25.38
216,20240103,3,103,141.53,47.08,0.64,0.82,26.84
217,20250527,1,201,969.95,312.75,6.17,9.74,29.39
218,20250430,2,114,796.67,220.96,4.74,10.36,40.66
219,20240102,4,136,2017.35,648.62,10.98,17.8,29.62
220,20240812,3,233,305.1,92.54,1.48,3.84,34.17
221,20240403,5,155,140.46,46.81,0.41,1.94,26.68
222,20250912,1,220,1947.26,617.59,9.38,14.48,30.71
223,20250806,2,12,575.29,167.73,1.92,7.21,37.11
224,20251119,2,57,692.18,189.16,4.13,8.71,41.68
225,20240320,4,121,523.31,168.36,2.86,5.74,29.57
226,20250308,5,174,138.02,45.97,0.59,1.49,26.74
227,20240426,4,72,1683.11,562.7,7.88,8.23,26.42
228,20241209,3,226,404.09,128.34,1.97,5.09,30.6
229,20251215,3,148,1578.78,476.6,6.77,14.93,34.53
230,20240106,1,88,231.6,78.89,1.05,1.42,24.84
231,20241214,3,49,1445.0,451.13,8.06,14.1,31.95
232,20251129,2,238,82.76,23.14,0.29,0.69,40.1
233,20240112,5,155,133.58,44.46,0.61,1.8,26.79
234,20241020,5,222,408.23,131.24,1.8,4.31,29.63
235,20250209,3,123,666.82,204.69,3.35,3.54,33.26
236,20250404,1,93,1757.92,575.05,7.1,11.78,28.22
237,20241209,2,197,1354.57,400.52,7.94,13.18,36.08
238,20250715,3,49,967.44,281.95,3.77,4.17,37.14
239,20250326,1,210,540.18,173.42,2.17,5.98,29.74
240,20241019,5,34,938.94,316.87,4.34,4.98,25.63
241,20250107,2,48,123.13,36.58,0.45,0.98,35.72
242,20240329,1,125,1448.8,495.78,9.11,10.05,24.45
243,20251130,5,51,965.8,304.34,5.3,8.14,31.22
244,20250829,1,64,1117.17,352.31,3.95,10.49,31.16
245,20250921,1,218,1126.83,365.72,4.0,15.14,28.86
246,20240206,1,39,2297.88,765.75,10.71,16.61,26.69
247,20240617,1,18,1060.05,360.37,6.19,12.51,25.01
248,20240820,1,246,488.51,163.57,2.18,6.51,26.29
249,20240721,3,236,356.19,111.25,2.08,4.91,31.92
250,20241224,1,125,1820.73,599.09,9.42,19.4,27.74
251,20240131,3,193,105.0,32.86,0.61,1.29,31.75
252,20240626,1,93,1318.62,454.92,3.58,12.11,23.75
253,20250226,1,237,1833.05,603.73,5.39,9.24,27.66
254,20240815,3,60,732.68,233.43,2.43,3.46,30.35
255,20240123,3,99,1211.72,395.02,3.62,7.36,28.5
256,20251201,1,199,195.34,61.9,1.12,1.04,30.78
257,20241018,1,246,605.26,204.19,3.73,7.47,25.66
258,20240602,3,225,1050.76,344.94,3.9,7.19,27.93
259,20250912,4,163,1171.64,371.97,4.55,13.56,30.63
260,20250525,2,19,1058.22,321.19,6.37,14.14,34.12
261,20250312,2,241,99.48,28.46,0.54,0.43,38.48
262,20251129,4,11,840.11,255.73,2.65,7.69,33.9
263,20251031,5,249,2188.02,650.98,12.97,9.31,35.62
264,20251212,1,153,2173.28,685.54,5.78,11.27,31.14
265,20241210,3,105,1415.92,425.29,5.92,10.24,34.91
266,20250717,2,35,1196.69,336.13,3.16,7.3,39.78
267,20241203,1,157,2240.97,764.62,5.89,28.62,24.7
268,20240621,3,206,85.74,27.42,0.28,0.45,30.05
269,20250820,1,135,158.25,52.58,0.79,2.02,26.93
270,20251115,4,144,1808.6,550.97,8.7,19.85,33.84
271,20250716,3,99,1074.73,319.97,3.53,7.48,35.57
272,20250712,2,67,88.3,25.13,0.55,1.09,38.86
273,20240524,1,122,1183.11,387.82,3.14,14.61,28.05
274,20251203,4,144,1685.79,503.71,6.94,15.34,35.3
275,20250507,1,75,1781.56,562.33,5.36,8.75,31.09
276,20241230,1,196,1319.74,435.2,7.26,12.29,27.56
277,20250827,1,27,1613.78,517.7,7.35,12.28,29.8
278,20240404,2,238,90.66,28.01,0.31,0.87,32.77
279,20240716,3,216,903.85,292.02,3.13,10.94,29.23
280,20240523,1,41,2053.16,688.3,8.86,18.83,26.19
281,20251023,1,64,1461.44,461.7,6.87,17.44,31.02
282,20250520,2,172,1224.78,317.61,7.64,4.92,45.17
283,20250812,1,2,1463.25,472.92,7.27,7.73,29.2
284,20250717,5,76,575.98,186.25,1.73,3.06,29.16
285,20240225,4,80,1454.02,471.74,9.35,13.77,28.89
286,20240402,1,210,620.76,214.14,3.82,6.67,23.76
287,20250112,1,75,2899.4,941.26,10.4,31.35,28.84
288,20251024,4,161,327.35,100.39,1.72,4.3,33.33
289,20240927,3,225,1391.09,439.81,5.45,15.06,30.96
290,20251105,1,182,1878.37,589.06,7.83,12.6,31.6
291,20251026,5,76,776.81,236.55,3.82,10.77,33.87
292,20250810,2,238,73.78,20.55,0.21,0.7,40.36
293,20241228,3,236,393.36,122.04,2.5,3.31,32.44
294,20250304,2,143,692.2,193.32,2.54,2.98,40.18
295,20250325,2,114,744.92,211.14,3.85,7.37,39.14
296,20250511,5,249,1906.43,586.27,8.14,13.85,33.12
297,20251008,1,224,1619.0,519.63,9.02,22.0,29.76
298,20250115,4,46,1298.88,405.82,4.52,16.66,31.89
299,20241130,2,55,758.52,214.05,3.79,5.36,39.45
300,20250925,3,40,1584.39,459.41,8.17,19.91,37.51
301,20240216,1,224,2045.16,691.18,9.41,8.19,25.51
302,20250529,5,155,136.49,43.14,0.79,1.55,30.98
303,20240111,2,57,934.45,280.56,5.44,10.49,34.94
304,20250216,5,234,2058.19,693.28,5.5,12.82,25.79
305,20250724,3,15,1087.64,327.21,5.71,4.46,34.79
306,20240617,5,234,1598.4,519.99,8.17,21.3,28.67
307,20240102,4,156,1416.72,470.8,4.55,8.32,26.92
308,20250816,1,185,145.4,45.59,0.67,0.59,31.61
309,20240728,2,242,507.55,149.38,2.73,5.58,36.42
310,20251016,1,171,138.28,45.39,0.66,1.83,27.93
311,20251121,4,170,943.72,300.22,4.15,11.48,30.47
312,20240219,4,101,410.83,135.44,1.35,4.59,27.58
313,20241005,3,211,1526.06,472.96,6.72,18.66,32.52
314,20240814,1,185,127.43,43.42,0.64,0.54,24.81
315,20240622,1,71,1789.79,582.68,11.25,19.09,28.61
316,20250610,4,163,1001.32,311.73,5.19,13.37,32.17
317,20240824,1,145,173.42,58.35,0.44,1.04,25.89
318,20240715,2,228,856.55,255.05,4.68,4.73,35.56
319,20250928,1,18,1092.45,343.86,4.07,12.82,31.31
320,20250812,2,143,554.75,157.35,3.17,2.23,39.09
321,20250408,2,24,648.54,190.52,2.63,8.42,36.56
322,20250912,2,48,79.91,22.42,0.4,1.02,39.86
323,20251104,4,80,1447.79,459.82,5.15,11.44,30.6
324,20250131,2,241,102.33,29.32,0.44,0.51,38.36
325,20250721,2,90,91.7,25.51,0.34,0.69,40.46
326,20250218,1,227,1552.93,499.36,9.38,6.83,29.61
327,20240426,3,23,1475.6,459.5,3.89,7.46,32.15
328,20240819,4,144,1085.62,349.66,2.91,14.76,29.48
329,20240419,4,80,1352.44,424.88,4.39,5.92,31.46
330,20240116,1,27,2478.62,879.32,7.21,11.48,21.31
331,20250325,4,11,834.75,258.27,2.16,10.36,32.65
332,20240526,4,215,563.88,181.1,1.87,4.16,29.71
333,20240812,1,229,1173.32,383.3,7.5,14.17,28.33
334,20250518,4,208,592.99,190.66,2.17,4.84,29.62
335,20251214,2,198,115.89,33.42,0.71,0.92,37.9
336,20250122,1,133,1717.66,550.34,10.09,8.21,29.9
337,20241010,1,47,2138.51,708.27,9.86,29.27,27.2
338,20250506,3,40,1631.27,504.58,6.62,10.97,32.67
339,20250223,2,19,1443.74,422.38,5.35,9.63,36.86
340,20250510,4,120,1117.78,345.39,6.73,4.8,32.75
341,20250321,2,183,704.34,206.6,3.31,8.68,36.67
342,20240405,1,182,2211.47,731.47,13.23,15.15,27.31
343,20240311,5,249,1928.96,673.98,9.04,9.38,22.65
344,20241211,5,149,1445.8,491.69,4.45,18.65,24.98
345,20240607,3,102,107.46,34.6,0.5,1.25,29.5
346,20240426,1,248,2268.83,766.5,12.46,30.18,25.54
347,20240710,1,248,1818.41,607.86,8.17,14.57,26.43
348,20250706,3,235,790.62,254.14,2.1,4.44,29.64
349,20240715,2,242,557.19,166.51,3.42,6.9,35.29
350,20250604,5,66,107.33,34.4,0.33,0.77,29.88
351,20251117,3,211,1843.09,534.5,8.13,15.69,37.5
352,20250801,4,72,1060.09,328.03,6.64,11.41,32.64
353,20250811,1,64,1322.63,421.92,6.88,12.83,30.25
354,20250727,1,171,148.25,47.74,0.68,1.07,29.5
355,20240229,1,125,1493.12,491.3,5.58,19.18,27.74
356,20251129,1,191,146.5,46.63,0.6,1.26,30.42
357,20250203,3,202,148.42,47.42,0.88,2.08,30.13
358,20241003,4,46,979.15,316.81,5.4,4.68,29.11
359,20251214,5,29,1759.66,512.69,9.03,11.45,37.16
360,20250603,2,110,1078.7,308.16,4.32,6.9,38.58
361,20250316,1,151,495.34,158.55,2.24,2.34,29.98
362,20250601,1,160,129.92,42.42,0.52,1.11,28.38
363,20251124,5,234,1927.46,593.35,9.1,25.96,33.04
364,20240305,1,154,1862.42,625.33,6.36,21.25,26.06
365,20240726,1,61,1898.58,663.36,9.88,26.4,22.65
366,20250103,5,149,1830.23,598.41,5.68,8.05,28.26
367,20241009,1,185,132.48,45.73,0.46,1.27,23.71
368,20251109,2,115,1485.93,408.45,5.78,20.73,41.28
369,20250930,4,72,1579.07,479.78,8.83,21.26,34.04
370,20250328,3,105,1301.28,409.38,8.4,16.91,31.35
371,20240322,4,124,115.21,37.44,0.71,0.76,28.76
372,20240109,3,236,550.84,181.34,2.03,3.94,27.7
373,20251129,4,121,418.92,125.01,1.97,3.46,35.4
374,20250825,3,100,1103.49,343.05,4.37,9.01,32.28
375,20251117,5,149,1282.26,375.55,4.91,10.6,36.78
376,20240512,3,36,92.06,29.26,0.49,0.67,30.53
377,20240127,3,23,1518.25,494.34,7.13,6.39,28.6
378,20251120,3,211,1850.17,549.13,5.18,10.67,35.8
379,20250410,4,239,423.94,128.91,1.5,1.8,33.98
380,20250512,4,124,104.31,32.54,0.27,1.1,32.0
381,20240817,3,167,629.9,205.17,3.09,2.6,28.57
382,20240813,4,62,979.59,318.8,2.52,13.61,28.64
383,20250319,4,170,760.34,237.93,4.3,5.12,31.77
384,20250723,5,222,348.17,111.48,1.84,4.73,29.95
385,20240509,3,138,1074.56,338.57,6.31,14.91,31.23
386,20251025,5,117,789.89,257.91,3.76,3.87,28.37
387,20251223,1,166,2046.4,600.66,11.3,9.99,36.62
388,20240325,2,12,729.64,222.83,3.03,7.8,33.65
389,20240421,3,28,657.49,215.71,1.82,5.93,27.98
390,20240302,1,132,645.15,226.06,2.53,3.97,22.4
391,20250406,1,246,576.22,180.33,2.67,6.91,31.76
392,20241103,5,33,1832.57,586.94,11.04,21.05,29.93
393,20250801,2,172,960.18,267.97,5.43,6.52,40.23
394,20240528,1,201,1023.61,333.53,4.36,9.96,28.54
395,20240104,1,237,2126.32,724.91,8.66,11.52,24.77
396,20240119,1,145,233.98,83.22,0.68,2.08,21.08
397,20240608,4,158,1205.29,402.33,5.53,15.44,26.55
398,20251013,1,142,445.68,136.93,2.81,5.56,33.19
399,20250521,3,40,1374.32,418.78,7.93,15.25,33.82
400,20240329,3,127,820.74,263.29,4.12,7.69,29.8
401,20250805,4,232,1080.98,332.16,2.89,8.77,33.18
402,20240524,2,242,594.52,178.97,2.75,7.0,34.74
403,20251011,3,216,1092.56,331.44,4.78,11.85,34.16
404,20251025,1,18,925.03,300.86,3.3,6.82,28.69
405,20250826,3,100,1329.78,385.9,5.73,16.21,37.45
406,20251218,2,207,736.39,202.45,4.08,8.15,41.27
407,20241122,2,67,125.75,38.0,0.42,1.72,34.45
408,20241203,1,237,1827.66,608.17,9.02,15.65,26.81
409,20250624,2,207,553.24,162.32,2.65,7.48,36.65
410,20251009,5,73,167.49,52.51,0.98,0.96,31.62
411,20250216,4,68,818.91,263.62,2.73,7.75,29.52
412,20240526,1,122,1314.42,436.02,7.88,16.88,27.07
413,20240921,3,148,1319.13,424.92,8.14,14.85,29.47
414,20250426,3,127,859.51,279.68,4.99,10.95,28.65
415,20240125,1,71,2509.3,859.79,14.78,30.81,24.34
416,20241007,2,48,106.25,31.17,0.37,0.51,36.65
417,20240223,1,231,2489.56,860.89,15.82,14.74,23.55
418,20240308,4,72,1385.59,461.73,8.44,13.45,26.69
419,20250506,4,69,611.3,183.32,2.47,6.75,35.03
420,20240113,4,80,1635.19,540.79,7.04,7.65,27.32
421,20250322,3,138,1359.73,415.21,7.46,14.02,33.66
422,20250104,5,81,1896.27,623.04,11.83,9.69,27.86
423,20250818,4,214,753.0,226.59,2.51,10.2,34.77
424,20250816,2,108,92.26,25.78,0.52,0.58,40.13
425,20250422,1,229,1394.2,437.22,5.92,15.79,31.6
426,20240905,3,14,1280.95,413.8,4.97,7.62,29.24
427,20240410,1,16,1458.4,478.88,6.54,6.16,27.91
428,20250122,5,91,1724.16,560.56,5.13,17.61,28.72
429,20251024,2,143,612.87,176.8,1.88,6.32,37.88
430,20241024,4,136,1341.27,436.66,3.65,13.75,28.61
431,20240209,3,78,1882.65,615.1,5.73,16.37,28.32
432,20250326,2,55,698.2,204.38,3.44,4.92,36.82
433,20241201,4,173,906.56,293.22,4.55,12.54,29.14
434,20250506,2,74,316.03,89.58,2.0,2.42,39.14
435,20250409,4,221,980.77,321.38,3.67,10.82,28.08
436,20240722,5,117,606.14,204.71,3.1,8.24,25.57
437,20240114,1,6,2520.63,874.26,11.04,18.64,23.29
438,20250630,5,34,854.34,274.24,3.5,4.82,29.75
439,20250928,2,238,79.45,22.56,0.25,0.54,39.01
440,20240527,4,144,1443.26,489.44,5.79,17.26,25.22
441,20240405,3,13,1382.01,439.15,8.75,9.87,30.56
442,20241014,1,157,1677.63,575.96,5.45,23.36,24.17
443,20240603,3,99,1163.6,375.05,6.91,7.83,29.42
444,20241218,1,64,1954.39,655.74,10.18,13.93,26.12
445,20250529,3,99,1068.18,323.7,3.97,14.67,34.24
446,20241226,5,188,129.04,41.15,0.35,1.79,30.28
447,20240224,4,121,520.65,168.4,3.38,5.53,29.14
448,20241217,2,241,130.78,39.44,0.39,1.09,34.61
449,20240103,1,210,566.81,196.73,2.53,5.14,23.23
450,20240609,1,65,1535.82,512.96,8.1,14.18,26.5
451,20240114,1,37,2282.58,751.61,13.27,24.2,27.68
452,20240602,3,165,1192.86,382.57,3.06,14.86,29.82
453,20240727,1,39,2031.79,666.26,5.84,12.78,28.02
454,20240418,1,191,138.49,48.34,0.45,0.62,22.74
455,20250726,3,49,988.61,303.86,3.49,13.71,33.16
456,20240605,4,150,113.74,36.48,0.32,0.71,29.81
457,20240308,1,86,2650.45,911.33,15.06,29.59,24.04
458,20241017,1,218,925.27,296.72,4.14,4.31,29.83
459,20240712,3,38,1247.34,398.45,5.89,15.9,30.14
460,20250816,3,226,279.73,80.56,1.68,2.2,38.0
461,20240525,3,22,1235.85,402.39,5.62,9.02,28.6
462,20240418,2,217,74.9,23.79,0.31,0.85,30.61
463,20240306,1,186,2144.65,737.16,7.83,23.26,24.07
464,20240601,5,73,136.6,44.76,0.62,1.21,28.09
465,20241209,2,12,687.16,211.4,1.99,7.26,33.09
466,20250319,4,128,1482.45,448.17,9.03,12.96,34.42
467,20250104,4,158,1579.25,511.74,9.99,20.07,28.99
468,20251008,1,142,546.68,162.25,1.85,5.23,35.8
469,20251217,2,241,120.26,32.99,0.78,1.47,41.41
470,20240116,1,41,1934.58,670.76,7.56,14.65,23.32
471,20241016,1,171,157.0,52.66,0.51,1.83,26.14
472,20240902,4,1,1349.4,445.57,5.6,18.44,27.45
473,20240412,4,158,1222.56,404.72,3.49,15.66,27.24
474,20250227,2,24,579.09,163.65,3.52,4.7,39.35
475,20250601,4,162,514.32,155.45,3.19,2.28,34.44
476,20240714,3,168,87.79,28.19,0.52,0.5,29.72
477,20240929,1,4,1680.84,555.42,6.31,16.8,27.39
478,20250628,1,16,1420.7,448.54,6.4,6.93,31.07
479,20250917,1,4,1757.59,553.36,5.26,20.6,31.29
480,20240809,3,99,1052.16,341.07,5.06,11.74,28.96
481,20240706,4,116,722.95,232.21,3.15,7.46,29.7
482,20250608,3,98,1373.99,418.3,4.32,11.57,33.89
483,20240224,4,221,938.64,302.88,5.36,11.39,29.33
484,20240624,2,112,69.43,20.73,0.36,0.65,35.35
485,20250818,2,238,64.23,17.6,0.24,0.61,41.49
486,20251016,1,160,158.97,47.96,0.74,2.02,34.57
487,20240505,3,236,418.05,138.88,1.69,5.61,26.95
488,20240805,2,95,850.68,245.23,3.85,6.88,37.93
489,20240206,2,8,805.24,249.95,3.57,9.58,32.4
490,20240604,3,105,1351.07,446.07,5.86,7.43,27.46
491,20240920,2,24,628.02,193.68,2.07,6.03,32.9
492,20250822,1,2,1563.51,487.19,9.18,16.77,32.1
493,20250617,2,238,72.57,20.82,0.37,0.77,38.26
494,20240405,4,205,110.8,35.76,0.32,1.0,29.32
495,20240415,4,45,930.42,318.69,2.58,11.08,24.37
496,20240518,4,173,769.98,247.84,2.93,3.63,29.53
497,20241217,3,13,1342.83,419.93,4.38,6.99,31.82
498,20240425,4,247,1156.35,376.83,6.21,13.62,28.53
499,20251116,5,149,1744.73,531.1,4.83,20.38,33.9
500,20241223,3,49,1157.4,351.76,6.77,16.12,34.02
501,20251103,3,38,1563.26,452.6,4.38,17.05,37.62
502,20250318,1,245,1618.32,553.21,8.43,15.92,24.54
503,20250305,5,249,1917.8,615.84,8.1,13.49,29.72
504,20240814,3,102,88.91,28.77,0.44,0.73,29.1
505,20250411,5,130,443.94,141.62,2.88,5.41,30.25
506,20250731,1,231,1583.3,472.96,4.2,11.31,35.32
507,20240305,1,111,154.74,52.17,0.61,1.07,25.71
508,20240221,1,210,654.04,226.79,3.34,8.04,23.31
509,20250715,3,23,1349.85,404.58,4.61,5.99,35.07
510,20250102,3,78,2133.82,635.45,8.26,28.81,35.55
511,20240318,4,46,986.87,329.18,5.35,10.02,26.61
512,20250804,3,235,685.48,207.12,2.31,3.79,34.46
513,20250310,4,176,96.8,29.11,0.34,0.66,34.82
514,20250908,1,171,163.88,52.91,0.79,1.45,29.28
515,20251226,1,181,2639.35,836.57,8.53,27.94,30.76
516,20240825,2,56,311.79,92.2,0.8,1.85,36.07
517,20240910,1,169,1838.68,612.72,11.58,16.4,26.69
518,20250601,3,38,1266.16,383.55,5.98,16.38,34.27
519,20251028,1,125,1685.0,542.03,9.92,11.5,29.58
520,20250619,1,79,1477.57,465.32,8.71,18.64,31.27
521,20240214,3,40,1987.58,650.02,8.77,25.79,28.24
522,20250103,1,113,2420.96,790.88,9.66,10.44,28.33
523,20240126,1,248,2514.95,855.18,10.99,12.98,24.99
524,20250508,1,65,1728.01,556.97,5.47,20.24,29.42
525,20241223,1,113,2210.01,701.99,6.24,20.81,30.59
526,20240320,3,202,127.78,41.1,0.7,1.37,29.58
527,20240804,2,56,257.41,75.27,1.17,2.44,36.9
528,20251207,1,2,2151.37,667.27,7.15,18.22,32.46
529,20240622,1,192,940.88,322.27,2.59,11.37,24.37
530,20250817,1,201,1048.62,334.89,4.19,4.72,30.16
531,20240828,3,235,608.85,199.19,3.71,4.86,28.21
532,20250708,4,101,338.42,107.39,0.91,3.42,30.67
533,20240818,1,2,1537.75,517.3,8.05,15.81,25.9
534,20250927,5,130,331.13,106.19,1.74,3.39,29.83
535,20240410,1,157,1808.74,636.31,11.56,12.5,22.05
536,20240118,4,156,1492.64,498.84,4.52,11.53,26.45
537,20240313,1,43,1588.2,543.16,5.85,20.44,24.5
538,20240226,1,223,2346.84,812.1,7.2,28.68,23.49
539,20250503,1,245,1657.1,536.83,9.2,17.58,29.01
540,20240707,4,156,1306.35,423.47,7.59,13.57,28.96
541,20250807,1,182,1591.77,509.62,6.59,20.95,29.96
542,20250811,2,67,96.11,26.91,0.41,0.87,39.99
543,20251110,3,21,827.76,244.55,4.22,8.17,36.14
544,20240714,5,7,123.66,40.35,0.34,1.27,28.42
545,20240429,1,218,1087.6,376.35,6.07,9.61,23.49
546,20251005,2,19,1141.42,327.22,6.13,14.89,38.33
547,20250417,5,187,463.95,151.69,2.0,5.24,28.26
548,20251230,2,12,704.93,189.99,4.32,8.1,42.62
549,20240820,1,153,1623.23,560.99,6.95,12.56,23.6
550,20240218,4,232,1290.35,427.73,3.79,5.65,27.13
551,20251103,2,31,832.85,224.3,4.53,8.55,42.67
552,20250303,5,51,951.4,299.73,2.99,12.05,31.24
553,20241012,3,99,1038.3,324.12,5.18,9.78,31.96
554,20241214,3,94,729.23,239.33,4.63,3.09,27.95
555,20250709,3,167,743.91,228.47,3.45,8.13,33.22
556,20240218,3,94,891.18,298.37,5.13,12.16,26.3
557,20250418,1,145,183.9,60.46,0.81,1.37,27.81
558,20240329,2,95,1070.07,325.17,6.2,14.15,34.03
559,20250508,2,108,102.3,30.01,0.49,1.11,36.67
560,20250928,1,41,1882.51,595.17,8.37,15.34,30.96
561,20250414,1,218,1103.87,357.12,3.49,15.35,29.12
562,20250128,1,86,2492.77,849.14,7.96,29.89,24.84
563,20240625,1,154,1732.85,578.01,6.99,22.39,26.61
564,20250328,1,237,2119.62,688.37,5.92,20.52,28.81
565,20251012,3,23,1400.86,418.07,5.84,8.78,35.39
566,20250829,3,100,1014.13,304.89,4.14,8.26,34.84
567,20250331,1,147,1341.73,433.65,3.78,6.87,29.2
568,20240816,1,227,1451.83,485.55,4.2,13.46,26.39
569,20250227,3,100,1801.93,557.81,4.65,17.63,32.61
570,20250827,1,237,1385.41,441.78,7.97,9.46,30.28
571,20240305,5,159,545.94,185.38,1.83,7.61,25.11
572,20250123,5,180,2285.1,744.03,5.99,31.37,28.6
573,20240205,1,201,1337.12,455.53,8.58,9.48,24.83
574,20251014,4,214,794.65,227.56,4.05,3.8,38.41
575,20250615,5,222,384.52,123.12,1.06,3.12,29.95
576,20240818,5,175,125.64,42.01,0.52,1.56,26.41
577,20240512,5,59,1248.5,408.11,7.43,13.9,28.28
578,20240409,1,113,1822.34,622.37,7.93,23.33,24.62
579,20250412,2,204,1494.61,412.51,9.53,16.23,41.0
580,20240407,1,54,2079.81,714.62,5.59,14.5,24.1
581,20250131,3,216,1449.61,463.35,5.78,8.21,30.09
582,20240607,5,189,1413.2,469.69,6.81,17.03,26.91
583,20251025,2,35,1440.26,410.88,6.33,15.43,38.68
584,20251219,3,138,1292.96,377.23,7.1,14.87,37.06
585,20240429,1,245,1387.46,461.08,8.57,8.54,26.92
586,20240416,2,35,1042.03,320.45,3.62,9.86,33.12
587,20250926,1,58,1717.3,523.64,7.61,22.48,33.77
588,20240728,4,144,1378.64,457.21,8.45,16.85,27.09
589,20240615,2,140,94.79,29.35,0.61,1.22,32.59
590,20250418,3,211,1207.66,382.97,6.44,9.88,30.72
591,20251103,1,79,2275.64,703.81,9.85,23.4,32.68
592,20240720,4,209,321.66,102.85,2.04,2.96,30.06
593,20251125,2,241,90.69,24.25,0.29,0.39,43.14
594,20240218,3,104,141.0,45.48,0.59,0.99,29.37
595,20240623,4,239,262.7,84.82,1.26,2.16,29.28
596,20251231,2,87,1611.43,447.4,9.1,21.08,40.59
597,20250105,4,173,1033.24,327.91,2.94,7.91,30.66
598,20240507,1,77,130.92,44.93,0.76,1.32,24.21
599,20240202,5,184,126.89,42.78,0.51,1.65,25.72
600,20250112,2,19,1294.78,354.77,6.9,17.21,41.5
601,20250917,2,52,92.58,26.49,0.42,0.8,38.48
602,20250330,1,32,189.6,60.8,1.11,1.76,29.83
603,20240504,5,66,89.26,30.64,0.31,0.76,24.18
604,20251003,3,167,753.11,223.73,2.83,9.46,35.73
605,20250216,4,178,388.11,123.51,2.41,5.11,30.44
606,20250302,5,91,1744.1,553.58,8.53,11.8,30.65
607,20241120,1,201,1234.21,407.09,3.16,15.55,27.54
608,20250524,2,238,79.74,23.12,0.3,0.78,37.52
609,20240627,5,51,674.65,215.75,4.37,3.53,30.05
610,20241016,4,203,966.65,313.43,5.2,8.98,28.94
611,20250325,1,182,1884.02,619.77,5.19,19.05,27.76
612,20250404,3,167,785.52,241.09,2.55,4.24,33.27
613,20240705,1,6,1560.58,512.18,4.34,14.05,27.95
614,20240916,3,165,1025.31,318.79,5.05,12.22,32.27
615,20240601,3,94,682.64,213.58,2.26,5.96,31.78
616,20241212,4,178,414.92,132.72,1.65,2.64,30.03
617,20240118,1,135,195.53,64.71,0.65,1.36,27.26
618,20240502,4,232,1063.6,343.76,5.78,11.78,29.2
619,20240502,2,19,1209.98,365.85,4.0,12.28,34.41
620,20240313,1,132,622.71,220.22,2.25,5.78,21.59
621,20250904,3,211,1467.12,426.05,6.93,9.41,37.4
622,20240630,2,140,71.63,21.67,0.24,0.56,34.36
623,20240720,4,152,342.46,109.27,2.05,2.7,30.23
624,20240326,3,21,817.21,263.47,2.79,4.07,29.4
625,20250907,3,38,1423.17,415.62,8.31,15.42,36.99
626,20251104,2,26,405.52,110.71,1.78,4.74,41.75
627,20250901,3,236,418.26,128.61,2.24,4.37,33.13
628,20241230,3,38,2109.04,662.24,5.99,25.87,31.5
629,20251027,1,227,1867.57,590.3,7.95,10.97,30.98
630,20251104,4,68,816.15,245.53,4.06,9.0,34.79
631,20240331,4,208,803.93,266.36,3.71,9.3,27.17
632,20240522,1,196,1133.04,372.36,4.48,8.74,27.84
633,20250121,3,38,1770.77,532.58,11.46,21.04,34.81
634,20250505,3,78,1627.37,500.19,7.29,9.73,33.16
635,20251222,1,151,563.18,173.23,2.44,7.62,33.1
636,20240621,1,169,2145.16,745.31,7.24,14.71,23.14
637,20251016,1,145,148.43,45.98,0.89,0.68,32.56
638,20251118,1,185,179.75,59.31,1.11,2.36,27.51
639,20240204,3,165,1636.72,530.1,9.77,7.1,29.03
640,20240518,5,34,718.21,244.19,2.19,4.86,25.0
641,20250918,3,216,1102.8,337.02,6.79,6.12,33.6
642,20240928,2,87,1295.73,392.09,7.53,5.55,34.35
643,20251210,1,191,155.58,47.69,0.9,1.68,33.36
644,20250511,2,112,79.74,22.74,0.25,0.44,38.72
645,20240128,2,112,118.46,34.69,0.68,0.87,36.79
646,20250727,2,52,96.56,27.9,0.49,1.34,37.77
647,20250728,4,152,283.25,91.15,1.24,3.18,29.55
648,20251114,5,249,2224.91,669.25,7.15,25.75,34.8
649,20240519,5,59,1386.54,467.6,5.38,10.08,25.69
650,20250626,4,203,1022.93,318.01,5.29,4.54,32.28
651,20250219,1,125,1560.83,509.02,4.21,16.49,28.47
652,20241227,3,167,843.97,265.68,4.89,3.43,31.3
653,20240805,1,37,1663.98,533.94,5.04,7.18,29.78
654,20251006,1,54,2157.06,658.42,6.5,27.36,33.69
655,20251226,3,127,1062.66,314.67,5.21,6.01,35.97
656,20240222,4,205,121.69,39.39,0.31,1.48,29.08
657,20240704,1,154,1560.77,531.04,4.82,11.68,24.94
658,20240716,1,4,1330.9,437.44,8.11,11.75,27.83
659,20241220,4,30,1484.83,456.38,8.43,8.33,33.16
660,20241129,1,2,2069.48,672.08,6.51,19.35,28.81
661,20241226,3,211,1503.54,449.14,9.44,13.0,35.32
662,20240502,1,160,134.15,45.28,0.67,1.6,25.62
663,20240414,1,41,2096.94,693.67,5.78,9.15,27.3
664,20250217,4,136,2015.7,613.01,7.9,22.25,33.97
665,20250421,4,128,1234.05,385.57,7.21,12.34,31.89
666,20241218,1,71,1884.16,592.68,11.19,10.4,31.36
667,20240819,5,159,395.65,130.28,2.39,3.22,27.68
668,20250118,1,71,2351.48,763.95,11.94,11.56,28.78
669,20240608,1,2,1468.13,478.9,4.0,20.11,28.45
670,20240226,5,230,2080.65,697.85,9.41,17.29,26.15
671,20241108,2,97,1411.54,431.14,3.9,10.23,33.64
672,20240910,3,225,1039.5,327.57,3.12,4.46,31.22
673,20240704,2,19,836.64,251.56,4.51,9.15,34.83
674,20241117,1,199,202.96,66.98,1.01,2.33,27.49
675,20240305,1,169,2338.84,783.89,13.72,16.2,26.21
676,20240513,1,133,1183.51,411.58,6.99,12.09,23.06
677,20250107,1,54,2374.72,796.2,11.97,31.67,26.18
678,20240911,4,11,690.22,218.66,1.86,4.55,30.8
679,20240810,1,77,138.63,47.02,0.82,1.51,25.2
680,20240728,5,249,1864.87,612.87,8.78,16.63,27.84
681,20250308,5,51,1140.67,361.64,5.29,5.21,30.74
682,20250227,1,169,2580.43,848.96,7.42,28.22,27.75
683,20250219,4,214,900.66,298.66,5.79,5.52,27.1
684,20251016,1,20,2114.39,661.3,6.79,16.22,31.81
685,20251124,5,29,1891.37,574.83,6.3,16.39,34.02
686,20251113,4,150,106.36,31.88,0.56,0.9,35.07
687,20240229,5,159,524.38,181.0,3.1,6.55,23.71
688,20240818,4,158,1156.83,372.36,6.48,9.43,29.53
689,20240124,4,163,1566.17,537.26,7.64,19.5,24.24
690,20250517,2,19,1025.63,279.71,6.55,9.19,41.82
691,20251020,3,23,1751.89,537.06,8.65,7.52,33.36
692,20240215,4,162,856.97,297.75,5.18,4.89,23.14
693,20250330,1,18,1303.14,424.15,5.86,6.68,28.63
694,20250112,5,66,105.8,33.75,0.59,0.44,30.24
695,20250421,2,107,364.66,105.49,2.27,4.61,37.68
696,20240818,1,86,1656.41,528.59,8.41,21.62,30.22
697,20250310,2,197,1633.87,476.24,7.66,19.58,37.13
698,20250307,1,142,510.64,164.47,1.31,2.33,29.48
699,20250707,1,125,1216.29,395.34,6.42,11.72,28.74
700,20251015,5,149,1626.75,513.14,10.37,12.17,31.14
701,20250922,1,154,1428.8,440.98,5.9,11.62,32.84
702,20241225,4,1,1703.41,533.71,4.59,23.59,31.67
703,20240929,1,231,1621.35,530.7,9.53,16.62,28.17
704,20250105,3,28,871.44,269.17,3.01,9.37,32.78
705,20240809,5,137,687.33,223.82,3.25,5.78,28.59
706,20240725,1,154,1518.62,516.27,4.86,15.3,25.01
707,20240214,1,145,183.88,65.68,0.47,2.16,20.7
708,20240418,3,202,130.67,42.49,0.33,0.82,28.7
709,20241005,5,34,734.72,231.5,4.46,9.05,31.23
710,20250624,2,84,329.42,94.31,1.91,4.44,38.43
711,20240811,3,38,1495.63,487.52,8.42,11.93,28.51
712,20240703,5,73,130.37,42.56,0.79,0.7,28.38
713,20250726,1,223,2016.0,627.14,8.91,14.69,32.23
714,20250616,2,67,79.09,21.65,0.33,0.32,41.55
715,20250530,5,234,1383.48,438.12,7.51,14.78,30.83
716,20240220,1,63,577.61,192.53,3.33,7.0,26.67
717,20250731,1,246,430.25,138.85,1.74,4.46,29.32
718,20240223,4,170,920.32,299.91,5.71,8.68,28.53
719,20241123,1,196,1140.3,387.2,5.29,7.97,25.11
720,20251217,4,208,732.76,217.63,2.3,4.99,35.75
721,20240223,5,187,569.83,189.05,3.17,7.8,27.06
722,20250224,1,248,2093.9,664.44,13.41,23.01,30.67
723,20250330,4,173,802.18,258.75,3.55,4.56,29.36
724,20250103,1,199,186.13,62.69,1.11,1.62,25.8
725,20251031,2,107,346.85,96.81,2.01,2.43,40.22
726,20250117,1,63,559.85,181.59,1.61,7.53,28.91
727,20250425,3,14,1502.34,450.76,4.59,17.53,34.99
728,20250708,2,250,860.26,248.0,2.6,7.79,37.93
729,20240928,5,34,853.38,267.28,3.71,7.72,31.7
730,20251113,5,34,1071.64,327.84,5.29,6.61,33.52
731,20250513,1,135,133.02,42.37,0.55,1.22,30.37
732,20250518,4,30,1508.01,470.56,9.7,14.13,31.99
733,20250621,1,229,1346.06,429.39,5.92,14.44,30.25
734,20250324,2,57,734.74,208.78,2.96,4.91,38.96
735,20240829,2,52,81.74,24.14,0.43,0.46,36.17
736,20251218,1,27,2123.43,661.92,11.91,15.97,32.07
737,20240715,1,135,152.98,49.98,0.66,0.85,28.33
738,20250809,1,223,1746.71,551.96,9.27,20.58,31.0
739,20250605,5,7,126.96,40.27,0.43,0.67,30.71
740,20250203,4,173,789.43,253.69,4.21,10.74,29.66
741,20250309,1,147,1343.81,457.11,7.92,8.43,24.96
742,20240606,1,39,1833.62,618.08,5.07,10.23,25.73
743,20250427,1,93,2052.12,652.74,11.77,22.79,30.48
744,20241213,1,27,2158.73,717.39,7.82,20.49,26.92
745,20240708,1,43,1486.51,493.94,7.27,11.36,26.93
746,20240822,5,188,96.34,33.67,0.34,0.95,22.63
747,20240508,3,190,755.39,253.54,1.93,4.46,26.09
748,20250711,3,244,291.05,88.98,1.63,2.67,33.57
749,20240126,2,8,866.29,272.6,3.62,6.84,31.33
750,20240505,2,228,1155.87,346.53,6.84,12.18,35.05
751,20250426,1,218,1048.76,353.68,5.23,11.18,25.69
752,20251114,3,127,918.28,259.25,5.77,6.16,39.42
753,20240626,3,225,1326.26,406.58,4.41,11.85,33.36
754,20240323,1,125,1794.72,621.04,5.41,11.64,23.49
755,20250125,3,28,835.62,262.28,3.95,9.81,31.53
756,20240330,2,92,356.47,109.19,2.22,4.58,33.42
757,20251128,3,167,971.22,284.26,3.73,6.47,36.83
758,20251223,4,139,123.61,37.5,0.62,1.01,34.15
759,20250502,3,165,1383.08,441.53,5.65,13.64,30.19
760,20240524,1,118,174.47,59.15,0.89,1.55,25.24
761,20240622,1,227,1491.14,518.26,5.62,11.46,23.11
762,20240709,1,125,1209.45,398.01,6.44,8.18,27.73
763,20240821,5,73,101.53,35.18,0.61,0.55,23.38
764,20240908,1,113,1607.91,523.41,4.43,12.03,28.62
765,20250302,4,156,1316.33,409.06,8.32,6.17,32.31
766,20251118,2,250,1063.2,288.94,5.64,7.23,42.06
767,20250906,1,179,1846.34,576.13,7.61,12.33,31.99
768,20240627,5,222,452.31,150.67,1.2,2.55,26.72
769,20240914,1,196,925.01,301.29,5.03,6.73,28.57
770,20251110,1,122,1792.07,540.2,10.61,12.45,34.64
771,20251128,3,21,833.57,245.67,5.0,9.5,36.32
772,20250624,1,179,2213.7,719.19,10.64,25.28,28.78
773,20240716,1,166,1411.3,469.57,8.97,7.44,26.82
774,20241017,1,111,137.05,44.39,0.63,1.18,29.03
775,20250217,4,232,1148.24,360.96,5.48,11.18,31.41
776,20250224,1,223,2294.58,752.71,9.13,26.66,27.99
777,20250401,1,20,1952.27,635.11,6.29,12.35,28.67
778,20240614,4,30,1250.67,389.21,3.29,6.22,32.2
779,20250228,3,219,125.01,37.24,0.41,1.48,35.53
780,20250417,1,61,1954.42,616.74,11.71,15.52,31.11
781,20250619,1,194,116.26,38.66,0.5,0.95,26.86
782,20250614,1,77,128.25,41.22,0.56,0.78,29.65
783,20241012,2,82,106.24,31.26,0.66,0.78,36.45
784,20250801,3,165,1358.49,407.71,6.84,16.6,34.97
785,20240502,3,15,862.15,271.99,4.16,5.51,31.13
786,20250727,1,245,1290.73,408.7,5.16,8.34,30.84
787,20250221,4,124,133.13,42.39,0.35,1.56,30.4
788,20251229,4,208,926.76,275.21,4.35,10.62,35.76
789,20240411,1,106,1833.86,613.32,11.71,17.61,26.39
790,20251207,4,209,409.43,119.0,1.89,1.7,37.34
791,20240405,5,81,1684.22,567.45,9.37,10.19,25.77
792,20241117,5,180,1741.62,558.43,10.09,17.55,29.84
793,20241223,5,117,1045.91,345.07,5.24,8.46,27.52
794,20250515,1,177,131.99,44.12,0.82,1.56,26.43
795,20241027,4,136,1486.65,478.58,4.77,15.73,29.52
796,20250725,5,189,1353.0,421.81,5.07,13.07,32.06
797,20250223,2,12,665.48,200.28,3.1,8.62,34.76
798,20240324,4,221,819.37,268.39,2.75,9.46,28.11
799,20250503,2,8,675.25,194.53,4.0,3.29,37.98
800,20240302,3,202,139.14,45.36,0.43,1.15,28.5
801,20251009,5,33,1807.51,578.48,9.76,7.32,29.99
802,20240528,3,36,90.68,28.11,0.28,1.26,32.5
803,20251021,5,187,468.76,145.33,1.39,6.1,32.49
804,20250513,1,191,119.83,38.48,0.35,1.17,29.73
805,20240706,1,135,118.07,40.45,0.56,0.6,24.35
806,20250609,5,130,336.37,103.92,2.17,3.25,32.76
807,20240626,3,99,1070.4,351.56,4.59,14.74,27.89
808,20240610,5,175,110.41,37.14,0.5,1.39,25.9
809,20250825,1,157,1953.44,600.02,7.74,20.11,33.21
810,20240710,5,91,1075.38,351.61,3.06,11.16,28.26
811,20250102,1,79,2313.09,742.04,14.62,24.74,29.8
812,20250924,1,196,1146.31,366.54,3.03,6.48,30.06
813,20241008,4,128,1187.92,378.85,5.35,12.9,30.27
814,20240612,3,22,1278.38,396.66,7.76,8.14,32.43
815,20250716,1,71,1883.4,586.04,11.1,20.23,32.21
816,20240208,5,91,1813.69,613.03,9.56,22.0,25.5
817,20250417,1,77,119.77,38.17,0.44,1.54,30.33
818,20240506,1,135,150.06,52.7,0.74,1.22,22.2
819,20250119,4,144,1552.53,485.82,5.02,6.52,31.77
820,20250711,5,131,1073.93,333.69,6.25,12.35,32.32
821,20251227,1,154,1935.4,583.48,11.7,12.69,34.63
822,20240617,1,177,168.0,56.13,0.59,0.97,26.47
823,20240421,4,120,1255.6,417.46,5.33,5.72,26.88
824,20250831,2,48,90.84,25.09,0.35,0.55,40.95
825,20240419,4,232,1057.54,349.5,3.19,13.88,27.38
826,20241129,4,116,778.12,239.75,3.64,6.04,32.97
827,20240216,1,41,2294.33,804.67,12.53,16.39,22.32
828,20241015,2,83,966.39,289.41,4.05,5.81,35.13
829,20250617,1,227,1469.45,463.35,8.69,10.85,31.17
830,20250503,4,80,1242.34,408.08,7.09,10.47,27.88
831,20251005,2,19,980.98,274.99,4.54,6.4,39.92
832,20250701,3,14,1183.78,354.0,3.09,6.43,35.24
833,20241120,5,187,501.1,158.87,1.27,2.45,30.74
834,20241104,1,88,186.28,63.18,1.04,2.44,25.21
835,20251213,1,248,2305.6,700.53,8.21,23.84,34.04
836,20251003,4,45,726.98,221.44,4.08,7.86,33.85
837,20250125,1,37,1941.42,651.93,9.08,19.07,26.05
838,20240510,1,88,183.54,59.12,0.73,2.32,29.47
839,20241127,5,155,120.78,38.73,0.57,1.54,29.84
840,20250211,1,153,1703.0,531.81,9.5,7.74,31.93
841,20240326,1,194,129.25,44.59,0.77,0.93,23.76
842,20240324,3,226,361.62,117.82,2.07,2.08,28.55
843,20251102,3,17,133.17,38.82,0.37,1.64,37.13
844,20240823,3,36,108.36,33.81,0.59,1.35,31.99
845,20240201,1,75,2068.57,739.31,6.37,11.23,20.65
846,20251115,4,120,1314.73,403.15,4.44,10.14,33.34
847,20240207,5,85,900.25,308.1,5.07,6.82,24.44
848,20250224,3,78,1506.3,484.61,4.78,15.21,29.57
849,20240112,1,220,2440.37,832.46,8.89,13.3,24.72
850,20241015,5,180,1803.26,582.67,5.18,10.63,29.22
851,20241017,5,155,114.03,36.1,0.74,1.23,30.86
852,20240517,3,10,772.8,251.56,4.01,6.3,28.62
853,20240515,4,176,107.29,33.86,0.54,0.52,31.11
854,20241128,4,162,810.54,267.35,4.49,8.22,27.54
855,20241225,1,37,1631.22,544.57,9.93,15.92,26.54
856,20250909,4,170,769.5,235.99,3.07,9.87,33.33
857,20240516,5,234,1497.1,490.57,9.13,17.64,28.08
858,20240325,4,178,396.79,131.8,1.27,5.53,26.96
859,20250704,1,18,926.67,280.82,5.22,4.94,34.24
860,20250723,3,134,671.67,196.02,2.39,6.29,37.04
861,20251104,5,230,1485.3,461.51,3.84,19.19,32.32
862,20240413,1,86,1934.46,667.93,6.38,13.46,23.68
863,20240701,1,218,848.16,284.95,3.28,5.21,26.01
864,20250606,3,22,1174.31,358.96,7.25,6.79,33.58
865,20250705,3,100,994.47,297.07,2.57,9.93,35.32
866,20250719,2,95,854.75,242.34,3.94,8.1,39.12
867,20251209,2,228,1504.0,406.14,7.99,13.54,42.49
868,20251001,3,148,1165.14,333.28,7.19,7.53,38.49
869,20240619,3,105,1243.39,399.73,4.07,15.96,29.63
870,20240523,1,142,543.08,179.0,2.62,2.9,27.6
871,20240418,1,210,515.13,171.27,2.08,2.83,26.88
872,20251119,3,22,1324.81,394.05,4.36,12.8,35.64
873,20250506,5,155,123.21,38.51,0.5,0.85,31.86
874,20250412,1,9,127.53,41.47,0.44,1.65,28.7
875,20240923,5,117,822.28,262.27,2.69,4.41,30.26
876,20250722,1,181,1616.32,529.77,7.76,7.26,28.06
877,20240413,2,3,525.97,162.82,1.51,5.62,32.61
878,20240615,3,127,748.06,235.49,2.49,6.62,31.3
879,20250926,5,189,1614.39,536.04,7.82,19.42,26.99
880,20250206,4,62,1420.43,444.71,3.9,5.85,31.73
881,20251115,3,202,118.02,36.33,0.56,0.95,33.04
882,20250715,1,126,1465.37,476.89,3.87,8.85,28.64
883,20251010,1,145,169.94,53.6,0.96,1.1,31.15
884,20240404,5,222,395.79,133.4,1.55,3.49,25.74
885,20241223,3,134,960.86,295.91,2.95,5.87,33.01
886,20240313,5,234,1796.24,609.72,8.56,16.47,25.14
887,20250210,1,246,551.66,179.49,2.96,4.34,28.66
888,20241209,2,204,1305.3,377.39,7.36,5.3,37.72
889,20240711,2,195,830.39,252.8,3.59,8.62,33.89
890,20250629,1,39,1817.11,582.13,7.07,9.22,29.91
891,20250603,2,26,299.46,84.05,1.44,3.06,39.83
892,20240608,5,155,118.5,39.43,0.66,1.26,26.82
893,20240911,3,49,1001.09,305.69,5.09,4.86,33.66
894,20250529,4,120,1103.11,350.48,6.28,7.82,30.57
895,20241201,5,131,1846.72,588.88,10.66,23.99,30.28
896,20250308,2,26,415.16,119.58,2.2,4.23,37.99
897,20240111,1,133,1814.68,632.09,9.18,17.02,22.92
898,20250929,1,39,1646.17,527.83,8.84,8.61,29.84
899,20240204,1,224,1709.94,578.85,6.39,20.57,25.37
900,20250304,4,243,869.93,272.88,5.33,4.64,31.58
901,20250627,1,153,1573.65,498.41,8.6,15.75,30.82
902,20240911,3,127,659.17,207.08,4.19,6.4,31.46
903,20250412,2,228,1257.38,351.92,6.31,9.67,40.03
904,20251013,2,87,1449.96,410.86,4.55,18.35,39.16
905,20250718,1,126,1783.08,546.83,4.86,15.72,33.33
906,20240924,5,174,109.34,36.77,0.36,0.72,25.93
907,20240115,4,158,1518.62,505.52,5.15,7.43,26.78
908,20240913,4,239,363.95,117.37,1.53,3.56,29.38
909,20250408,4,109,1510.5,450.73,6.37,16.84,35.4
910,20251109,1,75,2073.42,673.2,11.18,19.46,28.83
911,20240510,4,121,398.48,130.97,1.4,2.47,27.83
912,20250621,3,10,748.0,231.91,2.86,8.62,32.49
913,20250821,5,149,1358.17,436.52,4.91,9.54,29.65
914,20250709,1,192,891.75,279.55,4.5,9.93,31.63
915,20250801,5,137,750.34,236.87,2.12,3.51,31.08
916,20250317,1,2,2205.47,719.07,12.15,8.94,28.49
917,20250820,3,23,1339.6,403.43,3.45,15.69,34.71
918,20241222,1,179,2483.25,791.36,6.42,26.75,30.33
919,20240914,5,180,1917.94,604.84,5.8,12.0,31.16
920,20250430,1,160,141.39,46.12,0.57,1.25,28.45
921,20250919,3,17,93.27,27.86,0.47,1.21,35.33
922,20250710,1,61,1495.19,484.2,3.96,20.82,29.04
923,20250630,2,197,1084.15,312.41,5.96,7.83,37.96
924,20250720,1,58,1335.04,419.15,4.55,11.94,31.51
925,20250316,1,179,2482.65,785.21,10.63,24.49,30.93
926,20250825,4,120,862.07,272.0,2.44,6.87,31.12
927,20240203,2,95,1134.87,348.36,5.49,15.01,33.26
928,20251127,1,89,2645.98,852.22,13.84,24.98,29.48
929,20250425,1,223,2412.79,789.56,9.51,22.2,28.19
930,20251113,3,168,101.7,31.34,0.33,0.56,32.95
931,20240930,1,169,2089.16,720.84,8.15,26.85,23.74
932,20250312,5,184,130.07,41.9,0.71,1.78,29.46
933,20251021,5,59,1452.28,454.16,5.87,15.5,31.82
934,20251226,2,110,1258.72,347.36,4.56,16.88,41.01
935,20250327,2,95,1391.69,412.61,4.79,11.25,35.88
936,20250919,5,174,106.02,32.43,0.53,0.94,33.53
937,20241207,1,166,2356.74,779.33,8.54,29.59,27.33
938,20240624,1,2,1609.24,519.72,6.25,12.03,29.26
939,20240125,1,18,1279.63,436.92,7.53,15.78,24.64
940,20241207,3,193,95.58,30.03,0.52,1.2,31.45
941,20250413,3,103,110.38,33.92,0.36,0.45,33.17
942,20250625,3,148,1081.81,323.37,4.93,11.46,35.27
943,20241216,2,95,1394.52,402.51,6.58,10.64,37.84
944,20250121,1,118,186.45,60.77,1.14,1.36,28.52
945,20250919,3,134,833.92,252.34,2.85,8.15,34.35
946,20240214,1,20,2186.24,758.1,6.89,21.34,23.31
947,20250717,4,152,353.61,106.85,1.56,4.67,34.46
948,20240310,1,231,1952.87,669.44,10.3,21.53,24.3
949,20250330,2,48,124.91,35.78,0.36,0.73,38.39
950,20250404,4,109,1354.47,422.65,6.75,9.15,31.99
951,20250421,5,117,802.78,256.25,2.32,7.46,30.2
952,20250417,1,194,119.01,37.83,0.37,1.03,30.54
953,20240717,1,89,2262.96,768.14,13.63,16.1,25.14
954,20250807,4,152,364.79,112.02,1.68,3.81,33.23
955,20250803,2,42,71.5,21.19,0.27,0.35,35.91
956,20241121,1,194,161.44,51.31,0.62,1.0,30.54
957,20241221,3,127,778.14,251.77,2.67,5.18,29.11
958,20251218,1,160,160.4,48.45,0.71,1.98,34.49
959,20251204,2,55,701.21,201.58,4.09,5.98,38.13
960,20240725,3,28,601.27,196.81,3.12,7.97,28.17
961,20251105,2,172,1342.83,374.17,6.62,11.38,40.34
962,20241102,3,167,797.67,248.46,2.73,8.69,32.13
963,20250403,5,53,920.46,293.66,4.37,10.66,30.24
964,20251220,3,138,1391.88,395.57,3.78,6.97,38.95
965,20240405,3,202,119.38,38.09,0.3,1.5,30.23
966,20240831,4,136,1105.46,352.24,6.24,5.95,30.34
967,20240523,3,211,1137.63,363.22,4.48,10.37,30.18
968,20241129,1,237,1680.41,561.46,5.9,10.18,26.47
969,20241003,1,5,1493.46,492.24,7.8,10.88,27.6
970,20250914,2,204,1246.86,350.02,4.21,15.78,39.82
971,20240922,1,185,138.19,45.51,0.7,0.99,27.67
972,20250304,3,36,124.17,37.77,0.42,1.5,33.95
973,20240207,3,138,1304.12,442.57,6.18,16.78,25.16
974,20250613,5,7,103.11,32.22,0.3,0.58,31.89
975,20240327,2,242,715.45,218.64,2.64,9.39,33.6
976,20241106,1,192,1011.86,338.93,3.4,10.82,26.26
977,20251005,2,250,1179.06,331.88,6.07,5.57,39.63
978,20240412,5,91,1423.67,485.64,8.08,17.84,24.72
979,20240608,5,234,1591.89,525.83,9.73,13.16,27.42
980,20250215,3,167,1051.54,332.41,6.57,6.91,30.97
981,20240424,1,153,1664.38,558.7,5.78,21.95,26.08
982,20240327,1,39,2254.61,782.71,11.16,13.83,23.21
983,20250626,2,42,71.46,19.73,0.2,0.66,40.97
984,20251217,1,135,160.27,47.79,0.56,1.6,35.46
985,20241211,4,116,833.16,275.74,4.19,5.45,27.26
986,20240505,5,130,404.91,138.69,2.0,3.73,24.37
987,20241010,4,247,982.72,313.33,3.02,12.39,30.29
988,20240912,2,55,501.49,140.62,3.23,2.29,39.9
989,20241120,5,184,128.72,42.07,0.78,1.03,28.29
990,20250211,5,175,142.41,45.22,0.83,1.49,30.62
991,20251020,2,83,960.8,267.14,5.53,12.88,40.49
992,20241019,1,153,1853.71,617.8,8.46,14.08,26.68
993,20250904,1,142,454.67,136.26,1.35,4.16,35.08
994,20241026,2,67,101.49,30.21,0.57,0.76,35.58
995,20251204,4,232,1250.78,386.19,7.23,16.13,32.81
996,20250207,2,82,102.17,30.77,0.58,0.52,34.7
997,20250725,3,235,795.59,242.34,1.99,4.36,33.85
998,20240820,1,58,1639.59,536.93,8.35,13.54,28.13
999,20240325,4,46,887.71,299.05,4.27,4.52,25.78
1000,20251210,1,54,1810.9,568.19,9.37,21.18,31.56
1001,20250715,4,170,736.38,219.53,1.94,5.77,35.47
1002,20251108,4,109,1804.55,539.78,9.52,15.34,35.22
1003,20251029,1,153,1555.24,483.0,8.33,16.17,32.36
1004,20240129,4,121,542.7,180.07,3.01,3.62,27.05
1005,20240515,3,105,1184.3,368.65,3.2,15.69,32.18
1006,20240716,1,75,1930.57,647.05,11.1,25.44,26.21
1007,20251219,1,39,2626.08,825.74,11.1,28.67,31.39
1008,20250315,1,185,167.37,53.75,0.49,1.31,29.71
1009,20241004,3,105,1290.21,408.02,7.61,13.38,30.94
1010,20250409,2,56,274.19,80.45,1.2,3.29,36.65
1011,20250506,2,114,602.81,172.86,3.06,5.57,38.31
1012,20241125,3,138,1385.93,436.68,8.99,11.26,31.23
1013,20250417,2,195,1182.77,336.33,6.28,9.17,38.91
1014,20241228,1,171,192.35,63.16,0.81,1.61,27.91
1015,20240329,4,239,407.98,132.56,1.93,4.3,28.77
1016,20251127,4,247,1065.62,320.54,5.91,13.34,34.8
1017,20250623,4,1,1033.19,318.76,3.25,8.1,32.87
1018,20240112,4,128,1391.69,473.4,8.4,9.34,24.96
1019,20240805,3,165,1032.12,326.03,5.0,8.76,31.03
1020,20250417,2,238,97.71,27.53,0.47,1.1,39.55
1021,20250928,4,69,541.14,167.36,2.44,3.3,32.68
1022,20251010,5,130,348.42,108.8,1.92,1.83,31.93
1023,20240829,1,111,145.67,49.88,0.49,2.02,24.39
1024,20250327,5,175,158.93,51.25,1.01,0.93,29.38
1025,20250511,2,19,934.88,278.11,3.5,9.9,35.63
1026,20250814,5,29,1526.27,497.75,7.59,19.09,28.47
1027,20241213,1,58,2142.22,723.56,8.63,16.72,25.56
1028,20250803,1,248,2014.09,645.56,5.47,9.6,29.87
1029,20241016,4,239,318.14,98.69,1.23,4.09,32.45
1030,20240829,3,40,1525.11,490.84,4.3,20.62,29.54
1031,20250627,1,177,135.48,42.63,0.7,0.9,31.34
1032,20250821,4,136,1498.42,456.24,7.91,9.46,33.88
1033,20251231,2,114,887.45,251.47,3.97,11.21,39.16
1034,20251026,3,22,1205.89,362.59,4.55,5.19,34.83
1035,20250119,5,137,1049.13,339.67,2.74,4.26,29.06
1036,20250613,4,124,79.42,24.84,0.47,0.87,31.81
1037,20250113,4,120,1180.71,357.71,7.11,9.95,34.26
1038,20251217,1,71,1892.49,581.75,12.17,8.81,33.15
1039,20251125,1,5,1690.73,533.93,5.32,11.74,31.05
1040,20250530,1,106,1364.87,434.68,4.98,17.38,30.38
1041,20241001,4,203,1066.95,329.82,5.6,14.76,32.72
1042,20250904,2,183,551.28,156.59,2.31,5.17,38.99
1043,20240528,1,218,911.28,306.63,4.65,5.03,25.88
1044,20240927,5,175,135.27,44.82,0.47,1.8,27.17
1045,20240605,1,151,429.43,145.89,2.13,5.83,25.07
1046,20251001,2,24,603.79,175.17,3.24,3.98,37.47
1047,20241216,2,83,1111.71,322.17,6.99,5.99,37.55
1048,20251226,1,169,2326.91,746.66,9.28,24.56,29.78
1049,20250615,2,217,74.02,21.72,0.48,0.35,36.64
1050,20240526,4,101,263.89,83.57,1.5,1.13,30.83
1051,20250411,3,193,89.59,28.26,0.45,0.46,31.14
1052,20240725,1,71,1408.56,468.88,6.61,13.01,26.78
1053,20250227,4,208,848.89,262.92,2.48,6.73,32.57
1054,20250226,5,66,115.41,37.73,0.67,1.11,28.28
1055,20250527,2,228,1002.13,286.09,4.67,13.52,38.63
1056,20240710,3,17,103.39,33.4,0.39,0.55,29.23
1057,20240830,1,154,1426.29,492.75,5.94,15.93,23.63
1058,20240902,2,12,570.78,166.55,2.19,3.29,37.05
1059,20240916,3,99,1021.81,317.58,4.6,4.93,32.3
1060,20251215,5,155,124.46,39.83,0.55,1.45,30.0
1061,20240909,1,77,124.32,41.72,0.75,1.16,26.1
1062,20240930,4,247,921.3,302.41,5.15,9.82,27.94
1063,20250902,2,250,945.09,268.52,5.78,8.17,38.97
1064,20250523,1,20,1919.18,591.49,6.33,21.92,32.95
1065,20250610,4,161,334.43,103.49,1.35,3.6,32.64
1066,20250220,2,42,104.52,30.26,0.28,1.22,37.62
1067,20240309,1,113,1662.01,570.2,4.74,21.51,24.23
1068,20250621,2,25,63.79,18.8,0.36,0.79,36.34
1069,20240209,2,92,464.57,141.43,1.46,2.73,33.89
1070,20241012,4,136,1357.96,441.55,5.43,6.31,28.71
1071,20250424,4,178,308.53,93.03,1.21,3.39,34.62
1072,20251203,4,30,1558.05,494.77,8.92,10.65,30.61
1073,20250314,1,154,1931.48,625.18,5.6,14.55,29.08
1074,20250604,4,203,872.51,266.74,5.44,8.15,33.57
1075,20240211,2,217,96.46,29.81,0.6,0.66,32.74
1076,20240215,2,228,1281.47,396.28,6.15,17.09,32.69
1077,20250508,1,37,1812.97,581.46,8.95,9.94,29.82
1078,20250901,3,236,338.54,97.03,1.08,4.2,38.35
1079,20251006,2,35,1237.75,340.53,6.77,9.64,41.22
1080,20240210,3,127,839.63,273.95,2.67,4.24,28.43
1081,20241008,4,45,691.2,216.79,4.02,6.19,31.59
1082,20240722,5,155,103.69,33.57,0.56,0.8,29.07
1083,20240901,1,237,1343.19,425.25,4.09,11.42,30.85
1084,20250301,4,205,138.54,43.4,0.77,1.01,31.69
1085,20250806,1,220,1822.05,569.65,7.85,10.83,31.84
1086,20240315,4,232,1180.15,384.02,5.51,13.03,28.65
1087,20240513,4,11,686.89,221.67,2.96,2.75,29.32
1088,20240816,5,188,110.46,36.31,0.35,0.73,27.82
1089,20250110,4,161,331.91,102.64,1.89,3.29,32.69
1090,20240818,1,147,796.17,266.53,5.02,3.46,26.31
1091,20240217,1,118,192.13,66.39,0.58,1.48,23.61
1092,20250930,2,35,1130.4,320.72,4.84,8.12,39.07
1093,20240122,3,23,1616.27,529.36,7.01,9.39,28.12
1094,20240723,2,35,1197.68,363.76,5.38,13.14,34.07
1095,20250525,5,249,1456.89,449.3,8.46,7.19,32.9
1096,20250122,2,3,795.41,237.67,4.83,7.7,35.3
1097,20241011,4,150,120.94,39.19,0.47,1.03,28.99
1098,20240909,5,189,1531.19,501.43,5.78,6.2,28.13
1099,20251006,3,98,1781.51,529.18,7.61,12.68,35.74
1100,20250702,5,159,428.5,133.38,2.0,2.89,32.18
1101,20241009,1,201,1163.2,379.2,6.3,5.1,28.5
1102,20250118,4,141,484.39,152.25,2.22,6.03,31.42
1103,20240424,1,5,1351.27,454.46,5.2,15.86,25.92
1104,20240612,4,1,1112.14,372.39,5.62,15.42,26.29
1105,20240303,2,31,869.03,265.12,4.44,7.62,33.73
1106,20250626,2,115,1132.56,329.03,5.95,15.34,37.37
1107,20240308,3,13,1504.92,483.32,9.61,12.85,29.71
1108,20240426,2,57,648.07,193.64,2.24,8.49,35.3
1109,20241207,3,103,131.4,42.67,0.54,0.56,28.82
1110,20250118,5,149,1814.89,604.94,10.5,11.72,26.67
1111,20251123,1,227,1482.99,471.35,7.54,8.98,30.54
1112,20251211,4,203,1045.89,303.64,5.49,5.66,37.42
1113,20250512,2,217,63.89,18.68,0.36,0.51,36.91
1114,20240308,3,23,1620.31,508.19,4.18,15.02,31.59
1115,20250609,3,94,520.24,153.74,2.3,2.87,36.12
1116,20250613,1,5,1381.43,449.79,5.85,18.12,28.6
1117,20250617,4,45,611.21,186.35,2.06,6.44,33.78
1118,20250416,1,179,2319.94,745.44,7.55,23.15,29.67
1119,20240520,2,115,1283.35,406.57,4.39,12.86,30.8
1120,20240522,5,149,1216.49,408.69,3.51,10.73,26.01
1121,20250902,3,94,730.52,224.91,3.72,9.64,33.03
1122,20250603,2,107,313.39,88.86,1.01,4.19,39.11
1123,20240702,3,40,1259.26,407.4,5.19,7.78,29.12
1124,20240218,1,185,165.4,57.1,0.63,1.42,23.7
1125,20250824,1,145,156.71,50.22,0.67,1.63,29.88
1126,20240402,1,227,1907.61,651.26,5.42,21.52,24.65
1127,20240119,3,127,1021.08,319.84,6.3,11.22,31.69
1128,20250810,4,121,368.32,110.38,2.14,4.46,35.08
1129,20241014,1,93,2012.28,682.08,6.44,11.34,25.26
1130,20241125,2,212,1375.18,408.92,8.6,14.16,35.66
1131,20250516,3,15,1137.7,352.0,3.85,12.29,32.65
1132,20240417,5,184,104.39,33.95,0.3,1.08,28.69
1133,20240304,1,77,145.58,48.55,0.86,1.16,26.63
1134,20250325,2,87,1614.52,468.6,6.47,20.94,37.44
1135,20241119,4,101,388.95,120.5,1.74,3.96,32.55
1136,20240601,2,204,1161.32,349.6,7.45,10.14,34.74
1137,20240119,5,76,870.91,299.42,3.66,7.87,24.05
1138,20240817,3,99,962.22,303.91,3.48,11.11,31.04
1139,20250223,4,141,419.27,135.73,2.57,3.33,29.07
1140,20241212,3,236,561.59,175.76,1.64,7.75,31.76
1141,20240108,4,124,120.72,40.46,0.34,1.57,26.22
1142,20251218,2,19,1250.22,345.61,3.95,6.33,40.89
1143,20250304,3,100,1633.55,495.1,5.89,12.49,34.23
1144,20251102,1,20,1998.85,638.67,9.16,11.09,30.12
1145,20240712,1,147,1031.09,354.04,6.48,13.71,24.16
1146,20240310,5,230,1614.6,536.37,9.18,7.52,26.95
1147,20240131,1,245,2245.65,774.84,11.08,9.68,23.74
1148,20250718,4,162,487.36,148.49,2.1,5.34,33.83
1149,20240711,4,209,290.89,92.54,1.25,1.95,30.47
1150,20240422,1,177,167.56,56.41,1.06,2.25,25.83
1151,20240227,3,99,1472.87,478.39,7.69,7.78,28.8
1152,20240717,4,109,1401.5,443.66,8.33,16.82,30.86
1153,20250819,1,47,1458.73,485.0,6.38,12.11,26.88
1154,20250820,4,208,539.83,171.39,3.07,4.66,30.63
1155,20240703,4,45,654.95,208.64,2.95,7.43,30.36
1156,20240306,1,224,1625.48,549.48,6.52,14.3,25.49
1157,20251220,4,141,357.54,108.28,2.25,4.58,34.29
1158,20240604,1,39,1936.54,643.71,8.44,22.88,26.9
1159,20250524,1,5,1555.91,485.13,8.53,19.72,32.05
1160,20250528,1,43,1491.81,472.96,6.08,11.1,30.74
1161,20240512,2,250,990.63,294.42,6.34,12.73,35.7
1162,20241222,1,37,1932.95,649.08,7.96,10.85,26.05
1163,20250514,3,38,1397.93,422.68,6.12,10.63,34.41
1164,20240811,5,189,1364.05,437.15,6.13,17.06,29.88
1165,20251215,2,114,853.9,241.35,4.01,11.91,39.34
1166,20250914,1,119,508.24,158.96,2.98,5.47,31.81
1167,20241127,3,236,527.35,160.76,1.99,5.27,33.79
1168,20250907,3,22,1071.82,326.09,4.92,6.84,33.94
1169,20241013,1,231,2144.38,732.69,8.9,18.45,24.58
1170,20240319,4,209,444.71,146.99,1.43,5.88,27.37
1171,20250118,4,173,1075.42,335.88,5.15,11.35,31.92
1172,20251214,3,167,957.62,284.18,5.73,8.56,35.81
1173,20251231,2,84,423.69,121.07,1.12,4.29,38.56
1174,20241227,5,187,413.65,136.34,2.21,2.14,27.6
1175,20240310,3,103,123.55,40.21,0.52,1.29,28.64
1176,20250809,3,23,1544.66,457.47,5.41,10.83,35.96
1177,20240719,2,212,887.16,266.57,3.31,9.17,34.88
1178,20250703,1,227,1628.28,495.52,7.42,12.72,33.92
1179,20250911,4,221,633.28,189.38,2.7,2.58,35.24
1180,20250217,2,242,818.57,235.29,4.28,5.92,38.14
1181,20250403,1,122,1293.56,425.79,7.47,10.88,27.71
1182,20240812,1,229,1116.95,366.36,5.97,10.54,28.0
1183,20250617,4,69,676.35,208.05,1.69,2.92,33.1
1184,20251008,1,133,1323.49,411.45,8.04,7.33,32.28
1185,20251201,1,218,1070.4,327.46,3.13,14.88,33.52
1186,20240502,2,212,1080.55,324.51,6.05,5.28,34.92
1187,20241004,2,84,333.19,97.06,2.11,4.34,37.17
1188,20240215,1,4,2311.9,784.75,12.22,14.73,25.14
1189,20251009,3,23,1630.76,477.55,8.5,19.7,36.79
1190,20250518,2,57,651.96,190.03,3.6,4.89,37.13
1191,20251206,3,123,914.16,271.65,2.33,11.9,35.71
1192,20241003,1,41,2384.76,790.79,11.38,17.78,27.1
1193,20240923,4,205,124.75,39.26,0.44,1.68,31.32
1194,20250101,3,17,127.92,40.49,0.65,0.84,30.87
1195,20240305,1,220,2136.39,712.19,8.41,14.73,26.66
1196,20250205,1,125,1771.43,570.97,5.7,8.03,29.42
1197,20250604,5,234,1260.35,383.3,7.47,13.46,33.97
1198,20241031,1,88,169.08,56.39,0.44,1.38,26.62
1199,20250303,1,160,162.25,51.58,1.04,1.24,30.53
1200,20241016,3,28,752.95,237.81,4.02,6.84,31.04
1201,20250607,1,20,1952.66,635.94,5.92,10.55,28.58
1202,20240304,2,48,122.83,37.0,0.42,0.78,34.7
1203,20240302,1,153,1821.38,616.35,11.81,22.07,25.4
1204,20250825,3,15,1129.44,333.18,4.95,15.56,36.25
1205,20251102,3,202,127.98,36.94,0.71,1.77,37.84
1206,20240124,1,185,167.83,57.14,0.47,1.99,24.89
1207,20241220,3,148,1470.87,463.27,9.43,19.59,31.26
1208,20240805,5,59,1336.73,424.76,3.68,11.21,30.56
1209,20240805,3,138,975.34,312.5,4.18,8.54,29.9
1210,20240122,4,128,1425.3,481.52,7.56,13.75,25.54
1211,20250909,2,3,551.6,157.03,3.53,2.22,38.83
1212,20251205,2,55,619.68,168.55,2.72,6.46,42.0
1213,20250125,1,186,2884.1,921.07,13.2,13.15,30.16
1214,20250524,1,41,1660.88,522.38,9.15,6.78,31.37
1215,20240313,5,230,1699.21,553.94,7.44,21.5,28.5
1216,20240530,5,187,406.82,133.44,1.03,2.65,28.0
1217,20251013,2,112,75.38,22.25,0.33,0.4,36.22
1218,20241125,3,219,116.12,37.48,0.63,0.78,29.3
1219,20240501,1,245,1360.0,449.24,5.87,14.94,27.42
1220,20240325,3,99,1157.07,373.36,3.43,9.19,29.33
1221,20251212,3,105,1757.52,532.25,7.72,12.45,34.29
1222,20250820,2,114,714.88,205.34,4.3,5.44,38.19
1223,20240702,2,197,978.31,277.88,4.33,10.97,38.99
1224,20240826,4,173,774.25,250.86,3.92,3.92,29.0
1225,20240407,3,211,1359.65,459.45,7.65,15.98,25.52
1226,20250119,1,185,168.34,55.77,0.84,1.33,27.18
1227,20250724,1,4,1333.26,409.95,3.94,18.62,33.13
1228,20240215,1,18,1181.74,409.78,7.23,12.91,23.31
1229,20250730,4,30,996.58,295.07,4.64,7.66,35.98
1230,20250926,5,81,1448.55,476.11,6.45,17.59,27.83
1231,20251002,4,139,114.46,34.26,0.59,1.57,35.17
1232,20250805,1,248,2261.89,718.74,9.13,13.42,30.56
1233,20250930,2,74,249.37,70.79,1.26,1.49,39.03
1234,20240301,1,248,2297.08,806.18,12.76,18.81,22.26
1235,20250214,1,43,1797.25,587.2,10.98,13.54,28.32
1236,20240504,4,203,1039.41,326.25,4.23,7.37,31.53
1237,20250216,1,132,609.75,205.95,3.46,7.2,25.56
1238,20250726,5,149,1018.77,318.06,4.71,5.02,31.95
1239,20250916,3,226,340.98,101.22,1.84,2.88,35.79
1240,20241002,2,207,604.54,181.82,2.19,7.89,34.81
1241,20250623,3,17,106.77,33.72,0.62,1.13,31.05
1242,20251202,2,26,415.05,114.27,1.36,5.48,41.17
1243,20250121,1,191,181.32,61.71,0.59,1.72,24.91
1244,20250516,1,65,1615.74,525.05,10.26,15.06,28.76
1245,20250416,1,196,1311.45,430.42,5.79,10.72,27.95
1246,20250803,5,222,456.45,142.87,2.02,3.55,31.75
1247,20251130,1,37,2082.15,652.38,7.95,10.63,31.67
1248,20251211,2,12,638.11,176.94,3.23,7.56,40.68
1249,20251109,1,16,1587.08,467.17,7.9,18.98,36.41
1250,20241025,2,31,572.66,170.42,2.11,7.25,35.6
1251,20250907,3,105,1152.48,342.93,4.04,4.67,35.61
1252,20250716,4,232,843.33,252.09,5.37,11.48,35.27
1253,20250412,1,106,1682.98,550.13,5.21,21.6,28.28
1254,20240509,4,120,981.36,332.41,3.63,6.55,25.32
1255,20250901,4,101,317.39,96.02,0.8,1.61,34.37
1256,20251221,2,3,779.16,217.57,2.96,4.95,40.19
1257,20241203,1,113,2138.04,695.38,6.89,13.87,28.69
1258,20240707,3,103,96.92,30.97,0.26,0.4,30.11
1259,20250702,2,112,77.04,21.8,0.46,0.5,39.26
1260,20251229,2,3,600.99,174.46,2.19,4.46,37.43
1261,20250302,1,16,1846.58,585.51,6.36,8.21,30.73
1262,20240811,3,100,998.03,320.49,3.64,10.23,29.72
1263,20240511,4,101,299.09,97.13,1.43,4.14,28.81
1264,20250315,1,166,2191.36,714.47,13.78,22.57,28.49
1265,20250902,2,250,1187.24,314.81,3.61,15.71,43.71
1266,20240105,2,42,114.88,34.65,0.56,0.88,34.59
1267,20250923,3,236,343.39,106.46,1.5,3.73,32.49
1268,20250311,1,65,1942.79,608.25,4.87,7.82,31.73
1269,20240526,3,167,750.32,241.48,3.62,5.26,29.54
1270,20250428,3,168,97.67,28.46,0.45,1.19,37.16
1271,20240218,1,196,1291.35,451.66,4.83,14.16,22.56
1272,20240316,4,176,112.67,37.62,0.65,1.08,26.53
1273,20250317,3,49,1371.75,413.88,5.01,8.21,34.57
1274,20240507,3,103,101.34,32.91,0.36,1.37,28.82
1275,20251107,4,120,1162.61,344.5,5.63,11.68,35.92
1276,20241030,1,147,1062.91,356.67,3.12,13.54,26.11
1277,20240108,5,130,507.99,175.72,2.19,3.27,23.52
1278,20251128,5,33,1669.08,519.55,7.98,23.24,32.18
1279,20240927,3,168,107.86,34.67,0.5,0.49,29.65
1280,20250617,3,10,658.51,207.98,2.73,8.99,31.04
1281,20250623,3,99,1069.19,330.34,5.63,9.98,32.76
1282,20240915,4,152,319.7,107.47,1.15,3.52,25.96
1283,20241008,2,25,72.63,21.73,0.43,0.41,35.19
1284,20240419,5,29,1851.39,649.91,10.1,12.56,22.24
1285,20240122,1,20,2124.5,712.05,6.88,10.79,26.21
1286,20251219,5,188,152.17,47.23,0.6,1.37,32.4
1287,20240429,1,89,2682.01,926.58,9.11,14.05,23.63
1288,20251019,4,11,770.6,230.78,4.42,9.55,35.13
1289,20250626,1,154,1734.23,549.54,10.75,17.04,30.78
1290,20240201,4,209,373.09,125.01,1.08,4.62,26.23
1291,20240905,5,7,115.54,37.19,0.59,1.27,29.53
1292,20240630,1,89,2148.0,698.1,9.08,16.84,28.75
1293,20240630,3,50,323.31,105.84,1.73,3.28,28.16
1294,20240901,2,25,82.33,24.6,0.28,1.15,35.29
1295,20240916,5,117,760.22,248.38,2.3,8.48,28.32
1296,20251219,2,183,822.26,225.89,2.61,4.89,41.32
1297,20250512,1,169,1809.32,591.79,5.97,7.65,28.23
1298,20251014,1,185,133.51,43.94,0.42,0.76,27.72
1299,20240908,4,141,300.39,100.25,1.26,3.94,26.57
1300,20251226,1,194,175.61,53.97,0.85,1.79,33.17
1301,20240517,2,90,101.07,31.36,0.41,0.45,32.42
1302,20250802,1,27,1952.63,593.21,11.58,27.02,34.05
1303,20250831,3,14,1305.21,396.73,5.29,16.87,34.01
1304,20250213,2,242,831.63,240.74,3.32,6.03,37.63
1305,20240712,1,16,1208.68,409.79,6.9,12.59,25.24
1306,20240606,2,140,84.61,24.66,0.36,0.67,37.13
1307,20240916,4,128,1268.64,390.59,3.9,16.16,33.03
1308,20250501,3,127,707.33,209.48,3.1,3.72,35.96
1309,20240103,1,194,168.89,56.06,0.65,2.3,27.02
1310,20240611,1,246,431.81,145.66,1.6,4.57,25.67
1311,20250716,4,80,895.07,272.71,2.79,8.18,33.83
1312,20250401,4,109,1360.42,425.81,8.12,13.97,31.75
1313,20240224,3,36,152.57,48.88,0.77,1.03,29.91
1314,20250911,1,71,1591.6,496.13,4.11,12.28,32.07
1315,20250427,4,162,787.91,243.18,4.7,6.71,32.84
1316,20251022,1,191,114.87,35.1,0.35,1.53,33.61
1317,20240726,1,142,440.14,143.63,2.78,5.52,28.42
1318,20250510,5,189,1616.15,503.98,10.03,7.04,32.04
1319,20240101,4,30,1696.31,557.81,5.4,10.95,27.79
1320,20250603,3,38,1391.14,425.35,3.95,7.59,33.56
1321,20240705,1,135,123.15,40.81,0.77,1.19,27.15
1322,20240731,2,31,551.59,161.02,1.54,6.63,37.02
1323,20250311,5,66,126.75,42.49,0.7,1.51,26.19
1324,20250922,1,194,104.27,32.59,0.46,0.77,31.86
1325,20250531,3,104,107.05,32.69,0.29,0.83,33.66
1326,20240420,1,79,1835.47,611.14,10.08,13.05,26.76
1327,20250726,2,84,294.62,84.3,0.88,2.35,38.47
1328,20240203,2,172,1705.57,541.08,8.14,7.41,30.69
1329,20240525,1,132,426.52,143.96,2.71,2.86,25.62
1330,20241022,2,195,1103.39,319.94,6.77,11.83,37.51
1331,20250105,1,93,1987.24,667.87,8.68,9.1,25.98
1332,20241122,1,224,1761.03,580.72,8.17,8.33,27.56
1333,20240503,2,74,290.69,87.73,1.11,2.3,34.55
1334,20241227,1,196,1169.8,397.64,7.22,10.89,25.02
1335,20250702,1,231,1420.69,457.41,8.82,10.38,29.51
1336,20250629,4,215,572.16,172.4,2.25,4.39,34.67
1337,20240715,2,52,75.73,22.22,0.38,0.33,36.64
1338,20241114,1,86,2409.93,773.88,15.37,15.37,29.72
1339,20241210,1,199,193.56,63.89,0.62,1.25,27.48
1340,20240908,4,173,785.84,251.91,3.37,3.18,29.86
1341,20241209,1,5,1489.94,486.67,7.61,19.6,28.34
1342,20251114,4,156,1523.64,456.73,7.29,10.14,35.06
1343,20250105,4,221,1027.41,329.76,5.39,4.23,29.76
1344,20250209,1,199,192.97,62.45,1.06,2.65,29.1
1345,20251214,1,164,1999.39,623.89,9.43,11.38,31.99
1346,20251010,4,124,111.84,33.88,0.59,0.49,34.27
1347,20250114,1,106,1663.2,537.01,7.87,20.06,29.28
1348,20251122,2,84,423.35,111.34,1.74,4.53,44.25
1349,20241210,3,226,514.87,162.47,2.15,5.54,31.11
1350,20250216,5,66,126.94,40.28,0.69,1.38,30.67
1351,20250430,4,101,302.99,98.14,1.18,3.11,29.02
1352,20240401,3,15,1145.87,366.95,4.47,14.27,29.94
1353,20240305,5,59,1488.93,502.31,9.3,15.3,25.66
1354,20251216,1,142,629.03,196.84,3.04,4.36,31.77
1355,20241026,3,14,1484.09,464.52,8.47,9.99,31.75
1356,20251008,3,23,1798.1,547.27,6.55,22.65,33.91
1357,20251024,1,145,160.59,48.88,0.48,1.62,33.9
1358,20240928,4,232,1072.97,347.64,4.28,9.9,29.0
1359,20250916,2,114,565.34,151.56,1.5,7.82,42.98
1360,20240809,1,231,1528.49,513.45,6.11,20.27,26.02
1361,20240301,3,99,1431.69,459.86,7.41,10.54,29.7
1362,20250611,3,10,557.01,171.49,2.08,4.74,33.03
1363,20250427,1,154,1920.79,640.01,7.44,26.37,26.7
1364,20240103,1,154,1840.29,636.23,8.65,13.6,23.57
1365,20251011,1,218,965.68,306.0,5.32,3.89,30.78
1366,20241020,2,250,902.88,278.16,2.91,8.39,32.98
1367,20240429,1,237,1645.28,541.23,5.49,8.91,27.76
1368,20241202,4,152,509.61,166.09,2.74,2.17,28.52
1369,20240606,4,120,1079.2,363.52,5.13,12.82,25.79
1370,20250918,4,109,1131.42,356.62,4.61,6.49,31.2
1371,20240616,1,32,149.55,49.79,0.44,1.91,26.76
1372,20250412,3,103,100.91,32.07,0.31,1.15,30.55
1373,20250402,5,96,782.03,248.5,2.32,9.43,30.56
1374,20240304,2,213,733.97,235.11,2.39,7.42,29.92
1375,20240804,3,202,114.26,34.68,0.55,0.76,34.11
1376,20250820,5,7,138.41,42.3,0.38,1.36,33.6
1377,20241215,3,103,129.6,40.6,0.59,0.96,31.69
1378,20241227,1,125,1674.24,563.35,8.55,12.31,25.88
1379,20251214,3,193,131.47,37.05,0.49,0.59,39.54
1380,20240711,1,27,1506.24,502.3,8.81,17.28,26.63
1381,20240218,3,36,128.22,42.78,0.5,1.74,26.58
1382,20241221,2,108,118.84,35.02,0.31,1.19,36.32
1383,20250329,4,214,935.26,294.46,5.43,9.02,31.29
1384,20241230,1,111,169.54,55.93,1.04,2.08,27.53
1385,20240918,2,19,975.34,284.21,5.14,5.78,37.15
1386,20250512,1,86,1652.29,522.45,6.06,8.96,30.95
1387,20241126,4,141,425.7,134.5,1.53,5.69,31.01
1388,20250814,1,192,938.06,290.57,5.86,12.45,32.56
1389,20241231,1,133,1422.16,469.43,7.02,14.18,27.48
1390,20250222,2,82,114.33,33.65,0.46,1.14,36.41
1391,20240605,1,89,2189.23,720.61,8.2,9.11,27.71
1392,20250928,3,127,687.73,204.04,1.82,6.26,35.83
1393,20240707,4,144,1268.02,409.32,6.07,13.55,29.3
1394,20240313,2,31,768.32,230.74,2.56,5.57,34.92
1395,20251217,4,1,1567.39,475.11,4.99,17.74,34.22
1396,20250829,1,6,1528.67,477.68,5.61,18.1,31.88
1397,20251121,4,162,616.47,186.99,3.54,3.21,34.17
1398,20240811,3,10,631.63,199.62,1.6,7.91,30.99
1399,20250323,4,200,718.76,222.79,3.94,8.48,32.51
1400,20250619,3,105,1437.8,433.53,6.91,7.43,34.62
1401,20240827,3,225,1267.87,388.63,4.35,12.99,33.37
1402,20240331,3,127,842.97,279.19,4.52,7.76,27.2
1403,20240716,5,184,97.36,32.6,0.54,1.32,26.28
1404,20240920,3,233,326.48,101.64,1.26,2.88,32.17
1405,20241013,5,222,530.6,174.16,1.38,2.17,27.94
1406,20240514,2,56,301.39,93.43,1.42,2.52,32.5
1407,20250104,3,105,1663.38,516.65,9.11,18.31,32.35
1408,20240722,1,16,1306.81,434.02,7.14,12.0,26.97
1409,20241203,1,4,2180.51,677.79,13.7,24.61,32.29
1410,20251117,1,133,1650.28,514.62,6.16,10.27,32.04
1411,20241024,5,137,907.74,309.21,3.88,10.73,24.84
1412,20240614,4,162,549.18,176.09,3.24,3.29,29.84
1413,20240524,1,2,1772.01,610.56,5.7,24.33,23.86
1414,20240404,4,141,358.86,118.12,1.85,4.99,27.71
1415,20251214,3,211,1889.98,585.67,5.29,24.83,32.53
1416,20240121,1,227,1905.71,667.91,6.74,10.83,22.38
1417,20241109,5,44,139.82,44.74,0.38,1.08,30.0
1418,20251214,4,152,476.8,142.41,2.2,2.98,35.33
1419,20251203,3,22,1663.4,466.08,4.52,22.7,39.95
1420,20241216,2,48,114.59,34.93,0.72,1.29,33.8
1421,20240812,4,101,248.71,81.71,0.66,1.94,27.87
1422,20251225,1,223,2429.62,723.25,10.84,25.7,35.58
1423,20250820,4,214,669.1,213.39,3.2,6.13,30.27
1424,20250503,4,205,97.77,28.48,0.62,0.84,37.18
1425,20240229,1,164,2393.93,809.05,13.17,31.51,25.51
1426,20240507,1,229,1283.52,425.97,4.67,15.17,27.03
1427,20250814,2,24,561.49,161.91,2.78,3.13,37.91
1428,20240408,1,171,185.42,63.58,0.69,1.06,24.27
1429,20240628,5,91,1438.3,472.57,5.28,13.07,27.86
1430,20250620,4,69,525.08,160.67,3.27,7.18,33.5
1431,20240315,5,149,1399.59,447.64,8.56,7.87,30.04
1432,20240502,3,105,1519.77,502.07,9.24,9.33,27.41
1433,20240411,1,39,2111.52,690.21,7.93,25.93,28.28
1434,20240423,3,127,670.99,216.65,2.65,7.81,29.28
1435,20250108,5,85,1104.2,347.47,5.06,4.88,31.33
1436,20240109,1,194,127.08,44.74,0.76,1.7,21.99
1437,20250629,1,231,1419.42,471.93,3.85,18.66,26.88
1438,20240516,4,173,795.12,258.76,4.37,10.02,28.64
1439,20240907,2,112,71.42,20.55,0.45,0.51,38.07
1440,20250726,3,165,1138.11,354.23,7.18,7.13,32.19
1441,20251021,3,146,101.52,30.22,0.55,1.11,35.57
1442,20250925,1,147,1054.3,329.91,6.05,11.16,31.77
1443,20240312,4,178,333.06,110.64,1.02,3.14,26.95
1444,20250824,1,194,114.07,36.74,0.32,0.85,29.48
1445,20240902,4,72,1164.71,377.09,7.29,11.11,29.06
1446,20250823,4,156,1098.93,333.85,4.6,6.32,34.05
1447,20250712,1,169,1849.71,564.24,9.45,12.89,33.74
1448,20241027,2,213,634.74,187.4,1.85,4.05,36.19
1449,20240208,5,187,412.51,138.47,2.29,3.51,26.08
1450,20250120,3,236,447.64,139.04,1.86,5.25,32.35
1451,20240324,1,63,609.8,214.21,3.93,3.54,22.18
1452,20241120,1,77,135.94,44.82,0.58,0.7,27.57
1453,20240605,1,185,131.91,46.39,0.63,1.24,22.08
1454,20241022,3,78,1780.72,554.59,5.06,12.47,32.14
1455,20251107,2,26,427.2,115.34,2.47,2.77,42.5
1456,20241216,5,234,1731.82,545.87,7.15,21.17,31.2
1457,20241218,5,91,1946.85,650.4,6.34,23.84,26.48
1458,20240907,1,201,872.74,287.97,4.57,9.86,27.51
1459,20240517,2,8,553.51,168.47,3.48,4.9,33.91
1460,20240729,2,25,64.74,19.61,0.36,0.31,34.26
1461,20240131,2,52,118.49,36.76,0.61,1.27,32.45
1462,20251110,2,84,431.8,119.26,2.61,4.13,40.95
1463,20240602,1,248,2214.62,754.57,7.55,17.88,24.82
1464,20240712,1,210,379.2,123.91,1.34,1.62,28.31
1465,20250827,4,144,1406.38,430.91,4.74,13.23,33.4
1466,20240511,1,20,1885.56,645.09,9.55,22.82,24.47
1467,20240816,3,206,82.03,26.94,0.41,0.57,27.91
1468,20240628,1,160,121.51,42.24,0.7,0.71,23.1
1469,20241225,3,94,861.31,270.55,2.48,4.09,31.47
1470,20240220,1,54,2066.64,695.55,13.13,18.22,25.86
1471,20250821,1,86,2199.73,720.72,6.81,15.23,28.09
1472,20251125,1,154,2155.29,679.26,8.12,24.8,31.21
1473,20250918,3,100,1299.53,396.62,7.07,10.25,33.7
1474,20240416,2,172,1079.7,334.97,6.6,14.78,32.44
1475,20250418,2,183,702.36,203.12,3.29,6.16,37.7
1476,20240913,2,195,1052.18,317.13,2.78,5.32,34.65
1477,20250426,4,208,722.51,219.09,4.45,5.04,34.19
1478,20250830,2,82,70.42,19.92,0.24,0.33,39.27
1479,20240614,1,133,1336.21,468.42,7.72,18.45,22.36
1480,20250523,1,32,157.26,50.95,0.75,2.13,29.0
1481,20251006,3,100,1481.24,432.11,7.39,14.06,37.07
1482,20250622,5,73,106.43,32.87,0.63,0.7,32.78
1483,20250121,4,200,704.24,216.15,4.49,2.95,33.27
1484,20251130,1,5,1712.29,519.1,8.62,18.99,34.21
1485,20250316,1,41,1821.28,593.96,7.31,23.04,28.47
1486,20240607,4,144,1100.46,363.77,5.98,14.27,27.36
1487,20250925,1,18,1132.15,359.98,5.27,6.06,30.51
1488,20250516,2,115,1259.5,353.52,3.59,11.39,39.83
1489,20240726,1,154,1223.02,416.27,6.63,10.49,24.91
1490,20240506,3,134,700.97,217.61,3.19,2.91,32.39
1491,20241129,3,244,418.14,134.84,1.4,2.96,29.38
1492,20240608,2,56,238.37,71.74,1.17,1.8,34.76
1493,20251112,2,107,296.3,84.97,0.79,3.68,38.31
1494,20241213,1,179,2557.91,832.96,7.13,26.08,28.59
1495,20240223,1,153,1991.51,677.27,9.77,10.65,24.98
1496,20250418,2,241,111.58,30.99,0.62,1.33,40.57
1497,20240327,5,117,802.6,262.87,2.61,6.16,28.12
1498,20241225,2,108,130.93,39.17,0.75,0.65,35.2
1499,20251103,4,136,1628.39,483.5,6.84,16.7,35.77
1500,20250608,4,158,1152.52,361.61,3.59,14.79,31.56
1501,20251128,3,219,120.47,34.35,0.72,1.38,38.71
1502,20250427,4,45,718.4,229.57,3.58,4.12,30.11
1503,20251202,4,239,358.73,107.68,1.17,3.39,34.96
1504,20250429,3,13,1058.02,329.59,4.75,11.68,32.12
1505,20250811,1,186,1628.25,536.48,9.81,7.12,27.63
1506,20250101,4,101,468.79,145.38,2.69,5.28,32.47
1507,20240320,4,121,427.97,134.18,2.25,3.31,31.62
1508,20250509,3,127,652.39,198.67,2.79,9.06,33.87
1509,20240115,2,26,401.46,122.64,1.94,3.2,33.63
1510,20250108,1,37,2050.51,679.29,11.19,12.13,27.18
1511,20241020,4,136,1433.87,447.31,4.86,17.73,32.01
1512,20251007,3,240,758.61,224.88,4.09,5.02,35.89
1513,20250729,3,148,1304.88,384.05,7.19,5.24,36.42
1514,20250408,2,112,99.4,29.62,0.32,0.49,35.51
1515,20240413,3,94,619.31,200.46,2.53,6.83,29.08
1516,20250509,3,146,78.78,23.91,0.51,0.78,34.14
1517,20250326,4,1,1251.52,396.43,6.34,9.01,30.81
1518,20250607,4,215,618.32,189.11,3.79,2.76,33.54
1519,20250226,3,102,131.46,39.81,0.47,1.31,34.29
1520,20241220,4,116,848.89,264.89,2.65,9.77,31.99
1521,20241106,1,18,1216.27,400.1,5.86,8.36,27.76
1522,20241224,5,188,142.69,45.68,0.4,1.75,29.96
1523,20240327,1,229,1575.15,549.98,6.66,14.21,22.71
1524,20240116,4,203,1215.09,400.2,3.84,13.77,27.66
1525,20250221,3,167,907.13,294.31,2.45,11.66,28.89
1526,20241223,1,145,222.31,72.81,1.27,1.06,28.12
1527,20241205,1,210,738.84,243.43,3.45,3.26,27.63
1528,20251231,4,101,334.15,100.62,1.33,1.73,34.72
1529,20240115,5,137,1024.59,354.88,5.47,5.71,23.41
1530,20250514,2,238,92.61,26.12,0.48,0.68,39.48
1531,20250508,3,105,1257.29,392.58,5.76,11.49,31.94
1532,20251012,2,197,1219.09,336.37,5.3,14.76,41.02
1533,20240702,5,230,1520.58,503.01,5.67,9.12,27.3
1534,20241105,1,181,1972.47,644.76,6.86,18.18,28.28
1535,20250626,3,105,1421.22,441.6,8.9,5.93,32.32
1536,20251221,2,115,1597.92,438.92,9.01,8.0,41.33
1537,20241102,5,130,373.74,123.12,1.46,4.3,27.64
1538,20250427,5,53,962.23,300.45,5.59,10.97,31.94
1539,20250926,4,170,678.34,198.73,3.37,7.03,36.76
1540,20250920,4,161,361.96,109.33,1.74,3.8,34.49
1541,20250628,5,53,810.61,257.61,2.5,7.69,30.55
1542,20250717,3,134,645.57,193.54,3.02,7.62,35.05
1543,20240215,5,66,138.15,46.18,0.7,1.63,26.44
1544,20250108,4,70,872.05,273.65,5.28,9.45,31.55
1545,20240101,3,236,511.93,169.74,3.24,3.15,27.11
1546,20240923,1,79,1813.29,602.37,9.65,24.57,26.95
1547,20240916,1,245,1567.19,539.36,9.27,11.07,23.96
1548,20250506,4,70,739.16,232.04,2.38,8.79,31.52
1549,20251126,5,149,1738.01,553.38,4.42,18.57,30.4
1550,20240120,3,148,1392.04,461.32,3.7,17.8,27.15
1551,20250730,4,232,915.54,285.76,3.14,8.88,31.97
1552,20250812,1,154,1416.57,438.68,4.59,17.16,32.58
1553,20250323,2,12,733.81,213.19,4.22,7.44,37.37
1554,20240717,1,77,103.46,35.32,0.33,1.28,24.65
1555,20240308,4,128,1410.97,458.4,9.13,13.86,28.78
1556,20251201,1,106,1540.03,480.55,7.04,18.7,31.99
1557,20241106,3,226,406.79,125.28,1.75,2.6,33.01
1558,20240327,1,186,1911.41,665.86,6.88,24.29,22.91
1559,20250305,3,167,829.48,249.94,2.66,5.49,34.67
1560,20250616,3,14,1153.94,357.03,5.35,15.23,32.65
1561,20241206,1,106,2041.93,662.97,11.93,9.88,28.83
1562,20240912,3,17,107.52,33.9,0.3,1.15,31.18
1563,20240409,4,144,1325.38,422.21,7.45,8.59,30.36
1564,20250712,3,216,1200.67,367.89,5.93,5.41,33.4
1565,20251006,2,217,97.8,27.33,0.42,0.77,40.15
1566,20241119,1,237,1769.75,553.08,9.79,17.32,31.87
1567,20240824,5,76,555.54,181.24,1.54,2.43,28.44
1568,20241104,2,228,1173.26,337.85,5.58,7.07,38.01
1569,20250418,1,151,431.67,139.22,1.52,1.81,29.37
1570,20240815,3,206,83.25,27.09,0.26,0.38,28.66
1571,20250317,4,173,990.7,318.05,2.65,6.67,29.74
1572,20240414,4,243,614.39,197.07,3.76,8.0,29.81
1573,20250530,4,178,351.67,109.44,1.68,4.68,32.2
1574,20250522,4,139,102.2,30.98,0.44,1.01,34.21
1575,20250923,2,110,1150.47,321.3,6.07,12.43,40.18
1576,20241027,2,87,1261.45,384.09,4.6,13.92,33.88
1577,20250918,4,46,777.08,226.47,3.29,6.85,37.14
1578,20240103,4,150,117.72,39.52,0.66,0.77,26.08
1579,20251014,2,115,1134.67,323.93,4.77,9.2,38.63
1580,20240203,1,41,2305.09,766.03,13.02,23.03,26.92
1581,20240111,3,17,122.7,39.9,0.73,1.32,28.71
1582,20250323,3,134,787.92,241.61,3.44,5.98,33.34
1583,20250527,2,198,89.29,24.45,0.56,0.46,41.55
1584,20240408,4,215,699.93,230.19,2.25,6.32,27.78
1585,20251224,1,164,2559.32,792.98,13.07,20.39,32.54
1586,20240223,5,184,148.11,51.81,0.38,1.25,22.54
1587,20250202,5,249,2079.21,658.61,7.49,27.69,30.81
1588,20240428,2,115,1333.67,386.87,5.67,9.01,37.48
1589,20240702,2,8,618.72,191.65,3.78,4.3,32.56
1590,20250717,4,80,988.51,298.37,5.69,10.17,34.54
1591,20250404,2,12,755.17,218.03,1.97,3.32,37.82
1592,20240429,1,64,1332.15,446.91,4.59,7.02,26.13
1593,20251229,2,82,108.07,29.83,0.67,1.06,40.99
1594,20241208,1,164,1909.65,632.71,8.81,13.52,27.17
1595,20240506,3,240,715.8,226.74,2.61,6.48,30.81
1596,20251023,3,167,939.11,275.27,3.63,5.21,36.72
1597,20240103,1,218,1084.68,370.57,6.03,4.36,24.59
1598,20240815,3,23,1321.25,420.26,4.29,17.1,30.48
1599,20240910,3,146,90.09,28.07,0.53,0.68,32.11
1600,20240323,3,38,2006.91,658.43,10.05,24.67,27.98
1601,20240426,3,10,656.16,213.91,1.84,8.34,28.5
1602,20240703,1,223,2003.04,686.16,7.34,16.58,24.36
1603,20240214,2,110,1441.13,443.64,6.44,17.74,33.04
1604,20250603,4,70,714.75,224.15,2.79,7.2,31.6
1605,20240220,5,130,508.16,174.54,2.23,4.33,24.13
1606,20251231,5,33,1979.37,632.84,6.2,22.54,30.07
1607,20240210,3,13,1113.07,360.28,3.74,8.63,29.08
1608,20240612,1,199,135.86,45.68,0.62,1.39,25.94
1609,20240505,1,37,1649.07,543.93,4.56,6.65,27.54
1610,20250303,1,106,1759.85,571.32,8.02,24.2,28.84
1611,20240328,1,157,1751.41,596.67,9.35,15.05,24.83
1612,20240713,2,183,496.31,151.65,3.02,3.33,33.61
1613,20251207,3,138,1446.03,411.42,7.45,7.16,38.87
1614,20250731,2,238,81.06,23.46,0.45,0.81,37.65
1615,20250109,1,220,1906.64,633.16,6.66,19.61,26.98
1616,20251113,4,139,109.49,33.84,0.49,1.51,32.73
1617,20250528,4,203,789.64,237.24,2.53,7.56,34.89
1618,20250614,4,120,1069.89,343.65,5.8,4.94,29.7
1619,20251213,2,140,123.87,33.86,0.35,1.72,41.66
1620,20250114,1,6,2080.36,686.77,9.52,14.68,27.47
1621,20250102,4,144,2039.88,619.06,6.49,24.13,34.13
1622,20240517,4,141,357.53,117.01,1.78,4.06,28.18
1623,20241014,4,46,1084.19,350.93,3.93,12.52,29.08
1624,20250703,1,63,422.83,136.44,1.48,5.82,29.33
1625,20250928,5,249,1938.47,609.22,5.02,13.31,31.43
1626,20251130,5,249,2199.34,666.84,8.32,23.88,34.2
1627,20241023,2,84,342.37,102.93,1.97,4.5,34.84
1628,20250615,3,50,361.81,108.49,1.67,3.74,35.04
1629,20250817,4,30,1151.73,362.56,5.7,6.52,31.3
1630,20250921,3,240,684.23,207.05,3.4,5.62,34.35
1631,20240503,1,154,1740.02,579.57,6.17,12.92,26.73
1632,20250714,1,186,1833.0,582.6,7.11,15.59,30.54
1633,20240723,4,173,726.2,230.64,3.85,6.56,30.6
1634,20250607,1,132,527.54,167.0,1.73,2.46,30.86
1635,20250205,3,236,535.92,166.63,2.09,3.24,32.27
1636,20240223,5,7,158.33,54.48,0.54,2.1,23.98
1637,20250824,2,112,74.43,20.83,0.37,1.02,40.03
1638,20240708,3,94,571.01,180.9,3.34,7.25,30.8
1639,20251205,1,5,1546.15,499.16,5.67,21.28,29.29
1640,20240226,1,196,1561.32,508.99,8.62,8.87,28.5
1641,20240216,5,230,2166.74,701.16,8.31,28.51,29.1
1642,20250215,4,144,2005.83,631.19,5.41,25.23,31.33
1643,20250814,2,12,466.49,130.39,1.23,4.11,40.12
1644,20250301,1,89,2664.79,872.45,9.11,18.17,28.15
1645,20240814,4,203,801.77,266.22,4.11,4.0,26.99
1646,20251222,1,166,2487.56,771.04,6.58,21.14,32.51
1647,20240506,3,148,1268.23,411.11,4.15,8.77,28.96
1648,20250812,1,160,121.08,37.81,0.36,0.61,31.93
1649,20240531,1,227,1765.07,597.16,8.01,19.53,25.42
1650,20250617,4,136,1259.1,401.4,3.55,14.56,30.3
1651,20250114,4,176,137.13,43.34,0.37,1.05,30.99
1652,20240310,1,177,155.74,52.31,0.55,2.12,26.03
1653,20250712,1,132,400.41,129.38,1.53,5.15,29.22
1654,20250318,1,153,1807.41,595.87,5.23,18.91,27.58
1655,20240603,1,43,1438.7,479.2,4.08,9.99,26.73
1656,20240122,1,229,2074.64,700.15,12.67,13.67,25.63
1657,20251015,2,115,1218.45,343.36,6.84,12.21,39.55
1658,20251213,5,59,1535.96,465.03,5.28,19.9,34.31
1659,20240814,5,130,329.7,107.21,1.93,4.04,28.71
1660,20250608,1,47,1641.68,511.81,7.49,8.58,32.06
1661,20240526,5,149,1388.59,471.45,8.21,7.19,25.12
1662,20251007,3,105,1631.5,470.92,4.96,21.01,37.84
1663,20240311,1,245,1509.03,522.91,5.5,18.45,23.37
1664,20250301,3,216,1547.12,475.09,4.08,19.6,33.23
1665,20250902,4,243,632.26,191.25,3.5,4.57,34.38
1666,20250713,4,139,79.01,23.23,0.3,0.44,36.51
1667,20240303,5,149,1536.13,516.26,4.16,9.44,25.98
1668,20250701,5,230,1525.22,457.57,6.69,19.57,35.0
1669,20251114,5,189,2201.95,675.29,8.09,23.1,33.33
1670,20240614,1,61,1792.6,611.28,8.55,13.53,24.75
1671,20250317,1,5,1575.21,534.94,8.34,7.65,25.1
1672,20241223,5,230,1669.46,542.71,5.0,22.03,28.73
1673,20251109,5,44,112.4,35.39,0.65,0.72,31.29
1674,20240604,1,47,1591.63,530.2,6.03,10.0,26.72
1675,20240709,5,53,921.43,308.94,2.68,6.26,26.18
1676,20241015,1,27,2279.8,744.4,5.79,20.4,28.37
1677,20241019,1,16,1694.28,577.82,6.74,13.48,24.74
1678,20251115,5,85,992.33,309.17,4.64,11.9,32.11
1679,20240225,3,167,905.13,288.45,5.71,8.29,30.33
1680,20250513,1,61,2056.27,669.11,8.74,18.63,28.65
1681,20240426,3,49,1143.52,369.45,6.15,9.37,29.23
1682,20250221,1,160,197.57,66.01,0.98,1.66,26.47
1683,20250115,5,73,156.9,49.4,0.41,0.66,31.29
1684,20241115,1,157,1761.32,579.62,9.15,18.19,27.73
1685,20251215,5,180,2311.18,742.72,11.18,29.58,29.66
1686,20251106,1,248,2607.74,832.39,15.72,11.16,30.2
1687,20250614,1,4,1473.26,476.39,9.0,19.02,29.16
1688,20240604,5,29,1307.63,446.53,5.09,13.22,24.63
1689,20250808,1,71,1647.83,521.11,4.42,16.67,30.94
1690,20240727,3,94,501.46,156.9,2.7,4.41,31.78
1691,20250521,1,27,2073.58,666.28,12.69,21.32,29.67
1692,20250429,3,104,122.5,37.83,0.74,1.43,32.8
1693,20241031,4,152,404.02,127.48,2.13,5.12,31.12
1694,20250220,1,54,2301.69,726.05,12.7,23.47,31.14
1695,20240329,1,77,143.62,48.16,0.7,1.61,26.17
1696,20240217,4,221,1011.88,338.09,3.34,4.2,26.47
1697,20240730,5,174,98.87,32.6,0.59,1.38,27.56
1698,20250214,4,109,1944.55,615.72,12.34,27.21,30.84
1699,20250929,2,84,323.54,88.15,1.07,1.65,41.89
1700,20241128,3,23,1635.32,507.67,6.1,15.92,32.39
1701,20250914,1,122,1146.96,361.11,4.48,11.27,31.29
1702,20250211,2,95,1281.65,366.96,3.92,17.71,38.42
1703,20251006,4,120,1156.95,356.99,5.04,9.07,32.86
1704,20251027,1,77,163.06,51.33,0.98,1.78,31.3
1705,20250927,1,151,519.62,166.28,3.2,4.66,30.0
1706,20240927,5,174,85.44,28.51,0.44,0.44,26.57
1707,20251109,2,35,1255.44,352.93,6.35,7.08,39.72
1708,20241031,2,241,87.52,26.36,0.39,1.22,34.7
1709,20240624,1,18,766.27,257.31,3.77,3.92,26.05
1710,20241028,2,114,791.17,232.16,3.63,7.94,36.64
1711,20240112,2,82,103.99,32.46,0.3,0.55,31.97
1712,20240605,3,99,1070.34,341.31,6.91,5.11,30.28
1713,20240318,2,42,94.56,29.97,0.55,0.63,30.77
1714,20240307,5,29,2193.94,744.89,11.92,26.36,25.12
1715,20241101,4,30,1355.59,420.07,6.32,13.88,32.53
1716,20250911,4,116,685.03,203.37,3.11,7.89,35.78
1717,20240208,1,119,649.79,220.15,2.56,6.6,25.3
1718,20241219,1,248,2772.3,932.49,13.0,36.16,25.91
1719,20240731,5,187,331.57,110.12,0.83,2.26,26.97
1720,20240622,3,226,285.9,91.53,0.79,1.57,29.96
1721,20240213,2,140,116.49,36.82,0.69,0.92,30.97
1722,20240211,3,148,1376.39,468.14,7.78,12.91,24.97
1723,20240718,1,20,1514.58,497.63,7.66,16.56,27.86
1724,20240501,2,97,917.93,265.25,5.0,5.0,37.76
1725,20250413,5,230,1919.19,618.98,6.65,24.08,29.37
1726,20250104,1,169,2762.3,899.52,16.34,35.87,28.59
1727,20251024,5,7,147.01,45.55,0.86,1.33,32.54
1728,20250517,1,157,1960.3,649.49,5.11,15.12,27.17
1729,20240908,1,61,2141.11,734.4,11.95,13.35,24.25
1730,20240922,5,33,1307.26,425.64,7.22,5.48,28.6
1731,20250306,1,182,2404.2,799.44,13.95,33.1,26.87
1732,20240306,4,70,938.88,310.99,5.28,11.12,27.19
1733,20240516,3,134,735.06,235.54,2.12,9.9,29.89
1734,20251028,2,83,1117.14,312.8,3.96,12.97,40.0
1735,20250522,1,171,146.4,46.16,0.47,1.5,31.17
1736,20251107,4,203,1141.18,348.38,4.17,10.67,33.68
1737,20250526,3,235,757.21,233.13,1.97,9.78,33.03
1738,20250715,1,229,1455.13,464.36,9.06,20.11,30.22
1739,20241101,4,176,95.71,30.81,0.47,0.42,29.52
1740,20240831,1,218,1025.83,339.8,5.94,10.68,27.19
1741,20241129,1,61,2232.05,760.86,6.23,13.81,24.78
1742,20250224,5,234,2106.47,689.91,12.06,10.86,28.12
1743,20250324,3,225,1456.78,447.93,3.79,20.22,33.13
1744,20241112,1,39,1902.37,620.25,10.61,11.58,28.49
1745,20240419,2,24,594.72,176.32,3.02,4.77,35.88
1746,20240804,2,95,905.86,270.42,4.32,11.9,35.37
1747,20241016,5,29,1904.37,628.06,8.55,13.24,27.55
1748,20250919,3,50,407.52,123.59,2.24,3.19,34.18
1749,20241019,2,90,85.2,25.04,0.5,0.48,36.52
1750,20250417,1,41,2335.89,739.92,10.09,21.34,30.81
1751,20240626,2,67,90.08,26.11,0.23,0.41,37.53
1752,20240724,1,125,1388.11,479.95,5.06,12.58,23.56
1753,20241225,1,88,216.06,72.44,1.32,2.35,26.18
1754,20240411,4,1,1182.1,410.57,7.04,14.52,23.17
1755,20240310,4,173,989.23,316.24,5.43,12.09,30.08
1756,20240513,1,77,115.97,39.01,0.54,1.48,25.91
1757,20240905,5,76,611.23,195.08,1.86,2.9,30.21
1758,20250519,1,185,134.93,42.24,0.56,1.72,31.73
1759,20241010,1,4,1863.56,614.68,8.26,20.37,27.54
1760,20240905,3,134,703.46,226.85,2.75,3.63,29.38
1761,20250829,2,55,468.37,132.17,1.78,4.82,39.45
1762,20251002,3,10,635.66,188.94,1.71,2.96,35.69
1763,20250513,3,17,106.39,31.77,0.57,0.63,35.34
1764,20240608,5,249,1590.42,546.91,10.12,10.74,24.03
1765,20241122,1,122,1852.63,621.3,8.41,11.86,26.16
1766,20251227,2,87,1333.77,358.78,6.97,18.16,42.75
1767,20250108,3,226,521.63,166.3,1.37,3.7,30.3
1768,20250916,4,239,393.26,119.99,1.36,4.4,33.72
1769,20241230,3,190,829.72,257.68,2.13,8.1,32.36
1770,20250902,4,209,333.14,101.77,1.31,3.5,33.63
1771,20251220,3,102,146.04,44.9,0.71,1.6,33.13
1772,20241201,1,223,2056.45,689.57,12.13,17.58,26.17
1773,20240805,1,199,134.61,43.64,0.87,1.29,28.96
1774,20250714,2,90,93.39,24.5,0.25,0.67,44.42
1775,20240719,5,175,123.52,40.75,0.62,1.6,27.52
1776,20250211,3,167,850.95,256.03,3.17,5.91,34.78
1777,20240109,4,152,502.91,170.14,1.36,3.05,25.42
1778,20240504,5,34,718.06,238.57,3.46,4.44,26.94
1779,20250321,3,148,1386.72,432.71,5.99,9.61,31.99
1780,20241007,2,242,600.96,168.39,1.75,3.43,39.95
1781,20251102,2,74,290.42,77.76,1.82,2.9,43.06
1782,20250705,5,189,1593.47,509.02,10.28,18.0,30.14
1783,20250808,5,7,134.51,42.74,0.63,0.56,30.57
1784,20250628,4,152,376.34,112.71,1.53,3.93,35.13
1785,20251106,1,39,2450.92,759.59,7.4,20.58,32.52
1786,20240114,2,8,881.41,260.26,3.84,3.6,36.18
1787,20241017,1,192,991.2,327.93,4.55,7.9,27.29
1788,20240509,1,192,764.21,256.81,3.71,6.3,25.99
1789,20240123,2,92,370.48,115.29,1.51,2.5,32.2
1790,20240918,2,198,89.53,25.78,0.43,1.2,38.01
1791,20240404,4,156,1553.72,506.7,4.22,17.61,28.47
1792,20251122,2,114,846.68,232.06,2.38,8.78,41.48
1793,20240415,2,241,103.48,31.54,0.42,1.15,33.81
1794,20240330,4,109,1819.81,636.42,6.56,22.9,22.57
1795,20250121,3,127,788.62,246.3,2.69,9.45,31.92
1796,20240705,1,75,1892.48,632.62,10.55,7.69,26.43
1797,20250207,3,233,544.86,169.5,3.42,4.0,32.23
1798,20241001,5,81,1855.48,619.51,5.24,24.0,26.53
1799,20250707,1,135,127.26,39.74,0.35,1.53,31.93
1800,20250421,4,30,1350.68,395.64,5.93,14.86,36.77
1801,20250925,3,134,914.23,260.85,3.42,10.74,38.67
1802,20241020,1,164,1607.53,526.95,6.85,16.73,28.05
1803,20240308,2,198,97.6,28.59,0.28,0.6,36.78
1804,20250304,1,113,2215.73,716.12,5.72,10.98,29.2
1805,20250220,3,236,559.2,171.45,1.99,3.5,33.35
1806,20240824,5,44,113.02,36.27,0.44,0.99,29.76
1807,20241118,1,177,169.86,55.77,0.43,0.92,27.92
1808,20241217,1,154,2286.37,731.0,7.53,12.57,30.07
1809,20250921,1,151,434.36,139.24,1.78,3.75,29.86
1810,20250803,1,237,1256.78,383.92,5.86,12.61,33.63
1811,20240905,3,202,114.08,36.93,0.56,1.56,29.08
1812,20250813,1,79,1694.64,516.26,7.26,8.28,33.84
1813,20250829,4,109,1113.49,345.76,4.39,8.92,32.37
1814,20240113,4,221,795.96,263.46,3.26,6.88,27.25
1815,20250826,2,217,69.47,18.78,0.34,0.61,42.42
1816,20250419,2,114,798.55,225.13,2.39,6.1,39.52
1817,20240818,1,229,1117.62,380.53,7.08,11.09,24.88
1818,20251201,4,205,151.75,46.95,0.98,1.03,32.66
1819,20240809,1,227,1458.59,495.1,5.26,6.05,25.14
1820,20240713,1,75,1809.37,605.56,9.86,16.75,26.33
1821,20250526,3,104,100.47,30.02,0.55,1.01,35.29
1822,20250926,4,173,826.14,250.52,3.81,11.11,34.19
1823,20240218,3,38,2006.77,649.15,12.0,10.96,29.13
1824,20240109,1,145,211.13,70.59,1.37,2.72,26.41
1825,20241103,1,246,512.74,170.25,2.5,4.0,26.99
1826,20250720,4,173,567.06,172.86,1.67,3.62,33.79
1827,20250421,1,20,2065.27,677.16,7.14,20.31,28.03
1828,20240621,2,195,1082.49,332.15,3.71,8.54,33.29
1829,20250917,4,170,729.18,224.56,4.13,9.3,33.01
1830,20240430,5,66,122.06,41.74,0.61,1.4,24.51
1831,20241118,3,10,966.43,291.05,3.15,13.37,34.71
1832,20250724,5,91,1377.69,417.33,5.09,15.29,34.27
1833,20250227,1,186,2807.54,943.0,15.69,12.31,26.03
1834,20251231,1,160,157.8,47.84,1.01,1.98,34.2
1835,20240415,1,93,1647.83,573.58,4.45,17.64,22.98
1836,20250913,1,157,1710.42,540.01,7.58,14.04,31.07
1837,20240211,5,149,1492.97,499.61,5.84,9.63,26.34
1838,20250203,1,88,199.63,66.87,0.58,2.75,26.26
1839,20240529,1,169,2239.46,777.54,11.91,26.85,23.2
1840,20250203,2,57,927.19,267.25,3.25,5.96,37.94
1841,20250506,2,143,680.35,191.97,3.95,9.51,39.46
1842,20250401,4,156,1213.41,386.45,5.92,10.3,30.38
1843,20241224,1,6,2400.08,778.59,10.45,12.48,28.9
1844,20240320,3,219,133.09,41.56,0.73,1.76,31.93
1845,20240815,1,153,1386.21,454.46,5.66,15.83,28.04
1846,20241015,4,170,710.71,222.25,4.01,6.7,31.82
1847,20240113,1,58,2037.61,681.87,8.49,23.94,26.34
1848,20250526,3,225,1043.57,323.59,4.28,9.22,32.48
1849,20250110,1,75,2300.22,783.09,9.35,12.12,24.89
1850,20251002,3,102,120.06,37.44,0.63,0.62,32.04
1851,20240402,4,109,1702.16,561.44,10.04,21.03,27.54
1852,20250708,5,230,1416.24,455.12,4.43,18.92,29.66
1853,20250418,1,16,1803.55,571.65,7.99,10.88,30.76
1854,20240920,5,180,1557.72,508.81,8.52,6.5,28.34
1855,20250507,2,107,278.64,81.3,1.27,3.44,37.06
1856,20250313,3,216,1373.81,419.18,8.82,16.08,33.72
1857,20241213,3,21,727.97,233.36,3.35,7.48,29.86
1858,20240410,5,44,146.11,47.37,0.66,1.8,28.94
1859,20240710,3,165,962.95,309.92,4.95,9.91,29.54
1860,20240908,1,210,506.37,168.6,2.84,3.17,26.76
1861,20241106,5,230,1938.95,666.38,5.99,21.77,24.08
1862,20240528,2,19,1077.89,319.79,6.23,14.04,35.83
1863,20250726,2,92,321.37,88.54,0.96,2.75,41.12
1864,20251119,1,201,1308.36,400.72,8.01,13.24,33.43
1865,20240708,3,10,654.61,209.06,2.95,7.78,30.16
1866,20241206,3,13,1477.55,460.64,9.06,9.25,32.06
1867,20251016,1,86,2267.34,711.67,5.93,28.89,31.53
1868,20250714,3,40,1117.96,334.72,7.25,14.57,35.15
1869,20240803,1,224,1634.75,546.6,8.2,8.83,26.41
1870,20240121,4,139,146.46,48.43,0.49,1.19,27.34
1871,20240716,5,76,676.91,228.47,3.66,3.53,25.62
1872,20240208,3,78,1725.4,567.1,10.81,20.24,27.83
1873,20251019,2,95,1380.94,384.45,5.85,14.53,40.4
1874,20250811,1,231,1788.49,568.95,11.09,18.51,30.47
1875,20241019,5,51,793.33,250.12,4.14,5.06,31.18
1876,20240223,3,14,1520.01,515.83,7.17,11.31,25.16
1877,20241013,5,222,563.25,186.41,3.19,7.7,27.26
1878,20241010,1,142,461.64,153.62,1.9,5.21,26.81
1879,20241130,2,172,1313.83,381.43,4.57,17.01,37.42
1880,20240616,5,234,1512.29,502.99,8.03,9.4,26.85
1881,20251010,3,127,902.46,269.94,5.87,10.79,35.22
1882,20251203,1,89,2309.42,736.7,14.68,29.36,30.25
1883,20250405,4,62,1303.38,413.95,8.02,16.55,30.6
1884,20241204,4,214,1090.01,334.37,4.6,12.19,33.31
1885,20240920,1,32,139.39,45.9,0.38,1.52,27.67
1886,20240114,1,154,1943.23,642.28,9.86,8.38,27.37
1887,20250921,2,26,384.89,104.71,1.46,2.1,41.99
1888,20240201,5,149,1698.21,552.12,7.03,16.75,28.72
1889,20250513,2,83,818.34,228.22,2.34,4.82,40.28
1890,20240127,1,41,2556.94,890.74,16.6,35.01,22.91
1891,20251206,1,43,1700.72,534.98,9.18,7.76,31.36
1892,20250925,1,41,1681.82,529.64,8.63,16.07,31.27
1893,20240803,1,113,1342.81,439.9,7.08,7.65,28.1
1894,20241218,5,137,997.4,328.02,2.66,10.59,27.78
1895,20240319,3,127,932.74,306.42,2.92,6.41,27.87
1896,20240214,1,218,1303.27,443.79,8.03,12.82,24.87
1897,20250407,2,31,785.1,230.69,5.05,6.87,36.54
1898,20241230,4,239,387.95,128.27,1.73,2.4,27.34
1899,20250627,2,228,1155.11,325.69,5.89,5.45,39.51
1900,20250718,2,107,247.42,67.66,1.36,3.19,41.63
1901,20250620,2,114,528.54,152.52,2.45,4.37,37.86
1902,20250316,1,75,1974.57,633.05,11.53,25.97,29.85
1903,20251010,3,123,814.87,244.53,2.68,5.98,34.98
1904,20250310,2,195,1313.08,377.22,8.38,16.12,38.18
1905,20250305,2,217,88.09,24.72,0.28,1.0,39.85
1906,20251018,3,202,109.63,33.86,0.43,0.61,32.78
1907,20240114,1,119,503.62,169.74,2.07,6.6,25.74
1908,20251219,3,28,879.86,261.56,4.78,9.35,35.68
1909,20240914,5,189,1513.44,504.4,5.49,12.06,26.68
1910,20250110,2,57,801.42,229.27,4.26,5.2,38.48
1911,20250703,4,232,926.99,279.28,4.17,6.64,34.68
1912,20251212,1,142,616.52,197.88,3.09,7.89,29.76
1913,20240325,4,209,443.72,143.02,2.36,4.63,29.42
1914,20250818,3,138,1026.6,294.84,3.04,10.35,38.2
1915,20250323,2,56,313.26,92.25,1.14,3.02,36.38
1916,20250612,1,119,363.2,118.74,2.31,2.05,28.27
1917,20250318,3,50,454.83,144.75,1.45,3.04,30.44
1918,20240102,1,201,1089.48,364.63,2.89,13.41,26.33
1919,20250906,3,17,107.71,32.3,0.68,1.07,35.02
1920,20240304,4,161,337.58,110.31,1.64,3.01,28.31
1921,20240707,3,36,98.84,30.76,0.3,0.6,32.21
1922,20240501,2,241,92.16,28.11,0.24,0.37,33.75
1923,20250413,5,155,118.72,38.55,0.62,0.61,28.82
1924,20250809,5,29,1697.24,548.68,5.62,18.19,29.18
1925,20250315,4,158,1502.75,458.4,5.36,17.75,33.74
1926,20250906,1,246,412.79,134.04,1.77,1.68,28.82
1927,20240919,4,178,369.79,117.56,2.03,3.25,30.52
1928,20250327,3,123,883.83,272.68,2.52,10.96,32.87
1929,20250123,3,78,1501.17,456.84,5.92,20.18,33.92
1930,20250211,3,60,707.3,231.97,2.43,6.36,28.01
1931,20241221,1,122,1742.24,577.66,9.32,24.1,27.11
1932,20251231,3,104,128.27,37.47,0.65,0.82,36.97
1933,20250310,4,203,1249.93,390.48,3.93,12.82,31.9
1934,20241208,3,17,109.85,34.28,0.59,0.82,31.98
1935,20250322,5,249,2301.03,735.69,10.5,26.18,30.07
1936,20240213,2,204,1712.6,522.69,6.63,17.41,33.7
1937,20240529,4,124,84.02,27.19,0.36,0.49,29.1
1938,20251213,1,169,2495.24,760.05,12.45,16.15,33.85
1939,20240503,1,47,1616.66,554.0,10.41,15.12,24.33
1940,20240919,5,51,799.42,260.42,4.68,4.75,28.56
1941,20240409,1,65,2239.0,755.26,11.02,19.35,25.67
1942,20241202,3,40,2081.39,653.64,5.96,19.5,31.49
1943,20250630,1,153,1652.76,552.22,6.84,7.47,26.47
1944,20241117,2,195,1152.13,350.66,5.67,4.82,33.91
1945,20250428,3,36,100.9,29.59,0.61,1.31,36.69
1946,20240701,3,225,1064.7,336.87,5.17,13.27,30.9
1947,20240326,1,227,2035.19,698.97,10.3,18.4,24.14
1948,20250121,2,56,446.93,132.52,2.82,2.68,35.87
1949,20240723,1,199,147.94,47.54,0.9,0.59,29.67
1950,20240520,5,76,636.12,213.33,2.36,4.06,26.16
1951,20240409,2,83,1131.15,340.84,6.35,6.5,34.67
1952,20250520,4,170,631.78,194.74,3.5,5.15,32.94
1953,20240214,3,165,1578.21,504.84,6.42,7.61,30.03
1954,20240910,1,171,159.24,52.7,0.99,1.03,27.27
1955,20241214,1,196,1315.64,418.53,6.79,10.45,30.47
1956,20250305,5,137,887.71,278.24,4.16,6.99,31.64
1957,20240801,3,138,1073.67,341.3,4.6,10.48,30.53
1958,20240309,5,187,437.25,152.5,2.76,5.97,22.81
1959,20250728,5,7,114.93,35.53,0.4,1.57,32.71
1960,20250830,2,114,557.28,148.68,2.19,5.16,43.3
1961,20240605,1,210,419.4,146.76,1.58,3.36,22.52
1962,20250522,5,174,104.36,33.31,0.5,0.46,30.21
1963,20250423,2,207,666.81,186.97,2.87,8.37,39.9
1964,20251127,1,75,2050.88,681.63,6.85,8.32,26.91
1965,20251203,5,85,1121.63,349.5,3.0,9.14,32.1
1966,20250726,1,125,1358.41,439.74,5.18,12.47,29.07
1967,20240108,3,17,145.69,47.34,0.52,1.0,28.77
1968,20250419,3,225,1206.22,369.92,3.29,6.36,33.33
1969,20250901,1,142,445.71,147.17,1.19,2.74,27.45
1970,20241029,5,91,1315.84,429.81,3.47,17.49,28.34
1971,20250618,1,64,1232.57,407.14,5.5,5.96,27.42
1972,20250526,3,240,713.47,220.32,1.87,9.45,32.8
1973,20250723,4,176,90.15,28.48,0.41,0.72,31.03
1974,20240117,1,75,2658.74,930.13,6.86,31.88,22.54
1975,20241024,3,148,1323.47,418.8,4.6,15.33,30.89
1976,20250701,2,82,86.94,23.59,0.43,0.72,42.17
1977,20240630,2,183,549.62,159.61,2.21,4.12,37.4
1978,20250918,5,189,1406.45,429.81,4.2,7.71,33.6
1979,20251231,1,75,2348.44,714.02,11.54,25.38,33.99
1980,20250325,1,133,1476.13,477.97,5.91,13.9,29.05
1981,20240413,2,55,529.36,157.33,1.41,3.52,35.7
1982,20250227,3,235,900.96,274.79,3.85,6.23,33.75
1983,20240322,2,197,1539.67,457.84,9.64,13.07,35.66
1984,20241002,1,145,151.59,51.52,0.44,1.76,25.03
1985,20241009,2,212,1043.76,317.09,6.48,9.9,34.05
1986,20250831,5,159,328.98,106.71,1.17,2.2,28.91
1987,20250710,3,146,87.6,26.47,0.46,0.35,34.47
1988,20250224,2,82,130.0,36.95,0.4,0.63,38.94
1989,20251009,4,214,915.74,278.68,2.67,6.27,33.92
1990,20240227,4,124,96.27,32.28,0.52,1.01,26.18
1991,20240310,5,85,889.42,307.03,4.8,4.26,23.7
1992,20240820,1,20,1579.25,501.7,7.85,10.66,30.58
1993,20240607,1,186,2049.74,700.77,5.33,8.49,24.53
1994,20250417,4,30,1422.26,443.12,4.73,15.29,32.11
1995,20240921,3,225,1107.96,334.25,6.8,12.5,34.58
1996,20240928,2,114,678.88,202.41,2.54,3.48,35.46
1997,20251028,1,71,1991.76,621.83,6.06,13.47,31.95
1998,20250317,3,100,1754.64,551.24,5.26,9.44,31.46
1999,20251217,4,161,380.48,112.2,2.18,1.67,36.28
2000,20250216,3,167,916.4,297.5,2.78,5.03,28.84
2001,20241115,1,125,1534.22,492.12,9.45,14.8,29.81
2002,20250319,5,187,471.24,149.84,2.91,2.39,30.51
2003,20250812,1,147,811.88,260.91,3.84,5.25,29.66
2004,20251223,3,14,1355.75,401.36,5.15,15.9,35.99
2005,20250406,2,198,86.8,23.06,0.47,0.93,43.59
2006,20240610,3,94,587.99,183.22,3.24,7.43,32.1
2007,20240716,1,218,903.45,307.9,4.77,4.61,24.8
2008,20250425,3,40,1762.24,517.61,9.15,21.65,36.57
2009,20250531,2,143,535.85,152.7,2.36,6.98,38.76
2010,20250103,5,73,172.77,55.92,0.93,1.81,29.09
2011,20240914,3,40,1707.53,532.13,8.57,16.83,32.09
2012,20241222,1,248,2117.14,701.79,8.51,24.98,27.13
2013,20250319,3,216,1489.69,481.59,7.08,7.56,29.18
2014,20240629,1,37,1417.42,497.46,6.0,18.88,22.26
2015,20240526,1,245,1324.32,445.87,6.64,7.36,25.83
2016,20241007,1,179,2448.96,803.45,15.76,21.58,27.98
2017,20240907,1,220,1999.15,658.52,5.09,18.99,27.65
2018,20240404,1,16,1402.74,475.08,7.04,11.75,25.33
2019,20240101,3,167,1059.92,355.79,2.83,13.46,26.08
2020,20240710,4,70,694.88,225.17,2.37,2.82,28.99
2021,20251215,2,108,120.41,33.03,0.65,1.57,41.43
2022,20251031,2,204,1307.17,372.02,7.33,8.49,38.85
2023,20251206,1,147,1144.06,346.19,6.65,4.98,34.35
2024,20240211,2,90,134.39,42.68,0.61,1.14,30.61
2025,20250614,1,61,1982.96,622.65,6.49,20.21,31.5
2026,20241106,1,39,2644.9,890.91,9.94,25.42,25.79
2027,20240805,4,72,1384.98,442.53,6.88,14.5,30.12
2028,20240215,2,115,1622.25,481.16,7.62,8.9,35.85
2029,20250427,4,205,130.8,40.22,0.61,0.56,33.13
2030,20250120,2,92,437.37,129.62,2.75,2.19,35.91
2031,20240326,5,234,1553.38,534.36,9.02,12.47,24.0
2032,20241008,3,13,1146.82,348.5,6.03,16.02,34.03
2033,20250208,2,8,889.63,248.85,5.37,5.93,40.07
2034,20240305,1,64,1880.59,656.93,11.87,25.91,22.67
2035,20240319,3,134,938.2,301.99,3.57,4.78,29.53
2036,20250129,1,196,1328.68,436.34,7.28,14.77,27.9
2037,20250922,2,250,1113.11,306.28,5.23,7.88,41.21
2038,20251112,1,153,2176.34,692.08,14.09,20.99,30.5
2039,20250718,5,51,683.79,217.5,3.44,3.45,30.48
2040,20250514,5,34,861.63,278.48,4.0,7.96,29.2
2041,20250519,4,156,1181.98,360.55,4.13,15.57,33.74
2042,20250514,1,41,1660.43,532.2,5.89,17.13,29.87
2043,20251008,3,22,1352.67,412.51,6.52,18.4,33.76
2044,20240520,1,43,1445.46,481.28,5.96,17.29,26.76
2045,20241225,4,1,1455.39,469.8,8.22,15.82,29.3
2046,20240410,3,50,373.63,118.63,2.34,3.23,30.62
2047,20240314,2,48,129.63,38.28,0.74,1.79,36.17
2048,20240518,1,231,1699.8,579.36,6.05,11.51,24.79
2049,20241009,3,99,1362.33,432.95,6.83,12.71,30.55
2050,20250512,4,121,467.17,146.41,2.86,6.38,31.65
2051,20251219,1,122,1610.42,492.27,7.74,15.71,33.58
2052,20240610,1,9,108.31,35.09,0.68,0.98,29.0
2053,20240813,1,227,1629.48,540.66,4.55,6.81,27.05
2054,20241229,1,119,623.6,207.31,3.09,3.15,26.89
2055,20240305,2,207,665.73,204.06,3.61,3.76,33.37
2056,20250101,2,140,126.52,37.41,0.4,1.25,36.08
2057,20251202,1,54,2585.51,832.33,12.4,17.63,29.52
2058,20251013,2,82,107.68,31.12,0.47,1.24,37.76
2059,20250407,1,79,1833.53,572.72,9.98,12.09,31.91
2060,20250329,2,114,710.23,204.46,2.43,5.2,38.03
2061,20241228,2,241,125.88,36.19,0.65,0.85,38.12
2062,20240209,1,75,2736.54,923.97,15.97,26.66,25.59
2063,20250701,5,117,850.68,262.45,4.67,8.39,32.87
2064,20240727,1,54,1715.34,588.5,9.29,10.59,24.23
2065,20240831,3,103,89.52,27.37,0.26,1.24,33.57
2066,20240303,2,74,377.89,115.76,1.87,4.06,33.42
2067,20250513,1,65,1858.95,622.38,11.94,17.1,26.3
2068,20240404,4,30,1659.73,534.17,7.43,12.87,29.54
2069,20240104,4,11,867.49,288.42,5.56,4.01,26.88
2070,20241008,1,39,1967.73,676.82,6.84,23.49,24.01
2071,20240228,5,137,827.2,283.63,3.8,7.87,24.28
2072,20240301,1,186,2665.85,929.21,7.53,35.65,22.86
2073,20240330,1,77,140.45,48.13,0.78,1.03,24.33
2074,20250416,4,150,117.15,35.05,0.64,1.62,35.21
2075,20240124,3,123,885.54,288.69,5.2,6.02,28.5
2076,20250404,2,12,569.81,168.64,3.22,5.44,36.01
2077,20240815,2,48,86.57,26.79,0.38,0.38,32.63
2078,20240521,4,136,1257.3,411.54,5.19,14.66,28.17
2079,20251005,5,184,120.94,37.97,0.37,0.87,31.51
2080,20250516,1,71,1708.51,554.45,4.68,12.26,28.87
2081,20250322,1,20,1796.99,575.76,6.38,18.4,29.9
2082,20251206,1,119,658.46,197.56,2.19,6.51,34.99
2083,20250322,1,171,180.82,58.14,0.48,0.9,29.61
2084,20251227,5,96,774.5,236.87,3.53,8.85,33.54
2085,20240602,1,210,522.82,168.79,2.72,4.67,29.29
2086,20240612,4,156,1205.63,404.56,4.06,12.01,26.11
2087,20251018,1,229,1824.11,584.01,11.76,16.34,29.96
2088,20240722,1,54,1846.11,590.02,7.62,10.94,30.1
2089,20250820,3,240,623.03,190.7,2.33,7.9,33.48
2090,20250119,2,42,107.76,31.89,0.43,0.63,36.02
2091,20240116,2,217,114.13,34.75,0.55,1.06,33.88
2092,20240815,1,79,1473.27,503.21,8.58,18.27,24.61
2093,20241222,4,141,358.01,112.62,1.65,4.51,31.36
2094,20250624,3,236,369.63,107.52,0.97,3.33,37.28
2095,20241124,2,90,116.0,33.64,0.66,0.55,37.51
2096,20250705,5,51,851.31,256.18,3.77,4.71,34.77
2097,20240903,2,42,106.04,31.74,0.35,1.32,35.16
2098,20240901,4,72,1525.53,500.74,6.81,16.17,27.94
2099,20251224,2,97,1517.2,403.33,8.7,15.45,43.54
2100,20250816,3,165,1232.62,363.72,7.86,5.0,36.23
2101,20240726,3,78,1219.2,404.58,4.24,15.66,27.04
2102,20250307,1,32,147.19,47.11,0.9,1.9,29.99
2103,20251205,4,176,113.94,33.84,0.48,1.04,35.74
2104,20250724,1,64,1415.21,449.92,8.51,9.47,30.52
2105,20240214,2,97,1217.15,369.96,3.99,8.81,34.01
2106,20250524,5,53,814.38,259.62,2.06,8.84,30.3
2107,20240502,2,87,1130.43,359.84,3.97,7.0,30.42
2108,20251008,5,230,1831.59,595.41,5.96,12.67,28.73
2109,20240126,5,96,849.41,287.98,2.53,9.56,25.24
2110,20240616,4,62,975.1,312.31,3.88,8.07,29.93
2111,20250405,4,72,1396.6,427.64,3.73,15.32,33.45
2112,20240603,1,154,1598.05,527.87,4.26,12.63,27.42
2113,20250701,1,18,744.13,238.03,3.27,8.7,30.03
2114,20250708,2,8,465.09,130.45,2.34,4.19,39.88
2115,20240712,3,22,973.51,314.21,4.48,8.16,29.31
2116,20240517,2,56,308.1,93.65,1.89,1.6,34.01
2117,20250419,4,1,1349.36,420.41,4.19,12.59,32.11
2118,20250926,2,143,650.14,171.51,2.09,4.99,44.05
2119,20250209,1,196,1165.01,387.53,7.15,11.68,26.84
2120,20250626,1,118,125.78,40.93,0.78,1.16,28.65
2121,20240220,5,73,178.68,59.66,1.08,1.12,26.52
2122,20240725,2,212,1014.04,309.04,4.32,9.24,33.81
2123,20240304,4,68,858.15,279.1,5.45,7.65,28.69
2124,20251108,3,78,1924.56,606.78,9.43,21.32,31.18
2125,20250731,2,92,315.45,84.63,1.97,3.8,42.93
2126,20240523,2,55,551.03,168.11,3.24,3.87,33.73
2127,20240514,1,39,1681.37,572.61,10.67,10.86,24.86
2128,20251214,1,86,2661.98,833.73,9.82,17.75,31.7
2129,20250523,1,65,2155.87,693.33,8.48,10.07,29.6
2130,20250821,1,119,446.03,140.41,1.79,4.18,31.3
2131,20240902,3,105,1235.89,387.62,6.72,6.84,31.59
2132,20251111,1,185,154.63,48.64,0.77,1.14,31.36
2133,20240928,1,39,2048.78,681.1,6.36,12.64,26.89
2134,20240520,4,144,1376.54,463.23,6.06,10.39,25.87
2135,20250807,3,23,1383.42,421.11,6.8,16.7,33.9
2136,20241231,3,206,129.37,40.93,0.76,1.12,30.91
2137,20250120,3,138,1283.43,398.79,7.17,5.92,32.32
2138,20250519,2,198,80.47,22.67,0.44,0.62,39.56
2139,20250927,3,15,1064.25,322.17,4.23,13.0,34.32
2140,20240301,1,194,147.84,51.4,0.74,1.23,23.08
2141,20250922,5,7,116.87,36.03,0.54,1.31,32.93
2142,20250621,4,221,757.31,230.43,1.93,8.95,33.93
2143,20240919,3,38,1737.86,553.82,7.97,14.91,30.33
2144,20250809,1,79,1505.11,486.45,9.55,7.39,29.2
2145,20250409,4,46,838.49,263.62,4.39,9.48,31.4
2146,20251128,4,121,468.42,145.68,1.32,2.93,32.25
2147,20240627,4,139,108.32,35.06,0.38,0.73,29.09
2148,20240320,2,87,1395.03,415.22,3.78,9.29,35.59
2149,20250330,3,23,1533.14,448.72,8.24,17.29,36.83
2150,20240107,1,154,1697.13,583.13,8.96,13.91,24.1
2151,20240527,1,77,141.72,47.9,0.72,0.95,25.5
2152,20250429,3,78,1741.44,518.39,6.22,14.63,35.58
2153,20240911,4,121,473.86,144.77,1.3,2.78,33.62
2154,20250607,3,99,999.97,299.19,4.73,10.53,35.2
2155,20240215,1,65,2072.85,678.49,12.2,27.21,28.17
2156,20240502,5,7,126.32,43.19,0.75,1.0,24.52
2157,20240225,2,83,1354.67,409.49,4.81,12.92,34.43
2158,20240923,2,74,310.62,89.42,1.23,3.42,38.03
2159,20240627,4,161,291.52,92.0,0.87,3.65,31.1
2160,20240313,1,194,124.16,41.47,0.34,1.6,26.5
2161,20240805,3,78,1405.7,460.9,7.83,9.34,28.03
2162,20240721,1,111,119.36,37.88,0.54,0.54,30.67
2163,20250508,1,63,367.33,116.59,2.1,4.29,30.65
2164,20240219,5,81,1750.4,582.11,4.65,15.0,26.86
2165,20250831,3,38,1503.34,469.88,7.25,13.85,31.86
2166,20250101,4,70,1039.39,323.54,4.06,5.53,32.18
2167,20241110,2,108,98.3,27.87,0.58,1.32,39.11
2168,20250326,4,161,313.51,93.78,1.72,3.99,35.22
2169,20241207,4,163,1492.67,476.94,8.16,12.36,30.12
2170,20250817,3,99,1262.65,387.99,3.56,17.55,33.18
2171,20250326,1,18,1343.88,437.78,6.51,10.11,28.56
2172,20251107,3,22,1486.31,445.95,6.52,14.31,34.99
2173,20240607,2,56,239.28,71.74,1.39,2.29,35.05
2174,20250409,2,228,1376.31,392.85,7.14,8.44,38.64
2175,20250331,3,211,1756.64,537.18,6.95,7.26,33.55
2176,20240427,1,27,1704.54,600.61,7.54,13.48,21.91
2177,20241228,3,98,1941.65,594.07,6.99,15.25,33.51
2178,20250223,2,82,110.42,31.86,0.37,0.89,37.86
2179,20240418,1,89,2601.17,873.79,8.62,18.35,26.02
2180,20251129,1,4,1682.92,545.8,9.48,7.62,28.92
2181,20241204,1,58,2196.65,708.11,10.47,13.8,29.41
2182,20250709,5,222,333.63,101.0,1.08,3.37,34.32
2183,20250823,1,32,141.27,44.73,0.48,1.11,30.84
2184,20240322,3,13,1097.04,371.5,5.84,4.61,25.34
2185,20250329,3,123,872.8,262.78,3.66,4.52,34.73
2186,20240602,4,68,642.19,203.11,3.5,2.58,30.93
2187,20240201,1,6,1980.47,669.0,5.79,19.1,25.55
2188,20240111,2,172,1766.71,533.83,7.79,14.8,34.46
2189,20250821,5,44,105.95,34.0,0.4,0.86,29.77
2190,20250723,5,96,778.31,250.99,2.12,4.21,29.38
2191,20250801,1,4,1427.04,463.05,3.69,11.73,28.88
2192,20250206,5,96,812.78,267.66,2.7,8.52,27.67
2193,20240306,5,130,377.48,124.99,1.77,3.8,27.22
2194,20250501,1,2,1511.95,473.91,5.69,8.42,31.64
2195,20240502,1,220,1726.93,570.03,10.54,14.7,27.48
2196,20241107,5,130,375.02,120.5,1.19,3.91,29.67
2197,20240822,4,232,806.53,262.8,3.68,3.88,28.54
2198,20240330,1,86,2679.35,929.41,16.87,11.65,23.28
2199,20240221,5,34,1098.02,375.3,7.03,10.66,24.55
2200,20240319,4,178,393.03,125.69,1.93,4.0,30.05
2201,20250927,5,53,850.77,262.07,5.32,9.04,32.99
2202,20240819,4,69,611.23,201.36,3.54,4.49,27.64
2203,20251209,3,233,469.62,143.01,2.26,4.68,33.87
2204,20250517,2,172,1266.76,360.77,3.99,16.36,38.8
2205,20250316,4,144,1891.97,614.89,7.73,25.72,28.75
2206,20240802,1,182,1927.98,642.79,11.68,13.85,26.65
2207,20250214,4,158,1713.0,541.1,7.77,14.93,31.03
2208,20250509,5,34,827.13,267.59,3.14,9.44,29.12
2209,20240922,1,182,1547.3,513.7,6.1,12.73,27.0
2210,20250329,1,169,2418.85,778.87,11.78,16.33,29.5
2211,20241028,1,192,968.47,324.75,2.64,7.67,26.17
2212,20250612,2,24,509.57,148.77,3.16,4.73,37.01
2213,20250414,1,64,1588.0,523.4,6.78,20.69,27.6
2214,20240601,1,196,843.72,273.53,4.46,5.77,28.95
2215,20241012,2,42,104.87,31.55,0.57,0.92,34.78
2216,20240423,3,225,1485.93,496.36,9.42,19.97,26.49
2217,20250818,1,37,1393.55,437.8,6.66,8.84,31.46
2218,20250216,3,193,117.01,34.25,0.7,1.53,36.82
2219,20250822,1,79,1740.43,547.68,10.42,7.43,31.33
2220,20240811,4,120,994.17,319.53,4.8,13.2,29.65
2221,20241022,2,212,1033.46,296.23,5.41,8.45,38.34
2222,20250723,2,217,81.6,22.69,0.5,0.99,40.48
2223,20250923,1,111,118.83,37.57,0.57,1.13,30.96
2224,20250219,1,147,1013.58,324.39,5.08,5.04,29.99
2225,20250619,1,154,1714.35,559.36,11.08,12.64,28.43
2226,20240428,2,90,89.47,27.01,0.44,0.51,34.52
2227,20241119,2,26,369.8,105.13,1.44,3.91,38.93
2228,20241007,1,20,2197.37,746.93,5.98,16.35,25.02
2229,20250618,3,167,828.36,255.13,4.93,3.7,33.0
2230,20240328,1,186,2522.29,822.37,8.73,17.71,28.49
2231,20250912,4,116,693.61,206.03,1.9,9.34,35.74
2232,20250525,5,73,146.04,47.73,0.82,1.07,28.3
2233,20250412,1,229,1684.08,513.58,10.29,18.35,33.76
2234,20240417,4,214,674.18,220.51,3.06,5.02,28.23
2235,20241027,3,240,842.18,265.96,3.15,11.17,31.05
2236,20250719,1,218,1065.2,352.37,4.12,11.52,27.3
2237,20250710,1,164,1767.65,541.61,10.67,13.62,33.4
2238,20240621,3,240,643.69,205.08,2.45,6.26,30.35
2239,20250912,1,186,1788.26,557.72,4.68,23.22,32.03
2240,20250911,1,18,850.74,267.13,3.6,11.44,31.5
2241,20240419,1,218,992.28,336.62,6.01,5.15,25.19
2242,20241210,3,165,1497.71,466.63,5.34,15.76,32.11
2243,20241002,1,248,2321.25,778.64,13.95,17.85,26.14
2244,20240917,4,128,1096.72,357.44,3.21,10.51,28.52
2245,20250419,1,58,1628.49,522.62,4.44,14.06,29.77
2246,20250905,1,111,162.61,53.49,0.47,0.91,27.76
2247,20240925,1,106,1525.2,494.71,4.92,12.43,28.91
2248,20251002,3,146,88.43,26.72,0.54,0.89,34.47
2249,20240405,3,103,116.13,38.71,0.54,1.63,26.67
2250,20240804,3,244,301.5,95.97,1.43,2.38,30.42
2251,20241230,1,164,1859.22,621.57,7.1,14.43,26.42
2252,20250210,3,14,1648.37,514.03,5.28,18.27,32.04
2253,20250915,3,190,644.99,191.92,3.32,7.62,35.61
2254,20250103,2,207,804.78,241.31,3.84,10.4,35.04
2255,20250301,3,193,106.96,33.75,0.59,1.08,31.11
2256,20250624,4,109,1192.86,371.84,5.06,10.14,32.07
2257,20251113,1,199,201.65,64.03,0.69,1.22,30.62
2258,20240806,1,153,1526.6,532.48,7.52,13.83,22.8
2259,20240315,1,192,1176.54,413.29,6.11,9.53,22.18
2260,20250407,1,153,1494.21,470.02,8.27,16.52,31.36
2261,20240618,4,208,739.07,246.14,2.72,5.75,26.74
2262,20250206,5,249,2079.2,662.1,7.67,27.38,30.39
2263,20250308,2,143,704.53,215.14,4.21,8.57,33.66
2264,20240302,2,52,106.56,32.68,0.66,1.19,33.34
2265,20250716,3,226,379.9,115.55,1.0,3.65,33.96
2266,20251020,2,241,87.36,24.37,0.23,1.12,40.26
2267,20250527,4,176,82.05,26.05,0.3,0.62,30.64
2268,20250628,1,65,1684.06,550.35,9.37,18.13,28.3
2269,20250520,3,22,1236.9,376.02,6.34,14.63,34.0
2270,20240429,1,61,1942.8,665.29,8.52,24.28,24.39
2271,20240504,1,54,1899.07,628.82,9.98,7.66,27.22
2272,20240424,2,42,85.27,24.85,0.28,0.54,37.13
2273,20251210,3,22,1615.42,496.52,5.58,20.13,33.16
2274,20250208,2,115,1642.46,476.77,4.24,21.47,37.43
2275,20240306,4,1,1268.25,422.78,6.49,7.19,26.66
2276,20250706,1,79,1515.99,476.2,4.26,16.43,31.47
2277,20240525,2,92,335.01,100.32,1.02,4.5,35.14
2278,20240205,2,57,697.68,206.21,2.01,4.51,36.11
2279,20250721,1,63,338.83,104.97,1.11,4.67,32.55
2280,20240723,1,192,675.44,222.52,1.89,5.46,27.64
2281,20241009,3,219,114.44,35.98,0.37,1.47,31.39
2282,20251012,3,219,105.51,31.22,0.59,1.29,36.03
2283,20250929,1,220,1609.26,525.71,5.78,9.93,28.33
2284,20240319,1,201,1069.21,374.61,3.65,5.0,22.41
2285,20241129,2,87,1228.3,360.33,5.26,10.76,36.66
2286,20241207,4,1,1231.55,387.1,7.8,11.2,31.42
2287,20240113,1,223,2255.16,796.79,10.69,25.1,21.67
2288,20250107,1,58,1707.9,541.75,10.46,22.29,30.7
2289,20250924,3,240,784.98,226.86,4.68,9.73,37.75
2290,20251001,5,44,110.32,34.17,0.42,1.08,32.56
2291,20250810,3,202,84.84,24.73,0.54,0.52,37.12
2292,20251224,3,13,1132.58,342.13,2.87,9.65,34.48
2293,20251003,5,137,1023.18,319.27,3.77,11.17,31.99
2294,20240614,1,153,1379.24,480.8,5.69,14.18,22.85
2295,20251210,1,223,2627.9,827.68,6.74,31.19,31.26
2296,20250323,1,145,207.05,65.92,0.53,2.68,30.41
2297,20251127,3,211,1333.66,406.93,5.34,8.59,33.72
2298,20250531,4,136,1464.19,443.12,4.58,12.23,34.34
2299,20241111,1,63,498.85,166.56,2.08,5.98,26.53
2300,20240930,4,101,371.3,120.76,1.99,3.21,28.69
2301,20251113,3,226,473.62,143.39,2.49,2.09,34.31
2302,20240511,4,136,1165.77,378.97,7.44,15.39,28.73
2303,20250814,4,128,1034.5,305.26,6.44,12.8,36.23
2304,20250109,2,197,1320.29,382.57,4.96,9.27,37.56
2305,20250219,1,18,1324.32,429.72,7.09,10.39,28.88
2306,20240521,2,90,89.94,26.11,0.44,1.05,37.43
2307,20241225,1,16,2026.93,660.62,8.5,11.25,28.52
2308,20251209,2,195,1030.67,280.59,3.57,9.13,41.94
2309,20250916,2,48,108.44,30.13,0.38,1.01,40.53
2310,20250711,3,14,1076.24,323.22,3.42,11.95,34.92
2311,20250310,4,72,1336.45,426.38,5.68,8.93,30.24
2312,20240620,3,240,768.32,249.15,4.13,3.12,28.93
2313,20250807,1,79,1517.49,484.87,6.24,11.29,30.12
2314,20241101,1,27,2383.61,766.38,9.43,31.48,29.62
2315,20250210,2,92,326.17,94.43,1.7,3.8,37.62
2316,20240304,1,63,501.42,167.37,1.77,5.01,26.55
2317,20250619,1,246,493.78,156.01,1.37,4.79,31.01
2318,20251003,3,219,106.34,31.91,0.57,0.87,34.98
2319,20240830,3,240,679.29,215.23,2.18,2.93,30.79
2320,20250227,1,32,203.76,65.9,1.01,1.99,29.15
2321,20250918,1,231,2114.38,669.16,5.84,26.18,30.88
2322,20240809,1,227,1227.3,413.5,6.37,14.59,25.77
2323,20240201,5,249,2045.16,675.48,8.15,17.55,27.43
2324,20240215,2,228,1269.54,397.47,5.15,11.17,31.73
2325,20241118,3,98,1494.76,455.36,4.22,11.49,33.84
2326,20251101,1,147,1326.72,430.87,7.24,6.64,28.81
2327,20251130,1,145,215.33,62.7,0.73,2.63,37.2
2328,20250701,2,97,843.97,241.58,3.57,4.76,38.44
2329,20250911,4,101,281.08,84.74,1.01,3.06,34.63
2330,20251029,3,190,832.05,242.79,3.04,5.65,37.05
2331,20240806,1,177,141.05,46.96,0.44,1.97,26.77
2332,20250508,1,157,1991.6,641.53,6.87,11.83,29.47
2333,20240906,1,9,134.36,44.49,0.44,1.56,27.21
2334,20250802,2,8,572.58,158.01,3.31,6.58,41.01
2335,20241116,1,135,150.96,49.53,0.72,1.55,27.97
2336,20250724,1,223,1487.79,464.61,7.75,18.53,31.93
2337,20250805,1,88,144.4,45.98,0.45,2.0,30.39
2338,20250128,1,196,1429.49,472.02,5.24,19.25,27.45
2339,20240508,1,157,1476.75,508.71,6.13,13.91,23.88
2340,20250606,5,234,1550.41,517.9,4.3,15.54,26.49
2341,20241204,5,137,1119.0,359.51,3.7,8.63,29.68
2342,20250614,2,140,86.31,25.07,0.46,1.1,37.39
2343,20250521,4,232,874.29,268.13,2.35,7.85,33.33
2344,20250315,1,41,1879.0,613.83,5.28,12.87,28.33
2345,20240714,1,89,2219.41,734.36,6.72,15.19,27.28
2346,20251120,4,72,1389.22,407.21,7.5,6.12,36.72
2347,20240206,1,37,1789.52,616.02,10.41,12.34,23.94
2348,20250522,3,98,1338.53,407.07,6.01,14.33,33.97
2349,20250720,5,53,702.85,218.98,2.42,6.02,32.11
2350,20250331,1,154,2110.95,680.15,5.39,22.83,29.45
2351,20250728,1,192,876.59,282.19,5.42,7.92,29.52
2352,20250210,1,132,625.35,208.37,2.99,8.43,26.7
2353,20250528,1,47,1951.26,650.78,11.38,25.11,26.62
2354,20250304,1,142,575.97,184.91,2.83,6.01,29.74
2355,20251014,4,162,583.73,178.08,2.26,4.36,33.73
2356,20240327,4,136,1893.28,633.42,10.77,21.39,26.36
2357,20241219,3,167,961.51,303.07,3.95,3.98,31.2
2358,20250213,2,26,401.21,111.66,1.43,4.02,40.42
2359,20241223,1,185,210.46,67.19,0.81,2.42,30.19
2360,20250222,1,237,2267.56,722.17,6.13,13.62,30.38
2361,20240319,3,244,352.91,108.46,1.36,2.97,33.17
2362,20240713,5,180,1456.0,491.43,6.59,19.75,25.62
2363,20250403,4,136,1700.03,538.09,7.36,15.84,30.87
2364,20250119,5,234,2003.02,656.51,12.97,24.05,28.06
2365,20241204,3,236,511.05,164.11,1.46,5.28,29.72
2366,20240415,2,241,108.42,33.16,0.33,0.95,33.54
2367,20250628,4,144,1403.64,424.8,8.74,10.9,34.34
2368,20240121,1,145,216.12,73.14,1.19,2.12,25.4
2369,20240417,3,50,357.52,115.01,1.68,2.92,29.58
2370,20241208,4,141,353.66,116.51,1.09,3.16,27.64
2371,20241231,1,171,188.6,59.48,0.51,2.32,31.15
2372,20250407,3,129,1157.12,357.69,7.39,7.99,32.72
2373,20250225,2,55,699.8,199.95,2.92,6.92,38.57
2374,20250924,3,36,90.42,25.88,0.3,0.93,38.45
2375,20240211,1,199,171.21,57.49,0.47,1.05,26.05
2376,20250601,2,52,84.86,23.75,0.45,0.83,40.03
2377,20250406,1,169,2384.87,755.81,14.66,19.25,30.77
2378,20240204,1,248,2892.47,1001.26,11.95,17.21,23.46
2379,20250113,4,139,105.86,34.41,0.42,0.55,28.73
2380,20251006,1,185,153.54,46.53,0.81,1.07,34.24
2381,20241120,1,32,181.65,57.89,0.48,1.12,30.33
2382,20241219,2,108,109.46,32.1,0.65,1.12,36.69
2383,20241122,1,37,1545.09,517.17,4.78,16.51,26.32
2384,20250104,2,238,121.98,35.96,0.33,1.16,36.29
2385,20250318,2,195,1152.32,337.58,6.48,14.49,36.76
2386,20241118,1,61,2064.35,675.21,5.4,24.89,28.23
2387,20240124,2,204,1488.06,457.55,9.2,19.98,33.13
2388,20240916,4,209,344.54,107.54,2.2,2.04,31.97
2389,20250819,1,147,782.33,238.2,2.02,4.35,33.88
2390,20251126,4,121,432.93,132.91,1.65,2.79,33.25
2391,20241121,2,242,581.16,180.42,3.16,4.88,32.39
2392,20250912,5,34,680.02,212.57,2.03,7.22,31.85
2393,20250913,2,112,71.09,20.06,0.4,0.44,39.46
2394,20241108,3,165,1356.34,435.87,5.17,7.43,29.66
2395,20241001,2,83,1172.63,348.6,4.45,8.69,35.68
2396,20240630,3,233,318.98,103.09,1.5,1.47,29.2
2397,20240609,2,48,102.43,30.65,0.43,0.48,35.2
2398,20250126,5,66,134.32,42.45,0.44,0.9,31.0
2399,20250723,3,244,333.93,102.85,1.06,2.36,33.0
2400,20250801,5,149,1212.34,380.29,5.22,16.4,31.58
2401,20240726,3,36,108.0,33.87,0.7,1.14,31.59
2402,20251216,3,146,97.87,27.33,0.55,0.89,40.19
2403,20241112,1,164,1725.51,571.97,10.15,21.25,27.13
2404,20240502,2,42,93.2,28.55,0.55,0.63,33.42
2405,20250225,4,68,759.32,241.74,3.23,8.51,30.41
2406,20240311,3,13,1241.78,414.66,4.03,15.62,26.52
2407,20240506,4,243,689.73,219.83,4.27,8.93,30.32
2408,20250926,3,104,104.81,31.44,0.47,1.16,35.0
2409,20250803,1,93,1271.26,394.45,5.2,5.76,32.43
2410,20251004,1,135,137.76,42.3,0.37,1.33,33.23
2411,20240804,1,4,1549.04,511.86,4.03,15.2,27.39
2412,20240824,2,95,916.94,266.13,4.97,11.33,37.44
2413,20251018,1,118,160.65,52.32,1.0,1.64,28.58
2414,20250607,5,53,713.54,225.82,2.64,7.98,30.88
2415,20241003,1,9,134.16,43.04,0.58,0.56,29.79
2416,20240522,2,250,1028.43,305.94,6.36,6.0,35.63
2417,20240905,1,6,1638.52,551.92,7.54,8.77,25.79
2418,20250603,5,73,103.14,33.23,0.46,1.09,29.46
2419,20250521,3,10,670.56,209.72,3.82,6.23,31.81
2420,20241117,2,52,124.13,37.36,0.41,0.6,34.75
2421,20251007,3,94,579.82,167.87,2.98,6.37,37.62
2422,20251202,1,9,131.25,41.16,0.59,1.75,31.6
2423,20241112,1,151,612.17,199.35,3.64,2.63,28.59
2424,20250804,5,81,1201.34,358.24,3.78,7.56,35.45
2425,20240920,5,249,1620.19,519.3,6.12,17.59,29.87
2426,20250620,2,172,1111.53,313.18,3.46,8.99,39.56
2427,20251207,4,170,926.37,284.88,4.21,8.51,33.12
2428,20250610,4,178,267.38,79.53,0.96,2.57,35.64
2429,20240924,1,224,1655.71,554.66,9.5,10.48,26.25
2430,20241106,3,129,1358.74,439.58,7.2,14.17,29.12
2431,20241127,2,87,1656.0,484.61,7.25,21.69,36.84
2432,20241221,1,229,1815.96,570.43,7.69,18.46,31.47
2433,20240604,4,101,300.7,99.63,1.58,2.5,27.17
2434,20250827,2,90,86.11,24.38,0.42,0.79,39.21
2435,20250217,2,52,128.75,36.42,0.37,1.43,39.29
2436,20250830,1,20,1877.98,623.64,9.16,13.1,26.98
2437,20250814,2,204,1123.66,312.29,3.73,6.64,40.52
2438,20250916,5,81,1445.13,457.24,5.53,19.81,30.9
2439,20251029,3,14,1338.46,416.58,4.19,6.13,32.19
2440,20240304,3,190,668.77,221.47,4.14,4.85,27.21
2441,20251001,2,82,93.9,25.94,0.38,0.57,40.95
2442,20250721,1,153,1208.1,378.76,6.77,11.89,31.62
2443,20240123,2,108,98.73,30.07,0.51,1.29,33.87
2444,20250702,5,7,127.42,40.69,0.43,0.8,30.17
2445,20240223,2,48,110.54,32.52,0.63,0.59,36.45
2446,20250213,2,217,93.22,27.84,0.4,1.02,35.34
2447,20250103,1,27,2544.64,817.03,11.39,29.33,29.73
2448,20241102,1,77,168.08,56.58,0.63,0.76,25.84
2449,20251127,5,66,99.7,31.99,0.48,1.1,29.79
2450,20240829,3,50,287.44,93.29,1.03,1.95,28.86
2451,20250725,2,241,85.52,24.62,0.37,0.99,38.03
2452,20250531,4,45,658.81,203.91,2.98,3.43,32.62
2453,20250815,4,243,636.18,199.1,3.77,5.56,31.76
2454,20240927,2,212,899.13,274.99,4.13,12.54,33.54
2455,20250619,5,189,1543.16,501.16,6.05,14.15,28.81
2456,20250530,1,111,164.85,54.12,0.81,2.01,27.92
2457,20250603,1,6,1618.1,521.29,10.09,6.88,29.46
2458,20250505,1,4,1856.09,587.94,6.57,12.93,30.81
2459,20250802,5,73,129.48,41.85,0.34,1.72,29.2
2460,20251112,4,120,1451.91,451.72,4.6,13.66,32.22
2461,20250825,3,15,909.43,273.74,3.66,9.07,34.75
2462,20240907,5,59,1081.65,346.6,6.5,14.1,29.89
2463,20250630,2,3,608.36,168.73,1.55,5.74,40.66
2464,20241119,1,32,181.89,60.07,1.02,2.52,27.43
2465,20250518,4,232,847.72,265.13,4.5,10.98,31.81
2466,20240828,4,178,313.79,100.83,1.94,3.45,29.67
2467,20240101,1,86,2516.26,846.27,12.37,14.85,25.92
2468,20240801,2,217,68.29,19.94,0.24,0.69,37.0
2469,20240330,2,115,1590.79,493.97,9.95,16.07,32.37
2470,20241211,2,8,651.63,189.0,2.62,7.28,37.49
2471,20240425,5,180,1623.07,560.48,9.65,17.46,23.67
2472,20240710,3,206,71.39,22.85,0.24,0.92,29.97
2473,20240428,2,35,1086.51,323.43,2.86,9.28,35.58
2474,20250531,1,18,1137.27,372.98,7.05,14.93,28.01
2475,20240515,2,143,528.58,157.5,2.5,5.06,35.51
2476,20251205,5,149,1679.22,515.39,9.58,19.82,33.27
2477,20250909,5,180,1655.93,518.17,9.63,20.25,31.77
2478,20241130,4,68,867.39,280.06,4.86,3.58,29.28
2479,20240212,1,43,1852.38,614.99,10.35,25.91,27.0
2480,20240819,1,145,128.81,43.13,0.4,0.52,26.3
2481,20240716,2,26,297.82,91.29,1.93,2.52,33.37
2482,20240525,1,201,862.31,294.12,3.15,10.68,24.73
2483,20250504,5,73,142.11,42.56,0.5,1.51,35.12
2484,20241120,4,62,1441.83,454.93,7.52,19.09,31.12
2485,20251101,4,80,1425.42,419.7,4.89,9.56,36.39
2486,20250219,3,103,125.24,40.95,0.56,1.7,28.26
2487,20240104,5,44,156.05,52.56,0.39,2.18,25.8
2488,20250207,1,218,1316.45,429.22,7.36,15.57,28.49
2489,20240304,3,165,1424.1,464.77,5.19,19.6,28.41
2490,20240703,5,76,715.92,235.42,2.07,8.31,27.79
2491,20250401,1,224,1861.49,617.87,6.65,11.88,27.02
2492,20250211,2,238,87.88,24.24,0.44,1.05,41.04
2493,20250501,3,233,395.65,118.6,2.53,4.38,35.06
2494,20240507,2,217,77.04,23.52,0.31,0.71,33.66
2495,20251207,5,51,955.05,278.15,2.52,4.9,37.19
2496,20240503,1,182,1599.16,555.36,5.59,19.71,23.18
2497,20250411,3,10,849.2,260.23,4.16,10.57,33.39
2498,20240804,5,131,1291.29,431.76,6.44,9.79,26.41
2499,20250203,3,127,983.12,302.96,3.27,4.38,32.96
2500,20241226,4,221,1046.31,332.1,3.95,8.21,30.65
2501,20240910,5,44,133.95,42.67,0.52,1.83,30.37
2502,20250220,3,165,1787.21,562.97,5.95,11.55,31.25
2503,20251014,5,234,1888.85,580.33,8.82,25.5,33.19
2504,20250710,4,203,774.19,237.3,2.28,10.18,33.37
2505,20250302,2,95,1251.95,362.31,6.66,15.44,37.65
2506,20240929,4,124,97.73,31.18,0.36,0.65,30.24
2507,20250908,4,45,848.61,255.06,4.44,11.32,34.86
2508,20240421,1,229,1442.84,484.27,5.97,13.82,26.09
2509,20250324,1,192,1190.74,400.18,7.11,16.11,25.98
2510,20240523,5,180,1354.36,446.51,3.74,13.33,27.58
2511,20240912,1,5,1315.01,443.16,7.6,16.72,25.75
2512,20240118,1,245,1862.79,647.21,5.27,13.91,23.14
2513,20250806,4,101,276.34,83.09,1.6,3.87,34.83
2514,20240830,2,242,609.92,179.17,3.63,3.11,36.56
2515,20250331,4,144,1445.27,452.72,7.68,6.87,31.69
2516,20250324,1,147,1254.76,407.14,6.87,15.34,28.88
2517,20241016,1,58,1414.9,468.5,5.76,18.18,27.22
2518,20250203,1,182,2677.81,907.88,17.27,13.77,25.24
2519,20241122,2,212,1282.62,385.91,3.72,12.08,34.78
2520,20241127,1,147,1303.54,428.34,7.42,6.18,27.85
2521,20240118,1,201,1270.26,427.77,4.67,17.08,25.81
2522,20250121,4,173,866.13,275.67,4.16,6.32,30.43
2523,20240124,2,56,397.17,124.84,1.03,4.89,31.42
2524,20240430,2,19,1272.34,385.26,6.26,7.76,34.3
2525,20240512,3,28,597.94,189.48,2.3,7.8,30.78
2526,20240113,5,180,1780.27,586.78,8.29,10.01,27.6
2527,20241105,1,218,1033.26,342.59,4.56,7.34,27.11
2528,20241205,5,175,170.52,54.66,0.83,1.69,29.86
2529,20240317,5,159,528.51,185.8,2.23,6.03,22.11
2530,20240209,2,110,1502.33,471.43,5.78,17.46,31.55
2531,20241024,1,201,947.56,302.46,5.75,10.55,30.2
2532,20251118,1,246,524.26,163.55,1.48,7.31,32.01
2533,20241122,1,223,1889.98,628.76,9.67,11.27,26.83
2534,20240216,1,47,2176.49,747.58,7.45,15.59,24.13
2535,20240629,3,98,1104.07,348.18,6.82,14.33,31.16
2536,20240614,5,137,838.66,279.27,5.3,4.6,26.75
2537,20250225,5,81,1942.45,623.6,5.93,16.42,29.74
2538,20251215,1,186,2102.31,651.72,5.37,16.78,32.5
2539,20240110,3,99,1396.36,465.77,7.35,8.63,26.61
2540,20241101,4,163,1279.72,408.23,6.14,5.18,30.25
2541,20250519,2,238,84.06,23.11,0.29,1.0,41.27
2542,20240531,1,196,1267.91,423.28,4.22,13.5,26.54
2543,20250720,5,249,1521.57,497.61,8.74,12.46,28.24
2544,20240924,1,157,1548.08,548.21,7.59,8.43,21.47
2545,20250709,4,215,524.92,161.65,2.52,2.37,33.01
2546,20250417,5,189,2062.08,663.08,9.85,15.39,29.61
2547,20250416,4,70,701.46,217.62,2.16,8.32,32.44
2548,20240628,2,26,268.86,80.24,0.71,1.8,35.39
2549,20240707,1,147,947.59,321.35,3.55,4.15,25.22
2550,20251108,1,246,613.26,185.25,2.5,3.28,34.48
2551,20250506,4,215,536.51,165.65,1.66,7.36,32.81
2552,20240627,2,95,891.65,275.98,3.85,5.65,32.62
2553,20251107,1,89,2303.7,697.01,11.5,15.08,34.36
2554,20250205,1,153,1613.06,537.67,4.59,12.39,26.67
2555,20240611,4,205,113.85,36.23,0.39,0.57,30.45
2556,20250725,3,148,1200.45,350.53,7.05,10.53,37.0
2557,20240511,1,223,2093.17,711.76,11.92,16.3,24.99
2558,20250311,5,187,399.6,129.45,2.02,5.26,29.01
2559,20250409,1,125,1764.42,559.18,8.08,18.89,30.77
2560,20250725,3,94,584.64,177.1,2.51,2.82,34.27
2561,20250530,4,203,1102.89,341.98,4.99,5.8,32.48
2562,20240204,3,40,1626.38,542.37,5.51,22.44,26.63
2563,20251015,4,144,1578.7,493.31,4.38,20.45,31.88
2564,20250725,1,248,1853.73,614.55,7.51,12.66,27.12
2565,20240108,2,115,1782.93,554.78,5.74,15.76,32.21
2566,20240827,1,199,140.75,46.99,0.85,1.64,26.53
2567,20250125,1,16,1846.24,601.58,6.73,11.24,28.54
2568,20240129,4,203,1394.03,459.25,7.97,19.44,27.64
2569,20251208,2,97,1321.7,369.28,4.52,11.67,40.15
2570,20240223,1,229,1860.7,647.3,7.32,24.05,23.03
2571,20250601,1,177,118.62,40.44,0.38,1.31,24.78
2572,20241221,5,7,142.94,46.3,0.77,0.67,29.02
2573,20250105,1,154,1849.83,618.88,5.33,22.02,26.36
2574,20250208,1,166,1826.19,584.23,7.47,8.1,30.02
2575,20241128,1,132,608.41,195.01,3.44,6.98,29.87
2576,20240118,1,227,2232.33,772.83,12.33,19.57,23.45
2577,20250928,2,183,647.46,185.98,2.65,3.02,38.19
2578,20240506,4,109,1415.0,465.82,5.05,19.27,27.7
2579,20240627,5,76,535.42,171.7,3.0,6.29,29.83
2580,20240129,1,61,2315.58,797.86,10.28,20.84,23.86
2581,20250710,3,94,562.87,170.66,2.87,5.62,34.2
2582,20240326,1,43,1454.23,509.39,7.87,14.98,22.43
2583,20250521,2,228,1053.06,300.75,2.83,12.43,38.6
2584,20251227,1,133,1539.12,472.51,7.17,6.38,33.25
2585,20241207,4,144,1969.14,644.15,5.53,11.32,28.22
2586,20240317,1,118,163.11,58.11,0.44,1.44,20.93
2587,20241121,1,6,1887.51,616.99,8.58,14.22,28.28
2588,20251115,1,9,122.34,38.62,0.49,1.63,31.09
2589,20250205,4,173,1091.21,351.68,5.25,6.22,29.43
2590,20240525,5,91,1436.03,469.7,6.63,16.13,28.23
2591,20240311,4,30,1343.68,448.25,8.49,10.46,26.6
2592,20241104,1,106,1912.86,627.72,5.72,14.42,27.96
2593,20241216,5,249,2388.07,769.72,9.1,32.59,29.42
2594,20240911,1,169,2037.4,695.81,11.48,13.89,24.62
2595,20250414,4,136,1388.25,429.08,8.21,11.57,32.73
2596,20251109,4,69,620.55,188.25,2.23,3.75,34.16
2597,20240512,3,22,1047.49,332.31,6.34,10.48,30.69
2598,20251101,1,227,1851.91,592.39,5.02,17.34,30.03
2599,20241015,2,42,87.78,25.55,0.25,0.53,37.23
2600,20240424,3,10,703.26,226.37,2.91,4.58,29.53
2601,20250523,3,10,681.43,211.6,4.27,6.91,32.37
2602,20250309,1,191,161.47,50.91,0.67,1.17,31.17
2603,20250123,2,83,1334.91,391.98,7.1,7.32,36.59
2604,20251013,4,72,1536.77,471.73,8.7,10.39,33.26
2605,20240116,1,16,1590.3,551.07,5.7,11.93,23.37
2606,20250824,3,28,717.15,214.92,2.04,6.92,35.08
2607,20240513,3,36,96.72,30.89,0.56,0.82,30.16
2608,20240718,1,27,1414.75,463.36,7.89,12.74,28.12
2609,20240903,1,125,1310.04,431.06,3.95,15.07,27.74
2610,20240517,2,204,1377.49,427.41,8.72,14.5,32.43
2611,20250927,3,40,1342.97,403.59,5.03,7.38,34.87
2612,20250626,2,42,93.94,26.89,0.55,0.64,38.43
2613,20250622,2,3,441.37,124.25,2.66,3.72,39.62
2614,20251005,1,20,1757.67,563.09,5.45,19.16,29.91
2615,20250318,1,37,1890.3,608.68,8.39,24.55,29.5
2616,20250218,3,233,413.49,129.87,1.37,3.94,31.48
2617,20250216,1,181,1974.17,645.47,12.53,9.24,28.26
2618,20240229,2,115,1738.97,528.37,8.76,14.41,34.04
2619,20240609,1,54,1440.61,486.12,4.58,15.68,25.64
2620,20240413,4,215,697.93,233.78,3.77,7.7,26.26
2621,20241205,5,131,1408.86,451.68,4.13,18.62,29.85
2622,20240318,3,102,156.12,50.95,0.48,2.16,28.41
2623,20241025,1,27,1748.32,586.39,10.24,11.18,26.15
2624,20240326,2,241,117.72,34.57,0.76,0.68,36.59
2625,20240321,1,142,614.45,207.78,3.48,4.13,25.46
2626,20250610,1,58,1567.06,511.93,7.06,17.96,28.33
2627,20240424,1,125,1477.82,513.51,4.86,8.74,23.13
2628,20251119,1,77,125.02,40.38,0.42,1.39,29.25
2629,20240209,3,233,500.42,160.17,3.13,2.97,29.98
2630,20251223,1,160,156.02,48.74,0.44,0.87,31.9
2631,20240831,4,45,614.46,197.61,2.47,4.76,29.6
2632,20251007,4,72,1526.04,478.51,6.72,12.47,31.61
2633,20251201,1,229,1725.08,538.5,7.97,14.74,31.96
2634,20250423,1,220,1642.56,517.34,9.8,16.99,31.26
2635,20240404,2,12,705.01,217.74,2.2,5.15,32.79
2636,20250228,3,129,1121.88,357.25,4.45,12.66,30.39
2637,20241005,4,46,976.17,316.98,6.01,10.72,28.82
2638,20241125,4,215,834.86,269.59,4.92,8.14,29.27
2639,20250307,2,42,108.84,30.86,0.49,0.55,39.11
2640,20240517,3,167,793.42,258.65,4.13,7.05,28.5
2641,20250503,1,147,921.05,287.55,4.04,6.11,31.95
2642,20240406,5,189,1734.22,571.95,6.01,12.11,27.55
2643,20241009,3,36,95.47,30.65,0.53,0.48,29.75
2644,20240208,4,136,1455.75,479.29,8.57,19.77,27.69
2645,20241220,1,186,2068.66,687.95,9.38,17.72,26.86
2646,20250805,4,214,654.78,195.75,3.89,9.09,35.26
2647,20251206,3,50,485.81,145.92,2.31,2.62,34.91
2648,20240423,1,71,1949.13,645.79,6.19,21.9,27.17
2649,20240902,1,5,1366.98,451.43,4.87,14.15,27.44
2650,20240314,2,56,311.54,92.35,1.22,2.21,35.89
2651,20251121,2,52,99.53,28.22,0.61,1.08,39.11
2652,20240803,4,45,796.09,258.35,3.92,6.38,28.87
2653,20240511,5,7,139.02,46.23,0.54,1.16,26.86
2654,20250105,2,19,1543.07,469.4,4.46,19.89,33.95
2655,20241031,1,43,1840.49,560.54,10.46,23.06,33.86
2656,20241210,1,64,1524.98,512.94,6.3,9.01,25.91
2657,20250922,5,130,408.17,130.88,1.92,2.68,29.84
2658,20251227,1,2,1843.22,562.77,5.31,22.05,33.67
2659,20250401,5,187,444.92,142.2,2.32,3.49,30.1
2660,20250106,1,157,1971.6,633.12,11.95,20.5,29.72
2661,20241229,1,88,216.09,69.87,0.83,2.32,29.16
2662,20241102,3,13,1271.04,395.6,4.01,12.34,32.19
2663,20250825,4,221,766.09,239.94,4.88,10.72,31.7
2664,20240827,5,137,773.7,269.43,4.62,6.86,22.94
2665,20240113,3,21,1032.54,337.6,4.33,5.04,28.26
2666,20250831,3,233,314.96,90.87,1.84,1.7,37.87
2667,20240429,3,94,592.55,190.87,3.81,8.12,29.47
2668,20250426,3,28,790.76,238.62,2.64,10.0,34.56
2669,20251202,3,219,127.84,37.42,0.53,1.18,36.83
2670,20250526,1,125,1502.97,499.29,6.46,8.35,26.95
2671,20251125,3,49,1403.78,425.68,4.61,8.15,34.19
2672,20240101,3,165,1610.49,541.77,5.77,10.24,25.9
2673,20250918,2,212,1200.67,330.62,3.66,16.48,41.16
2674,20251207,4,69,766.82,224.37,2.02,3.52,36.85
2675,20251018,1,182,2247.25,704.38,9.88,29.21,31.64
2676,20240609,1,246,373.47,125.84,1.2,2.11,25.76
2677,20240329,1,2,1982.65,662.84,8.65,27.29,26.42
2678,20240815,4,144,1241.23,396.65,4.37,8.5,30.11
2679,20240922,1,71,1601.77,524.29,9.84,17.83,28.17
2680,20240205,2,204,1292.55,382.44,4.22,9.09,36.03
2681,20240404,4,101,325.33,109.23,0.92,2.37,26.06
2682,20240919,3,38,1544.07,494.47,4.12,6.62,29.94
2683,20240620,2,217,68.32,20.29,0.43,0.47,35.74
2684,20251007,5,137,997.08,316.59,6.4,9.83,30.62
2685,20250920,1,218,938.53,292.97,3.92,5.4,31.96
2686,20241104,1,147,1359.81,449.93,3.51,6.89,27.28
2687,20240915,1,71,1754.17,604.28,9.11,24.4,23.88
2688,20240408,1,231,1935.33,654.45,4.97,13.13,25.46
2689,20240607,1,157,1840.04,616.56,6.3,12.17,26.23
2690,20240403,4,208,751.11,244.59,2.57,3.3,28.59
2691,20240925,1,220,1994.41,686.72,8.46,22.62,23.92
2692,20251222,5,175,130.81,40.33,0.56,0.59,32.93
2693,20240916,3,134,761.12,233.97,2.72,7.69,33.15
2694,20250202,1,160,201.23,64.59,1.11,2.8,29.75
2695,20240705,2,198,66.45,20.08,0.19,0.32,34.46
2696,20251230,3,23,1931.72,571.56,6.4,26.68,36.03
2697,20250503,5,7,143.36,45.81,0.59,1.51,30.11
2698,20240919,1,194,135.35,44.67,0.87,1.37,27.49
2699,20250811,2,24,487.12,138.38,2.57,6.45,38.98
2700,20251218,5,91,1829.39,551.67,5.52,24.51,34.61
2701,20250801,1,145,141.87,45.01,0.8,1.24,30.68
2702,20240520,4,30,1276.32,412.1,4.49,8.45,29.28
2703,20250217,5,73,154.94,49.78,0.5,1.66,29.68
2704,20241008,1,154,1965.19,658.81,5.12,17.83,26.19
2705,20240513,1,223,2063.6,684.21,13.14,26.13,27.11
2706,20250502,5,66,88.97,28.03,0.35,0.76,31.24
2707,20251202,1,171,201.34,64.24,0.77,2.62,30.24
2708,20240505,4,116,615.28,198.61,3.97,4.44,29.3
2709,20240317,3,98,1854.3,625.05,10.61,8.91,25.73
2710,20250312,1,16,1798.65,598.02,11.04,17.06,26.88
2711,20250204,1,245,1587.13,511.18,8.75,20.28,29.48
2712,20251008,4,1,1347.47,409.36,3.61,14.83,34.05
2713,20250927,4,69,677.43,211.6,1.87,6.46,31.91
2714,20250427,4,136,1496.26,440.56,5.71,20.61,36.39
2715,20240310,1,246,527.63,179.56,2.74,4.67,24.92
2716,20250219,4,109,1746.17,545.99,10.42,12.97,31.83
2717,20250614,4,136,1170.96,369.32,6.86,6.8,31.15
2718,20250724,1,41,1609.13,509.58,5.29,18.54,30.83
2719,20250312,4,136,1508.3,488.09,9.13,7.64,29.1
2720,20241221,3,134,954.1,299.89,2.71,11.21,31.42
2721,20241123,3,225,1417.48,456.77,4.82,18.92,29.44
2722,20251006,1,142,569.5,177.16,3.29,4.42,32.23
2723,20240828,2,212,863.32,255.27,4.7,11.58,36.08
2724,20250708,3,38,1277.67,389.84,4.05,7.15,33.72
2725,20240530,1,63,433.27,141.37,2.39,5.52,28.43
2726,20250301,2,228,1058.47,312.33,5.78,7.89,36.23
2727,20251014,1,154,1950.23,585.46,5.81,8.15,34.95
2728,20250528,1,113,1766.43,556.71,9.43,10.03,31.21
2729,20250326,5,174,129.03,42.21,0.82,1.23,28.22
2730,20250411,1,160,129.42,43.87,0.62,1.1,25.25
2731,20241122,2,57,920.18,280.54,5.11,4.93,33.78
2732,20250129,1,113,1788.96,594.65,6.54,20.47,26.9
2733,20241014,1,210,639.2,215.54,4.03,8.06,25.7
2734,20240207,1,246,612.88,212.01,2.77,3.6,23.52
2735,20250913,3,99,1299.5,370.05,4.71,9.86,38.81
2736,20250515,3,50,347.45,108.79,1.7,2.11,31.72
2737,20240206,1,166,1988.47,697.95,12.26,23.47,22.25
2738,20250729,1,154,1705.46,573.78,4.54,21.04,25.89
2739,20240928,3,233,385.37,124.3,1.66,5.18,29.36
2740,20250328,1,77,164.16,51.94,0.85,1.88,30.9
2741,20240130,5,159,574.48,198.06,3.37,3.12,23.81
2742,20250402,5,51,912.78,291.29,5.91,7.01,30.22
2743,20251117,1,88,189.18,60.48,1.13,1.24,30.07
2744,20250119,1,106,1999.29,642.01,6.36,9.72,29.72
2745,20250820,4,109,1236.3,380.48,3.67,5.54,33.06
2746,20241203,1,192,993.2,339.91,3.33,10.84,24.44
2747,20250603,2,82,89.23,25.66,0.58,0.4,38.11
2748,20240917,2,183,649.3,191.15,1.97,7.34,36.4
2749,20240826,1,229,1431.18,487.69,5.09,18.22,24.81
2750,20250327,3,102,136.44,41.94,0.78,1.89,33.15
2751,20240413,3,78,1308.48,428.87,6.83,14.9,28.06
2752,20250113,3,211,1705.99,519.37,9.47,10.86,33.89
2753,20240830,1,2,1725.49,583.35,4.94,15.09,25.48
2754,20240408,2,212,1267.53,390.25,6.97,10.64,33.03
2755,20241217,2,172,1319.6,385.22,6.06,6.18,37.02
2756,20250712,4,161,265.53,79.53,0.95,2.62,35.12
2757,20250228,4,205,125.62,39.68,0.38,0.57,31.03
2758,20250228,4,30,1620.03,506.62,6.04,11.6,31.82
2759,20240430,1,27,1967.62,677.49,8.85,8.38,23.92
2760,20241226,2,25,95.34,27.23,0.41,0.38,38.6
2761,20240625,2,228,1002.98,291.39,6.52,8.8,37.37
2762,20250330,1,196,1282.56,421.86,6.84,8.69,27.77
2763,20240620,2,217,79.29,23.79,0.21,0.67,35.0
2764,20240726,1,220,1421.64,474.09,6.92,7.9,26.63
2765,20241128,1,196,1394.32,462.86,6.09,13.39,27.01
2766,20240320,3,127,855.6,283.99,3.98,4.3,27.02
2767,20250524,3,10,648.41,198.91,3.3,8.21,33.31
2768,20240522,5,53,894.4,289.32,5.49,7.08,29.13
2769,20251001,3,13,1085.2,317.36,4.54,9.22,36.89
2770,20251022,3,14,1133.34,335.24,4.7,9.47,36.05
2771,20241101,3,105,1496.49,460.02,8.39,18.51,33.15
2772,20250315,2,82,104.19,29.55,0.41,0.71,39.09
2773,20240604,3,202,83.9,27.68,0.35,0.61,27.53
2774,20251119,4,144,1735.38,540.81,11.02,10.61,32.09
2775,20250902,2,108,97.15,27.01,0.45,0.96,40.5
2776,20250630,1,86,1928.54,623.15,8.59,14.69,29.22
2777,20240817,3,226,362.82,110.65,1.95,4.22,33.76
2778,20250801,2,204,1404.56,410.92,8.61,8.8,36.86
2779,20240606,3,78,1451.66,457.56,4.05,9.09,31.2
2780,20240817,1,177,140.72,48.33,0.65,0.58,24.14
2781,20240306,2,108,107.61,33.38,0.36,1.37,32.45
2782,20250830,1,64,1062.26,325.94,4.44,6.7,33.29
2783,20251110,2,87,1414.58,386.92,8.44,18.61,41.62
2784,20240615,2,92,295.79,90.2,0.94,1.89,33.76
2785,20240523,5,222,510.06,172.75,2.93,6.32,25.33
2786,20240719,5,184,91.49,30.0,0.29,0.43,28.02
2787,20251224,5,234,2199.75,682.1,7.54,21.32,32.48
2788,20240825,2,24,508.94,150.85,2.31,3.61,35.9
2789,20250816,3,129,1125.46,355.15,4.97,10.52,31.11
2790,20240628,1,132,495.06,168.7,1.64,4.84,24.81
2791,20250610,1,231,1920.2,625.99,5.0,18.27,28.5
2792,20240728,1,64,1472.02,514.56,4.48,17.4,22.61
2793,20240819,4,109,1291.19,411.37,5.2,12.14,30.35
2794,20240329,1,71,1897.71,663.52,10.18,14.61,22.59
2795,20241127,4,101,435.17,140.4,1.64,4.96,29.34
2796,20240911,3,105,1315.05,415.29,8.02,11.12,31.05
2797,20251011,1,64,1515.3,481.08,8.57,16.23,30.63
2798,20240420,2,107,355.11,113.96,2.05,1.43,29.77
2799,20241031,3,50,464.18,147.7,2.94,4.42,30.45
2800,20241028,2,24,685.8,204.09,2.34,4.73,35.6
2801,20240728,1,229,1411.85,458.91,8.99,13.82,28.74
2802,20251026,5,53,1073.8,323.08,6.94,13.37,34.78
2803,20250715,4,200,513.85,152.59,3.15,6.74,35.76
2804,20250610,2,241,95.46,27.32,0.25,1.0,38.45
2805,20250505,2,92,301.93,89.99,0.84,1.4,35.49
2806,20251128,1,63,450.96,141.44,2.09,5.31,31.59
2807,20240629,5,73,138.71,46.96,0.42,0.68,25.37
2808,20250319,2,228,1126.89,320.62,3.94,8.9,38.87
2809,20250222,1,177,158.21,50.29,0.46,1.49,30.53
2810,20250615,5,187,403.51,118.36,2.17,2.84,36.67
2811,20240928,3,134,920.04,290.25,4.99,6.15,31.13
2812,20251104,3,104,115.03,33.46,0.3,0.7,37.27
2813,20240210,4,70,1003.29,330.76,3.79,6.14,27.58
2814,20250827,3,100,1314.79,399.64,6.34,7.61,34.01
2815,20250614,1,196,898.05,283.75,2.82,4.46,31.01
2816,20250620,1,135,140.65,45.62,0.62,1.29,28.92
2817,20250903,1,196,1248.23,395.34,3.15,12.99,30.82
2818,20251123,2,213,568.87,160.08,2.25,6.66,39.65
2819,20250403,3,22,1224.27,376.54,5.2,6.13,33.11
2820,20250601,1,75,1970.62,614.75,12.32,24.05,32.01
2821,20250906,4,120,953.12,292.84,2.72,11.42,33.19
2822,20240729,1,199,150.68,50.15,0.79,0.63,26.79
2823,20250429,1,125,1322.47,406.0,8.3,6.24,33.25
2824,20250522,4,116,693.14,216.45,2.86,8.21,31.93
2825,20250530,3,23,1486.18,456.97,5.92,18.61,33.13
2826,20250430,3,104,103.12,32.01,0.58,0.69,32.4
2827,20240228,1,164,2535.72,851.29,13.04,33.11,26.07
2828,20250824,1,201,1067.12,338.28,3.78,4.38,30.75
2829,20251101,2,12,659.76,187.29,1.85,2.97,39.03
2830,20241031,5,187,380.68,126.68,1.8,2.6,26.81
2831,20240901,2,238,76.23,23.07,0.37,0.59,34.33
2832,20250531,2,57,780.38,218.79,3.27,4.66,39.91
2833,20250620,3,216,920.58,284.13,4.65,12.65,32.84
2834,20241223,5,81,2204.84,705.81,12.24,13.6,29.97
2835,20240922,4,139,107.22,34.62,0.38,0.64,29.28
2836,20251027,5,66,103.8,32.45,0.54,0.91,31.84
2837,20250923,1,32,142.97,45.94,0.85,1.93,29.66
2838,20240315,2,74,330.3,98.36,1.97,3.75,35.55
2839,20241218,3,103,141.62,44.15,0.51,0.89,32.07
2840,20251018,4,136,1689.28,489.55,8.92,8.62,37.55
2841,20240127,5,137,933.75,313.14,3.77,8.89,26.16
2842,20251224,3,190,932.15,279.23,5.37,10.13,35.11
2843,20250215,4,247,1217.91,371.71,4.72,10.21,33.7
2844,20240501,4,72,1255.23,412.02,4.13,9.43,27.94
2845,20240313,1,32,182.67,63.34,0.66,2.25,23.31
2846,20240529,3,13,1189.38,391.83,7.42,5.38,27.64
2847,20240404,1,210,510.54,177.18,2.01,6.42,23.24
2848,20250203,3,244,368.62,114.42,1.89,1.94,32.4
2849,20240113,3,235,935.19,322.49,5.01,8.3,23.79
2850,20240925,4,30,1125.3,354.47,4.72,11.39,31.25
2851,20250904,2,90,97.33,26.7,0.43,0.89,41.43
2852,20251011,3,13,1365.38,394.98,4.3,13.99,37.68
2853,20251107,1,157,1900.96,606.18,10.08,13.22,30.28
2854,20240710,5,155,92.9,30.68,0.45,0.67,27.45
2855,20250606,3,99,1215.84,359.06,5.75,5.88,36.17
2856,20250620,4,116,562.03,177.35,3.56,4.84,31.11
2857,20251217,1,106,2024.89,627.88,9.16,11.27,32.48
2858,20241029,3,167,738.89,237.01,4.69,7.63,29.81
2859,20250208,4,109,2010.55,607.43,12.51,9.13,34.47
2860,20250119,1,248,2193.08,721.79,5.58,29.76,27.72
2861,20240412,4,178,346.64,116.83,1.63,3.94,25.74
2862,20240705,2,35,1173.67,331.02,5.85,7.28,39.49
2863,20240110,1,93,2068.35,707.21,8.82,14.69,24.52
2864,20251103,3,190,797.93,240.15,5.16,10.89,34.76
2865,20250515,3,38,1568.34,485.31,8.58,17.96,32.64
2866,20240829,1,223,1877.96,629.19,5.4,11.67,26.24
2867,20250116,3,98,1659.68,526.58,7.61,14.06,30.68
2868,20240309,2,183,793.13,245.74,2.7,10.01,32.54
2869,20250318,4,162,693.68,215.76,2.81,4.45,32.24
2870,20250228,4,1,1279.78,393.46,6.81,7.23,33.14
2871,20250208,3,211,1432.62,436.09,7.58,12.24,33.9
2872,20240506,4,45,696.2,224.71,3.85,4.7,29.31
2873,20241102,1,237,2144.58,714.15,7.84,14.58,26.75
2874,20240428,3,99,1271.17,407.99,8.25,6.33,29.76
2875,20250729,1,75,1868.15,588.62,8.21,7.99,31.23
2876,20250314,3,134,823.99,261.14,2.25,3.45,30.77
2877,20250531,1,224,1406.03,457.3,5.29,7.55,28.69
2878,20251008,1,157,2170.58,675.22,8.46,16.86,32.23
2879,20240606,4,109,1166.6,392.72,4.59,9.74,25.84
2880,20241221,1,218,1263.93,413.86,6.39,15.59,28.14
2881,20250509,2,19,1085.3,305.1,4.17,8.47,39.72
2882,20240604,1,186,2100.78,704.18,5.63,29.02,26.2
2883,20240911,1,229,1479.79,503.66,5.84,10.86,24.91
2884,20250328,1,227,1519.24,483.79,4.36,11.32,30.39
2885,20250527,4,214,843.16,267.55,4.07,4.12,30.67
2886,20251006,1,231,1889.37,587.07,5.3,12.89,32.32
2887,20241212,4,209,397.82,134.34,1.45,4.83,25.58
2888,20250918,1,41,1744.24,552.37,10.63,12.93,30.83
2889,20251207,3,36,147.4,43.79,0.76,1.64,35.73
2890,20250429,5,96,739.11,236.84,3.45,10.24,29.89
2891,20240111,2,107,415.67,127.88,1.35,4.9,33.09
2892,20240708,3,167,761.83,247.32,3.6,3.34,28.84
2893,20240407,4,72,1262.4,398.62,7.88,6.04,31.06
2894,20240818,4,1,1308.09,414.93,4.95,7.61,30.7
2895,20250226,2,242,735.87,201.89,4.26,4.57,41.41
2896,20250116,4,158,1699.74,516.72,4.99,10.53,34.0
2897,20250628,3,98,1393.82,412.51,4.09,12.24,36.01
2898,20251126,4,30,1467.03,440.93,4.73,7.32,34.86
2899,20250723,1,154,1303.21,416.51,6.97,17.15,30.1
2900,20241004,5,59,1278.17,431.61,6.88,11.9,25.58
2901,20240905,1,237,1407.37,464.83,3.77,18.03,27.43
2902,20240120,3,202,131.87,44.48,0.67,0.87,25.68
2903,20250615,1,135,128.97,40.84,0.72,0.8,30.84
2904,20250106,1,145,197.74,64.86,1.2,1.41,28.0
2905,20251216,4,121,467.31,136.51,1.75,4.96,36.97
2906,20240916,2,48,93.08,27.29,0.27,1.13,36.69
2907,20250526,2,213,578.07,171.92,3.26,5.12,35.65
2908,20250228,1,171,163.43,52.79,0.48,1.66,29.24
2909,20251001,3,148,1480.12,449.07,8.4,12.44,34.15
2910,20240909,4,116,590.22,187.88,2.19,2.65,30.42
2911,20250602,4,11,620.41,197.39,3.7,5.25,30.46
2912,20240420,1,218,974.19,328.96,2.58,6.59,25.58
2913,20240227,1,145,169.48,57.7,0.42,2.19,24.88
2914,20250820,1,157,1943.85,620.63,9.34,26.72,30.18
2915,20241021,1,164,1831.37,593.29,6.97,10.85,29.01
2916,20240325,1,86,2061.44,721.5,5.98,25.74,22.5
2917,20250901,2,57,731.21,203.04,3.22,5.63,40.58
2918,20240908,3,13,1041.36,334.65,2.83,4.78,29.66
2919,20240524,1,32,156.04,52.14,0.93,2.12,26.47
2920,20240716,5,155,110.86,36.28,0.37,0.82,28.19
2921,20240301,4,68,659.69,216.33,3.26,7.26,28.02
2922,20250927,2,197,1282.18,349.52,3.21,10.9,41.85
2923,20241025,5,189,1993.52,669.82,9.77,13.7,26.0
2924,20240729,1,54,1806.96,607.57,8.2,7.39,25.94
2925,20241118,4,170,747.13,236.9,3.73,6.14,30.73
2926,20250209,2,25,97.9,29.55,0.36,0.99,34.53
2927,20240406,2,140,103.85,31.73,0.27,1.2,33.62
2928,20240225,3,127,814.96,269.56,2.32,5.24,27.31
2929,20251012,3,167,858.02,259.53,3.36,3.56,34.38
2930,20250706,5,29,1251.25,401.25,7.83,9.55,29.83
2931,20250104,5,234,1997.02,632.58,9.98,10.47,30.81
2932,20241122,3,202,103.17,32.54,0.61,1.44,31.15
2933,20250403,4,232,1277.11,388.55,8.26,14.48,33.94
2934,20240309,4,124,108.01,35.06,0.5,1.33,28.84
2935,20240614,4,158,1298.08,419.12,5.17,14.98,29.28
2936,20240327,3,22,1627.54,506.3,5.03,14.25,32.23
2937,20251209,4,68,807.08,240.83,4.69,3.5,35.4
2938,20240202,2,112,88.6,26.5,0.3,0.56,35.22
2939,20250501,2,52,105.06,29.03,0.35,0.72,40.91
2940,20250927,3,102,104.65,31.04,0.43,1.22,35.86
2941,20250207,1,86,2779.49,859.08,15.82,18.67,32.73
2942,20250204,4,156,1331.88,418.85,3.78,18.43,31.38
2943,20240122,2,57,966.14,287.02,5.8,4.75,35.73
2944,20250911,3,148,1146.82,345.42,5.08,4.67,34.7
2945,20251209,3,28,693.41,207.47,3.29,7.5,35.2
2946,20251003,3,78,1436.87,428.07,4.29,15.96,35.52
2947,20250530,4,178,379.58,117.23,1.68,4.56,32.79
2948,20250720,3,103,85.54,26.75,0.43,1.14,31.81
2949,20240220,1,153,2242.85,772.53,7.47,11.79,23.89
2950,20250308,4,68,674.47,210.76,2.17,3.02,31.88
2951,20240126,3,10,740.15,242.68,2.66,6.77,28.03
2952,20240509,3,49,928.54,288.89,4.0,5.82,32.22
2953,20241105,2,238,89.75,27.4,0.35,1.09,33.68
2954,20250521,5,7,133.72,43.14,0.83,0.68,29.35
2955,20240917,3,104,101.71,32.29,0.5,0.59,30.64
2956,20251114,1,181,2187.43,730.25,9.89,23.34,26.54
2957,20251022,4,214,783.6,224.52,3.31,3.34,38.37
2958,20240223,4,109,1686.5,581.17,8.19,14.06,23.85
2959,20240725,4,158,1055.29,331.28,5.23,6.93,31.52
2960,20240305,1,142,493.3,173.86,2.42,2.18,21.89
2961,20251113,4,68,707.44,203.04,4.01,6.75,38.25
2962,20250406,2,26,383.14,109.7,1.91,3.5,38.42
2963,20250627,3,236,365.2,110.54,1.12,3.13,34.33
2964,20250816,3,225,1362.87,421.84,8.32,18.45,32.62
2965,20240920,2,12,522.75,155.7,2.22,6.91,35.54
2966,20240105,5,174,128.68,42.55,0.77,1.32,27.34
2967,20250903,1,119,514.0,163.08,1.51,5.29,30.68
2968,20240122,3,168,129.49,40.95,0.81,1.45,30.94
2969,20250915,1,133,1589.02,514.52,9.06,9.85,29.05
2970,20240924,2,12,553.08,165.92,3.11,3.83,35.0
2971,20251007,2,48,97.22,26.73,0.37,0.62,41.26
2972,20251031,2,42,93.62,25.39,0.33,0.84,42.21
2973,20250520,5,180,1535.85,495.9,9.74,9.54,29.28
2974,20241007,1,113,1600.42,522.57,6.85,22.16,28.37
2975,20251106,4,144,1737.32,513.0,11.01,9.75,36.18
2976,20250422,5,159,488.69,154.33,2.35,4.23,31.05
2977,20241101,1,160,152.74,51.33,0.42,0.83,25.98
2978,20241205,4,120,1258.5,392.4,7.54,17.15,32.05
2979,20240917,4,247,1103.5,362.87,6.28,7.45,27.79
2980,20240828,1,132,530.82,172.88,3.13,4.57,28.58
2981,20241130,1,199,147.85,49.13,0.84,0.61,26.93
2982,20240702,1,43,1412.32,464.37,3.57,19.34,27.8
2983,20250506,2,110,1302.09,373.28,8.42,14.24,38.33
2984,20250723,1,237,1305.73,423.0,4.96,11.95,29.01
2985,20250910,1,201,1033.54,317.79,5.64,6.18,33.13
2986,20241104,5,59,1364.34,453.94,6.38,17.39,26.82
2987,20250417,3,60,826.42,250.31,5.26,11.5,34.28
2988,20250507,5,91,1394.18,458.91,7.93,6.91,27.71
2989,20240219,3,165,1805.27,601.15,5.26,11.98,26.75
2990,20240808,2,26,304.26,92.43,0.89,3.13,34.05
2991,20240829,2,195,1002.19,302.14,5.28,8.75,34.63
2992,20250809,1,89,1648.0,502.18,10.58,16.26,33.82
2993,20250117,4,163,1275.22,396.59,7.79,7.45,32.25
2994,20240109,4,247,1043.91,359.11,5.34,14.0,24.0
2995,20240509,3,233,353.25,111.77,2.17,2.83,30.9
2996,20240504,3,148,1273.27,405.56,5.48,5.79,30.37
2997,20250404,3,98,1428.86,445.35,3.63,14.88,32.08
2998,20240820,2,74,257.29,75.28,1.51,1.86,36.85
2999,20241031,3,49,1141.24,365.79,4.99,15.85,29.87
3000,20240810,1,248,1724.86,571.83,9.83,23.03,27.12
3001,20251003,4,203,1058.68,320.78,3.19,9.15,34.25
3002,20240125,2,172,1335.12,407.1,4.71,8.57,33.77
3003,20241226,1,169,2749.8,894.67,15.21,28.47,28.66
3004,20250220,1,126,2005.62,636.42,7.02,12.15,30.67
3005,20240505,3,13,1189.68,389.98,6.99,12.2,28.05
3006,20240614,5,73,124.57,40.22,0.56,1.61,29.28
3007,20240522,1,154,1421.32,467.27,5.77,17.56,27.81
3008,20241119,3,21,937.24,302.39,3.51,7.4,29.34
3009,20240601,1,218,1034.29,356.37,5.82,12.81,23.86
3010,20251217,2,212,1454.67,391.83,7.23,9.26,42.66
3011,20241109,4,1,1244.55,400.79,4.09,15.12,29.49
3012,20240131,1,122,1919.17,666.03,5.17,26.46,23.24
3013,20241230,1,41,2289.34,775.54,13.29,30.09,25.31
3014,20250114,2,114,934.18,271.06,3.99,5.16,37.46
3015,20250115,5,187,506.43,166.94,2.3,2.05,27.59
3016,20251212,3,102,120.42,35.95,0.64,0.83,35.37
3017,20241129,5,81,1560.88,507.72,4.31,21.32,28.68
3018,20241220,1,2,2139.66,700.35,5.41,21.88,28.17
3019,20250220,4,68,677.43,209.0,3.97,7.54,32.87
3020,20240701,1,118,154.13,53.09,0.44,1.57,23.88
3021,20240910,2,228,927.41,279.82,5.97,6.92,34.57
3022,20240222,1,41,2225.32,763.28,11.26,12.39,24.25
3023,20240225,2,198,109.19,33.09,0.56,1.21,34.23
3024,20240921,5,222,498.5,157.75,1.35,6.04,30.89
3025,20250614,4,101,275.58,85.32,1.6,3.29,32.6
3026,20241028,1,64,1407.04,466.69,4.19,14.18,27.08
3027,20250112,1,199,172.17,55.17,1.07,0.84,29.89
3028,20241212,2,204,1358.42,393.34,5.57,8.53,37.61
3029,20251225,1,231,2345.98,735.98,8.76,19.31,31.57
3030,20250714,4,45,633.76,191.73,3.81,8.82,34.37
3031,20240210,3,168,146.94,48.28,0.84,1.52,27.85
3032,20240522,1,113,1548.12,546.05,7.31,15.75,21.82
3033,20250702,5,91,1493.86,467.04,8.98,10.26,31.84
3034,20251126,5,234,2088.72,633.97,9.55,23.39,34.12
3035,20240930,1,154,1403.21,467.49,4.41,16.88,26.71
3036,20240921,2,115,1281.25,380.74,4.59,10.31,35.71
3037,20240319,1,224,1955.66,673.06,11.1,16.18,23.96
3038,20250907,2,197,1117.86,313.76,5.71,11.35,39.83
3039,20250502,4,150,109.95,33.83,0.39,1.48,33.09
3040,20241213,1,199,196.67,60.79,1.26,1.55,32.72
3041,20251018,2,83,1222.71,340.94,4.76,12.33,40.29
3042,20250619,1,191,106.11,33.19,0.33,0.57,31.8
3043,20240523,1,20,1572.08,525.14,4.77,9.07,26.49
3044,20250323,3,38,1596.2,497.7,5.4,22.21,32.05
3045,20240821,4,208,734.22,233.04,2.02,8.5,30.65
3046,20250724,1,75,1848.55,599.82,4.78,23.28,28.88
3047,20250122,3,17,124.18,38.74,0.79,1.65,32.0
3048,20240412,3,103,135.8,45.01,0.72,0.59,27.14
3049,20250919,1,220,1506.64,451.03,6.14,10.81,35.16
3050,20250515,1,54,1642.88,541.49,8.01,18.9,27.6
3051,20240518,1,75,1681.28,573.32,9.76,20.64,24.75
3052,20240917,2,57,746.23,221.27,4.05,6.87,35.87
3053,20241010,1,113,1814.26,613.15,6.36,24.7,25.51
3054,20240225,2,19,1242.24,391.65,6.24,10.45,31.18
3055,20250102,5,234,2233.04,755.3,9.02,16.68,25.44
3056,20241206,1,65,2611.93,869.98,12.4,24.12,26.73
3057,20250809,3,244,350.11,104.95,1.57,1.94,35.06
3058,20251129,1,63,595.8,189.82,3.79,4.61,30.35
3059,20251203,4,1,1708.72,500.11,6.07,11.12,36.83
3060,20240611,3,99,1173.45,391.18,3.32,10.84,26.66
3061,20250812,2,183,496.65,139.86,3.16,6.49,39.6
3062,20240331,2,197,1430.54,449.93,7.97,13.62,31.37
3063,20240108,2,82,107.55,32.43,0.32,1.36,34.61
3064,20240616,1,237,1543.57,521.79,5.29,16.15,25.49
3065,20240411,1,194,154.1,51.97,0.52,1.37,25.68
3066,20250708,4,158,956.95,297.57,5.58,12.33,32.26
3067,20240401,3,168,92.69,29.79,0.42,0.4,29.64
3068,20241012,3,22,1299.0,396.71,6.59,15.38,33.65
3069,20250521,1,132,586.87,184.18,2.93,6.02,31.54
3070,20250330,1,135,193.96,61.35,0.74,1.33,30.93
3071,20251201,3,202,114.7,34.9,0.62,0.67,33.94
3072,20251216,1,160,165.12,51.66,0.96,0.77,31.78
3073,20241210,4,162,649.87,203.96,3.03,6.7,31.54
3074,20250602,4,150,102.97,31.14,0.64,1.22,34.39
3075,20241117,2,19,1160.21,326.99,3.99,12.34,39.54
3076,20240726,1,248,1875.2,640.12,10.0,12.45,24.66
3077,20240205,5,7,173.78,59.16,0.6,1.89,24.89
3078,20240604,1,6,1364.65,477.74,6.09,15.74,22.48
3079,20241127,5,81,2015.3,650.86,12.68,24.3,29.26
3080,20251029,3,15,1245.28,365.07,8.04,7.24,36.71
3081,20240511,4,109,1520.15,503.35,5.46,13.89,27.22
3082,20251007,2,57,631.44,171.02,3.82,5.11,42.29
3083,20241017,2,87,1520.75,450.14,8.64,9.45,36.0
3084,20251027,5,51,849.18,269.29,3.1,4.99,30.72
3085,20250110,3,50,505.96,164.03,2.66,5.23,28.95
3086,20241206,2,67,107.66,31.38,0.63,1.01,37.13
3087,20250128,3,138,1634.33,507.1,10.48,9.7,32.43
3088,20251204,4,109,1984.09,599.43,10.82,16.37,34.47
3089,20250411,1,142,532.63,171.21,1.38,4.93,29.64
3090,20240930,1,2,1547.9,506.6,9.87,20.03,28.18
3091,20251003,3,134,881.45,271.06,5.11,4.98,33.12
3092,20250814,1,132,524.87,167.45,3.22,5.51,30.24
3093,20240331,3,98,1480.39,481.84,8.41,12.36,28.63
3094,20250302,1,2,2182.46,729.03,6.38,13.64,26.49
3095,20250729,3,21,673.54,206.05,2.65,5.93,33.52
3096,20250528,2,12,508.48,147.34,1.95,6.29,37.56
3097,20240909,5,149,1281.55,420.04,6.85,6.48,28.06
3098,20240802,3,236,337.6,110.79,1.83,3.14,27.96
3099,20241108,3,167,769.78,243.0,4.55,10.09,31.08
3100,20251209,4,173,926.03,277.62,5.54,9.56,35.05
3101,20240214,1,32,147.87,49.8,0.6,0.91,25.81
3102,20251001,3,100,1318.28,405.34,5.34,18.29,33.13
3103,20250313,3,235,957.9,282.54,3.39,11.35,36.26
3104,20250603,1,111,143.72,47.5,0.77,1.86,27.37
3105,20251209,5,174,142.26,45.1,0.59,1.26,30.75
3106,20250324,1,133,1730.44,567.72,7.6,20.25,27.98
3107,20241201,1,194,141.05,45.99,0.72,1.01,28.49
3108,20250528,1,160,160.63,54.04,0.74,1.41,25.9
3109,20250108,3,99,1258.98,406.4,8.14,11.63,29.3
3110,20250605,3,202,102.91,31.91,0.38,1.42,32.47
3111,20250311,2,228,1361.89,380.89,7.91,8.99,40.08
3112,20241212,3,104,126.66,37.84,0.33,1.76,35.32
3113,20250711,3,165,1170.8,359.72,3.51,11.56,33.19
3114,20250910,1,166,1578.89,486.3,5.38,17.24,33.0
3115,20241119,1,154,2119.36,682.09,10.57,25.75,29.54
3116,20240319,2,110,1254.56,392.43,5.42,5.67,31.8
3117,20240729,1,248,1676.53,568.41,7.74,17.33,25.24
3118,20240905,4,232,1036.23,328.73,4.95,11.94,30.69
3119,20250524,1,79,2127.32,666.36,5.53,25.49,31.69
3120,20250507,3,138,1326.06,409.01,3.71,10.63,32.89
3121,20251227,2,204,1765.03,513.76,4.47,11.34,37.23
3122,20251109,1,224,1594.58,510.07,9.53,7.79,30.03
3123,20241001,2,42,117.11,35.47,0.34,1.21,34.29
3124,20250722,2,114,622.76,172.85,3.83,8.28,40.61
3125,20241007,4,141,406.57,132.27,2.32,1.98,28.67
3126,20250305,4,144,1463.1,446.48,7.57,6.54,33.71
3127,20250314,5,174,112.83,36.48,0.45,0.66,29.17
3128,20241128,1,86,2639.66,856.94,11.24,13.41,28.84
3129,20250701,4,208,692.97,213.27,4.06,7.1,33.06
3130,20251111,5,130,413.62,130.62,2.32,4.83,31.05
3131,20250103,5,33,1546.15,506.89,7.01,15.0,28.04
3132,20240916,1,132,434.82,144.53,2.27,5.34,26.9
3133,20251217,2,82,104.35,29.84,0.48,0.47,38.52
3134,20251008,2,97,1404.25,382.01,5.35,12.31,41.99
3135,20240518,1,89,2236.24,757.19,12.99,27.16,25.35
3136,20251124,4,239,366.07,114.35,1.01,1.76,31.91
3137,20250902,4,1,1100.49,332.92,6.24,12.28,34.37
3138,20241204,2,19,1140.02,328.92,5.09,15.78,37.87
3139,20250302,4,178,406.9,125.15,1.22,2.41,33.11
3140,20250523,3,15,1070.24,320.77,5.19,5.34,35.07
3141,20250325,1,88,182.49,57.52,0.46,2.43,31.2
3142,20250801,1,245,1177.13,372.16,3.7,6.57,30.96
3143,20240810,1,63,382.92,126.52,1.98,4.4,27.4
3144,20240902,1,186,2286.96,779.85,12.63,19.84,24.75
3145,20240807,1,185,152.69,51.89,0.46,0.66,25.04
3146,20240711,1,106,1482.5,515.32,9.57,16.07,23.1
3147,20241016,3,206,105.92,32.78,0.34,0.69,32.62
3148,20241001,1,135,130.72,44.33,0.39,0.87,25.22
3149,20240710,1,181,1677.93,562.91,4.41,23.19,26.13
3150,20241027,2,197,1451.95,411.08,6.83,6.48,39.22
3151,20250105,2,195,1061.72,303.14,6.33,8.68,38.62
3152,20251029,1,185,143.09,44.52,0.55,0.66,32.22
3153,20250701,3,211,1368.05,413.59,4.63,8.03,34.42
3154,20250812,4,136,1201.38,378.15,6.51,7.56,31.31
3155,20241116,2,3,558.64,167.01,2.2,6.18,35.26
3156,20250923,4,1,1191.38,357.46,4.27,10.64,34.99
3157,20240505,5,117,795.73,265.58,4.01,5.86,26.56
3158,20240212,4,128,1372.25,458.28,7.7,8.2,26.51
3159,20240119,1,89,2218.6,777.31,7.02,29.2,22.41
3160,20251228,3,167,877.9,251.15,4.1,4.24,38.48
3161,20241013,5,81,1408.04,455.75,8.15,15.68,29.08
3162,20250313,4,203,978.88,290.49,2.83,10.4,35.81
3163,20241218,1,39,2602.89,827.3,13.15,23.26,30.54
3164,20240724,1,229,1525.05,499.42,6.3,10.38,28.13
3165,20240517,1,142,582.89,201.7,3.01,6.03,23.49
3166,20250806,4,150,88.57,27.44,0.34,1.21,32.55
3167,20240921,3,235,762.81,245.17,1.98,9.57,29.65
3168,20250408,1,248,2073.86,675.41,9.9,14.56,28.58
3169,20240603,5,7,140.56,46.27,0.8,0.81,27.71
3170,20241003,1,79,2307.57,754.3,8.21,23.3,28.28
3171,20251113,1,93,1605.2,506.02,5.97,11.51,31.19
3172,20240811,5,85,800.72,277.27,4.71,8.35,23.43
3173,20241003,4,232,917.62,299.0,5.93,6.71,28.54
3174,20240605,2,114,547.13,156.5,2.16,5.18,38.49
3175,20250812,2,238,71.76,19.44,0.45,0.84,42.28
3176,20240627,5,59,1272.09,423.1,6.57,14.6,26.85
3177,20250702,3,13,1067.41,327.91,6.09,10.37,33.2
3178,20240121,2,83,1069.46,330.29,6.32,9.65,32.79
3179,20251211,2,212,1409.32,392.13,6.46,6.25,40.44
3180,20250531,2,8,569.1,161.21,1.65,7.48,39.18
3181,20250825,1,54,1749.44,547.78,4.73,10.77,31.72
3182,20250330,2,42,105.13,31.44,0.46,1.26,35.23
3183,20250420,4,30,1615.21,507.5,7.1,21.82,31.45
3184,20241105,1,182,2346.8,760.64,6.49,19.72,28.97
3185,20250407,2,97,1058.62,307.25,3.42,11.59,37.44
3186,20240531,5,249,1807.31,603.42,5.38,20.43,26.53
3187,20240522,2,207,713.39,207.85,3.88,5.99,37.16
3188,20241102,4,80,1442.29,460.78,7.9,16.5,30.13
3189,20250623,1,237,1672.14,542.51,5.72,11.4,28.89
3190,20250221,2,92,405.23,114.5,1.57,2.68,39.36
3191,20250726,4,141,300.43,89.59,1.5,1.29,35.45
3192,20240326,1,71,1866.48,646.25,5.57,15.93,23.44
3193,20240506,1,125,1384.14,472.99,7.89,13.19,24.57
3194,20241124,5,188,115.38,37.36,0.43,0.75,29.06
3195,20251223,3,104,111.98,33.18,0.36,0.52,35.93
3196,20241212,1,166,2037.2,655.65,9.01,11.8,29.54
3197,20250327,2,3,720.42,209.58,2.98,7.94,37.27
3198,20250429,4,221,767.74,244.39,3.55,6.63,30.42
3199,20251126,3,216,1128.69,331.52,3.13,15.44,36.57
3200,20240212,3,98,1998.5,675.09,5.69,10.13,25.55
3201,20240325,1,223,2464.22,821.28,15.91,19.24,26.68
3202,20240713,1,89,2034.25,711.74,7.96,21.91,22.53
3203,20250316,3,167,1019.5,319.96,6.43,10.69,31.54
3204,20250208,1,9,133.43,43.86,0.51,1.74,27.82
3205,20240824,5,85,911.26,294.12,4.58,11.74,29.31
3206,20250126,4,68,866.45,271.13,4.59,7.54,31.77
3207,20241218,1,89,2628.97,868.4,10.54,20.14,27.42
3208,20250813,3,49,924.23,277.49,3.61,8.27,34.94
3209,20240801,5,131,1137.25,374.34,5.43,7.19,27.71
3210,20250320,1,154,2190.35,712.39,9.3,23.21,28.69
3211,20240119,1,218,1485.73,506.28,9.56,13.08,24.81
3212,20251017,2,250,987.02,269.57,5.43,5.89,41.72
3213,20240521,4,158,1418.17,442.98,4.53,15.94,31.91
3214,20241230,5,180,1700.14,549.15,8.32,12.73,29.25
3215,20241020,1,88,162.54,53.35,0.46,1.71,27.95
3216,20250310,1,106,1878.63,578.77,5.55,25.8,32.98
3217,20250414,1,65,2215.78,707.19,12.34,29.25,30.21
3218,20240220,4,205,119.32,39.91,0.42,0.77,26.39
3219,20240514,1,111,126.9,42.8,0.49,1.17,25.68
3220,20240117,3,233,491.06,161.38,2.93,5.94,27.84
3221,20240912,2,228,1228.4,347.74,7.09,10.96,39.23
3222,20240412,4,68,725.37,240.82,3.63,4.68,27.0
3223,20250929,2,25,65.82,18.4,0.23,0.32,40.1
3224,20250509,4,121,364.79,110.9,2.34,2.07,34.0
3225,20251201,3,236,478.67,141.69,2.91,3.27,36.0
3226,20240227,3,98,1577.05,508.44,4.47,21.53,29.4
3227,20250413,4,139,108.23,33.22,0.47,0.96,33.27
3228,20250828,5,188,99.35,31.07,0.29,0.96,31.82
3229,20240410,1,89,1983.94,674.46,11.68,16.54,25.01
3230,20240702,2,12,538.31,163.0,1.43,4.46,34.3
3231,20240214,1,122,1841.13,625.91,7.34,21.74,25.01
3232,20250108,3,21,1010.98,321.29,5.77,13.57,30.55
3233,20250724,1,65,1985.09,613.71,7.46,16.8,32.71
3234,20240215,4,136,2005.52,666.55,11.89,24.14,26.91
3235,20250313,1,106,1558.68,518.42,6.77,9.29,26.85
3236,20240705,1,113,1255.35,424.01,4.46,6.24,25.56
3237,20240823,1,106,1183.85,391.76,3.85,10.44,27.27
3238,20240118,3,233,572.78,187.73,2.88,6.15,28.06
3239,20250619,4,243,622.11,189.92,1.81,2.81,33.68
3240,20240629,4,68,566.16,184.66,2.45,6.14,28.46
3241,20251109,5,155,134.46,40.11,0.53,0.94,35.43
3242,20240810,2,97,978.56,301.4,2.83,10.36,33.0
3243,20251011,2,90,113.34,32.23,0.42,1.21,38.91
3244,20250213,5,29,2068.47,660.17,7.26,16.08,30.21
3245,20240615,5,7,130.57,43.32,0.65,1.52,27.06
3246,20251026,2,12,683.49,185.28,1.92,4.04,42.23
3247,20251123,1,64,1319.45,430.04,3.57,16.28,28.52
3248,20240722,3,78,1140.56,357.91,5.1,10.31,31.55
3249,20240131,4,45,851.27,284.46,3.81,7.47,26.46
3250,20250312,4,215,714.11,221.77,2.95,8.77,32.36
3251,20240805,2,212,1100.48,328.6,3.4,7.9,35.35
3252,20240328,5,149,1601.88,535.35,8.4,14.39,26.45
3253,20251019,3,21,743.12,218.42,2.29,7.15,36.52
3254,20240306,5,51,931.26,306.68,2.97,6.93,27.67
3255,20240929,5,59,1357.19,454.01,6.55,8.56,26.37
3256,20251013,1,179,2552.15,800.86,14.58,15.43,31.55
3257,20240613,5,66,110.46,36.03,0.32,1.39,28.45
3258,20241228,4,11,738.44,236.03,4.09,3.66,30.09
3259,20241121,1,37,2056.24,687.44,9.52,27.91,26.42
3260,20241118,1,58,2087.68,687.68,7.11,24.07,27.65
3261,20250603,3,226,284.08,87.79,1.37,1.15,32.74
3262,20251025,1,181,1767.99,545.81,6.35,10.3,32.82
3263,20240313,1,65,2532.4,845.32,11.9,35.27,26.55
3264,20240521,4,11,599.89,200.58,3.41,5.31,26.41
3265,20250917,4,173,615.45,185.96,1.71,8.6,34.46
3266,20240304,1,210,593.62,204.75,2.17,2.67,23.77
3267,20251002,5,230,1575.3,486.14,8.3,17.14,32.85
3268,20240506,4,46,954.25,290.51,4.61,10.86,33.89
3269,20240126,3,14,1549.22,494.14,6.12,14.21,30.26
3270,20240722,1,177,154.09,50.47,0.94,1.26,28.12
3271,20250526,1,229,1529.11,503.38,8.42,6.91,27.7
3272,20251020,3,134,984.84,286.23,5.93,9.04,37.34
3273,20250823,1,89,2010.77,634.6,10.47,23.39,31.1
3274,20250718,5,91,1481.52,474.5,5.59,16.26,29.93
3275,20240827,3,167,752.39,240.67,2.4,9.01,30.03
3276,20240705,1,177,160.03,52.5,0.47,1.37,27.98
3277,20240928,1,27,1797.02,607.25,6.76,23.14,25.52
3278,20241012,1,182,2142.57,677.99,11.81,23.83,30.89
3279,20250831,2,56,273.85,77.78,1.35,2.4,38.99
3280,20250801,4,221,637.87,197.74,3.34,2.6,32.5
3281,20240831,1,231,1607.56,526.06,9.15,10.78,28.19
3282,20241229,5,230,1817.79,597.11,10.1,10.12,27.88
3283,20240811,5,175,133.68,43.39,0.68,1.13,28.86
3284,20240110,2,8,921.08,274.74,3.36,10.47,35.43
3285,20241102,1,65,2066.79,686.75,12.64,23.02,26.93
3286,20250812,3,40,1367.74,409.45,4.98,10.19,35.16
3287,20240126,5,29,2369.03,813.43,6.3,22.94,24.16
3288,20251018,2,195,1039.35,296.63,3.85,4.9,38.65
3289,20251214,1,160,166.8,51.53,0.88,2.24,32.77
3290,20250405,1,224,1493.34,479.6,7.75,9.49,29.71
3291,20250506,4,247,874.01,268.74,5.02,8.35,33.13
3292,20241017,5,137,897.48,284.39,4.61,8.97,30.78
3293,20240223,1,106,2019.95,673.77,7.81,24.45,26.61
3294,20251216,1,9,154.98,48.99,0.77,1.69,30.97
3295,20250613,3,127,613.05,188.67,3.25,5.01,33.06
3296,20240503,2,197,1184.38,364.41,5.53,11.73,33.08
3297,20240531,3,105,1486.99,472.74,9.34,16.22,30.52
3298,20250301,3,38,1945.7,596.79,10.45,14.67,33.32
3299,20240825,2,83,808.22,239.78,4.89,4.22,35.83
3300,20240528,1,37,1464.59,514.31,7.69,13.32,22.21
3301,20240914,1,122,1274.99,433.65,7.03,12.22,24.97
3302,20250604,5,7,104.13,33.06,0.47,0.98,30.62
3303,20250327,3,127,1031.38,324.64,2.65,11.16,31.31
3304,20240829,3,22,1235.29,387.98,3.98,17.0,31.48
3305,20251116,4,158,1532.83,469.05,7.31,9.83,33.5
3306,20240716,1,93,1621.5,545.8,10.08,20.74,25.85
3307,20251013,2,83,923.9,261.57,3.22,8.81,39.22
3308,20251112,4,161,397.96,118.83,1.15,5.09,35.35
3309,20250118,1,194,171.06,56.48,0.99,1.11,27.45
3310,20250122,1,5,1694.92,543.87,5.08,23.68,29.78
3311,20250807,2,8,681.91,184.06,3.77,5.12,42.52
3312,20240426,1,185,161.91,56.05,1.03,1.9,23.46
3313,20240203,5,149,1734.67,580.77,7.8,11.83,26.3
3314,20250325,1,177,174.86,57.56,0.87,1.19,27.71
3315,20240102,1,106,2086.91,708.21,9.66,19.53,25.16
3316,20240913,4,156,1174.89,365.72,7.55,11.13,32.18
3317,20251109,2,48,115.8,31.44,0.69,1.21,42.12
3318,20250504,2,207,749.03,206.76,4.63,3.22,40.99
3319,20241022,3,28,771.02,243.73,2.23,7.91,30.97
3320,20240904,1,133,1409.0,461.93,5.14,12.05,28.04
3321,20240628,4,121,319.98,104.42,1.61,3.62,28.42
3322,20241226,2,204,1639.22,471.77,9.14,18.74,38.05
3323,20240127,3,99,1323.19,436.55,6.8,6.9,27.52
3324,20250407,3,14,1180.64,367.27,5.72,8.11,32.23
3325,20240706,3,240,597.47,193.89,3.58,2.73,28.87
3326,20240627,4,208,679.58,213.39,3.78,4.71,31.5
3327,20240527,5,96,758.95,245.93,4.18,10.17,28.99
3328,20240114,4,80,1244.95,412.58,3.75,6.98,27.15
3329,20241202,3,17,125.64,40.98,0.67,0.97,28.46
3330,20240101,2,241,98.88,31.16,0.47,0.63,31.21
3331,20250304,2,83,971.02,280.39,4.51,4.77,37.81
3332,20250324,4,176,128.38,40.09,0.74,0.66,31.93
3333,20250709,1,58,1403.74,450.15,8.53,11.93,29.83
3334,20250413,1,111,171.35,54.56,0.76,2.06,30.39
3335,20250413,4,247,976.96,304.89,5.97,10.58,31.98
3336,20250509,5,7,114.03,35.91,0.35,1.24,31.28
3337,20240520,1,54,1490.67,489.54,6.7,10.23,27.9
3338,20241023,1,118,186.08,62.38,0.7,1.32,26.19
3339,20241022,3,23,1704.09,532.77,5.87,16.09,31.84
3340,20240322,5,29,2134.42,738.42,9.96,20.42,23.51
3341,20251010,1,39,2260.83,705.74,12.18,18.71,31.96
3342,20241103,1,201,1036.47,323.46,3.5,12.01,31.98
3343,20240913,3,40,1645.88,512.2,7.48,12.82,32.2
3344,20250602,4,70,586.15,182.6,1.87,6.8,32.12
3345,20250107,3,240,929.71,295.24,4.89,8.44,30.61
3346,20240927,1,231,1763.94,586.69,11.46,15.54,26.85
3347,20240908,1,220,1950.34,643.85,12.03,20.75,27.47
3348,20240806,4,239,330.34,104.65,1.77,3.88,30.8
3349,20251101,3,165,1329.25,404.46,4.75,8.02,33.93
3350,20251012,1,6,2005.84,648.77,7.69,21.74,29.14
3351,20250903,1,5,1389.24,437.0,5.99,10.02,31.36
3352,20240616,5,29,1548.58,483.16,7.69,8.74,32.0
3353,20250521,4,152,353.4,108.42,1.21,1.81,33.3
3354,20250321,3,138,1168.64,376.86,4.35,12.92,29.38
3355,20251022,3,38,1637.45,493.53,5.39,21.38,34.65
3356,20240317,2,110,1522.2,488.75,9.56,7.82,29.73
3357,20240707,3,98,1343.35,434.65,7.44,14.26,29.11
3358,20250605,1,71,1976.68,635.7,8.58,22.19,29.6
3359,20240603,1,231,1930.39,645.99,11.4,23.8,26.34
3360,20250807,1,61,1828.56,586.31,9.24,8.4,29.84
3361,20240904,2,12,633.81,187.51,2.15,8.79,36.04
3362,20240728,2,228,829.79,251.76,3.13,3.85,34.15
3363,20240516,4,170,648.72,212.83,1.66,6.22,27.98
3364,20241202,3,100,1841.59,579.51,9.03,13.73,31.33
3365,20240426,3,216,1440.38,465.07,9.08,13.01,29.28
3366,20240819,2,19,997.39,308.79,4.54,13.65,32.6
3367,20250928,1,246,501.01,156.32,3.02,2.81,32.0
3368,20250607,4,1,1085.24,331.65,4.45,7.57,33.6
3369,20250116,2,107,391.96,113.25,1.97,5.39,37.77
3370,20250719,3,148,939.29,291.48,5.62,7.19,32.42
3371,20240309,1,196,1178.33,417.36,3.95,9.59,21.45
3372,20250508,2,195,880.85,251.89,2.88,6.45,38.51
3373,20250311,3,36,134.37,43.08,0.59,0.93,29.84
3374,20251125,4,214,816.28,240.67,2.12,8.78,36.29
3375,20250918,1,181,1584.36,497.24,5.54,13.39,31.54
3376,20250823,1,145,137.32,44.82,0.57,1.6,28.41
3377,20250807,3,167,800.25,239.98,3.12,10.49,35.03
3378,20250720,4,208,720.1,213.03,3.28,8.55,36.04
3379,20250101,1,43,1775.09,584.22,6.89,10.31,27.72
3380,20250615,4,139,82.44,24.88,0.48,0.67,34.54
3381,20241102,3,103,139.95,42.98,0.5,1.15,33.22
3382,20250922,1,201,1044.0,322.09,5.13,7.48,32.87
3383,20240619,3,165,1037.63,333.78,3.09,7.3,29.58
3384,20240605,1,58,1661.88,566.24,7.36,19.52,24.82
3385,20250913,1,186,2257.99,722.47,13.6,22.5,30.01
3386,20240418,1,231,1628.75,548.17,5.29,9.79,25.86
3387,20250927,1,192,865.08,268.24,2.96,6.05,32.48
3388,20250830,1,122,1241.51,390.18,5.03,12.26,31.43
3389,20251029,3,36,97.04,29.28,0.58,0.92,34.57
3390,20250304,5,76,963.44,317.01,5.05,6.26,27.74
3391,20251105,3,14,1168.71,342.15,6.37,13.6,36.81
3392,20240930,1,201,939.91,310.51,3.33,5.22,27.41
3393,20251217,2,48,128.7,35.73,0.57,1.16,40.6
3394,20251002,3,236,439.62,134.88,2.72,4.08,33.3
3395,20240116,1,89,2542.95,883.01,12.53,11.55,23.19
3396,20240619,5,76,678.61,217.59,3.08,6.29,29.84
3397,20250926,2,143,595.95,178.71,2.53,6.79,35.03
3398,20240809,2,95,992.71,290.27,3.17,10.63,36.9
3399,20240629,1,248,1731.51,596.89,6.74,7.03,23.82
3400,20240429,3,226,445.8,137.22,2.04,4.45,33.05
3401,20250708,2,3,488.29,133.23,1.31,5.72,41.79
3402,20250513,2,25,73.94,21.11,0.2,0.99,38.62
3403,20240908,1,43,1199.55,391.2,3.92,10.77,28.47
3404,20250527,5,189,1835.36,583.2,4.9,12.53,30.56
3405,20240611,3,13,1119.45,366.37,3.73,9.68,28.18
3406,20251223,3,102,145.55,43.57,0.48,0.78,35.16
3407,20250421,5,51,814.45,254.79,4.72,4.33,31.79
3408,20240625,1,166,1753.57,586.95,6.21,15.18,26.32
3409,20240720,2,57,638.81,196.19,2.0,5.01,33.22
3410,20250413,1,154,1551.03,515.0,8.58,10.21,26.99
3411,20240814,4,109,1132.99,363.15,2.96,13.59,29.87
3412,20251026,1,5,1545.55,487.78,9.19,9.19,31.1
3413,20240913,1,229,1525.51,505.8,7.26,13.05,27.11
3414,20240511,1,186,1893.06,631.37,11.74,20.65,26.62
3415,20250617,2,82,71.55,20.33,0.32,0.32,38.98
3416,20251208,3,167,803.17,240.18,3.22,6.85,35.24
3417,20240217,2,48,103.66,33.4,0.63,1.41,29.45
3418,20240523,5,149,1477.29,511.79,7.27,9.49,23.39
3419,20250610,1,194,130.22,40.95,0.81,1.11,31.38
3420,20250518,1,227,1406.19,439.91,5.91,6.97,31.79
3421,20241012,5,189,1860.92,619.09,11.27,25.63,26.83
3422,20240922,2,212,950.37,276.82,5.92,7.17,37.18
3423,20240327,2,48,125.5,38.42,0.8,1.52,33.47
3424,20250412,4,68,604.18,187.44,2.14,7.9,32.44
3425,20240309,1,223,2055.7,678.55,9.67,27.69,27.48
3426,20250514,1,9,124.93,39.57,0.67,1.45,30.82
3427,20250419,5,34,869.22,285.31,2.74,10.3,27.94
3428,20240914,3,94,645.15,202.22,3.12,6.24,31.64
3429,20240822,1,118,143.92,46.66,0.88,0.92,28.94
3430,20251119,3,138,1457.03,441.95,5.92,17.47,34.17
3431,20240606,1,86,2075.21,680.25,6.07,8.64,28.05
3432,20240730,2,3,571.08,169.93,2.46,7.93,35.61
3433,20240808,5,230,1577.22,514.17,7.57,19.75,28.5
3434,20240925,1,191,120.12,39.91,0.58,1.3,26.93
3435,20241223,5,188,150.45,48.08,0.96,0.69,30.11
3436,20240709,5,117,610.72,196.8,1.9,8.01,29.44
3437,20240229,2,56,330.92,102.55,1.11,3.79,32.53
3438,20250617,3,22,993.29,314.71,4.34,7.13,30.79
3439,20240406,3,78,1551.37,492.59,6.75,19.1,30.62
3440,20240811,1,20,1578.9,541.06,7.96,12.81,24.33
3441,20250618,1,106,1514.54,468.36,4.36,7.58,32.69
3442,20250225,5,180,2112.07,688.7,5.9,28.35,28.48
3443,20241003,5,117,744.95,239.04,1.92,9.89,29.78
3444,20240129,3,127,1049.76,348.1,2.97,7.05,27.1
3445,20251205,5,76,955.51,283.75,3.44,7.32,35.76
3446,20240329,4,136,1466.24,492.48,4.31,10.75,26.03
3447,20240917,2,83,1055.11,307.46,5.87,5.42,37.15
3448,20241008,5,29,1442.38,480.66,8.56,17.94,26.69
3449,20240530,1,245,1255.13,420.02,6.4,16.66,26.34
3450,20241010,3,38,1505.44,465.72,4.1,6.1,32.66
3451,20241122,4,30,1502.77,483.65,4.44,16.81,29.54
3452,20240926,1,245,1715.39,560.04,7.03,21.24,28.38
3453,20240408,1,201,1114.42,389.2,6.18,15.34,22.69
3454,20240810,4,150,103.5,32.37,0.33,1.41,31.82
3455,20250823,2,242,644.18,179.08,2.56,7.27,40.5
3456,20250917,3,105,1191.95,359.83,7.27,13.02,34.53
3457,20250616,4,144,1243.58,388.0,3.52,12.52,32.0
3458,20240520,1,145,154.84,51.51,0.52,1.56,26.84
3459,20240626,4,124,84.47,28.39,0.49,0.86,25.99
3460,20250323,5,7,166.74,52.39,0.57,1.59,31.45
3461,20250914,2,228,1213.8,345.54,7.35,16.4,38.83
3462,20240127,2,67,135.4,41.44,0.68,0.81,33.49
3463,20240925,1,77,144.74,49.42,0.59,1.5,24.64
3464,20250425,1,218,1277.84,424.96,3.33,16.0,26.86
3465,20241112,5,130,406.99,128.36,2.21,4.45,31.15
3466,20251209,1,227,2046.89,628.31,9.32,15.7,33.26
3467,20250818,1,157,1619.96,514.56,6.05,14.12,30.59
3468,20250528,3,165,1469.02,452.11,3.96,11.7,33.06
3469,20240621,1,118,160.66,54.21,0.48,1.48,25.65
3470,20240225,2,228,1317.23,402.07,8.53,6.9,33.69
3471,20241116,5,137,900.9,294.27,5.27,9.3,28.34
3472,20240410,5,91,1758.38,592.86,9.95,14.25,25.71
3473,20250316,2,35,1371.76,403.08,3.95,18.02,36.54
3474,20251021,1,75,2046.2,631.05,9.49,24.07,32.9
3475,20250212,4,11,795.44,250.75,2.28,5.09,31.19
3476,20250910,1,125,1404.54,448.5,6.19,15.09,30.17
3477,20250428,2,112,90.85,26.21,0.28,1.12,37.88
3478,20251119,3,23,1477.61,421.0,8.76,6.12,38.77
3479,20251204,3,49,1449.32,416.59,8.67,9.55,38.14
3480,20251228,4,62,1388.84,420.71,4.71,18.26,34.27
3481,20240428,3,98,1657.98,525.98,5.03,13.32,30.69
3482,20240816,1,63,484.53,166.1,2.97,2.69,24.3
3483,20240404,5,81,1873.24,611.2,5.78,17.19,28.43
3484,20240626,1,18,794.03,265.36,3.14,7.11,26.45
3485,20240603,1,142,522.22,172.94,3.31,5.52,27.21
3486,20241118,1,64,1377.73,436.91,5.45,6.96,30.72
3487,20240518,5,180,1482.89,503.06,8.43,10.27,25.19
3488,20240511,4,62,934.81,299.14,5.42,12.54,30.0
3489,20240315,1,75,2680.56,916.97,12.68,20.27,24.48
3490,20251005,2,74,297.96,82.68,0.94,3.17,40.63
3491,20241124,3,129,1179.04,376.02,3.75,7.11,30.27
3492,20241031,1,227,1919.07,625.23,11.15,17.43,28.55
3493,20240902,2,110,1031.97,286.1,4.57,11.17,40.69
3494,20250808,3,100,1391.76,427.44,8.33,13.71,33.22
3495,20250917,1,229,1271.27,395.67,5.71,16.77,32.19
3496,20250209,1,41,2037.57,686.42,9.45,25.32,25.78
3497,20240418,1,132,504.3,176.99,2.66,7.04,22.26
3498,20250203,4,173,856.23,264.06,3.07,6.01,32.9
3499,20250906,5,222,412.26,129.33,1.39,5.58,31.57
3500,20240715,2,228,915.4,272.53,2.76,6.98,35.57
3501,20250621,5,131,1020.4,325.22,2.87,10.1,30.32
3502,20241019,3,49,1329.21,418.44,8.38,13.61,31.3
3503,20250419,1,154,1840.25,602.79,6.31,24.48,28.11
3504,20250309,3,78,1620.41,507.25,6.57,12.39,31.74
3505,20240615,3,138,1187.05,373.35,4.15,7.41,31.37
3506,20250219,1,223,1951.46,626.18,11.29,8.43,29.78
3507,20241227,5,91,1671.81,549.36,8.62,16.75,27.85
3508,20250225,2,250,1287.34,378.99,6.08,8.29,36.4
3509,20240115,4,11,794.14,264.83,5.04,3.65,26.63
3510,20251224,3,123,864.37,249.15,2.26,4.36,37.94
3511,20250911,4,156,1072.97,331.63,3.45,8.98,32.73
3512,20240222,2,57,931.96,288.72,3.05,11.53,32.55
3513,20250122,1,186,2206.23,735.82,10.34,10.41,26.62
3514,20250425,1,6,2107.84,678.64,11.11,15.64,29.51
3515,20250814,2,84,273.98,78.42,0.75,1.11,38.44
3516,20251106,2,197,1175.26,316.29,4.63,6.43,42.72
3517,20240810,1,65,1522.32,530.25,6.14,9.23,22.92
3518,20240402,3,100,1300.25,418.37,7.12,13.48,29.56
3519,20241117,4,144,1380.04,440.73,6.27,6.61,30.16
3520,20250831,1,58,1562.19,507.21,4.99,7.2,28.83
3521,20240611,4,128,969.6,313.72,4.21,4.65,29.11
3522,20251023,2,26,367.84,99.27,2.2,5.07,42.53
3523,20240505,1,142,486.91,166.78,2.92,5.0,24.37
3524,20250708,4,243,528.06,148.49,1.4,3.26,39.7
3525,20250325,3,28,864.72,256.1,3.76,6.55,35.96
3526,20240303,5,34,980.22,337.35,2.59,8.47,23.96
3527,20250117,4,158,1424.24,468.35,5.94,7.56,27.79
3528,20250425,1,5,1623.05,535.54,5.23,15.02,27.51
3529,20240722,4,101,317.6,104.33,1.07,1.7,27.88
3530,20250403,3,21,868.02,270.86,2.8,8.5,31.99
3531,20251205,1,43,1979.0,629.24,12.59,14.68,30.51
3532,20250913,1,145,179.74,55.21,1.15,1.68,33.21
3533,20240612,2,140,77.47,23.01,0.5,0.63,35.75
3534,20240905,2,213,583.82,174.73,3.05,4.46,35.18
3535,20240212,4,120,1255.59,406.86,6.04,11.75,28.99
3536,20250615,1,246,375.27,119.64,1.82,4.84,30.3
3537,20240420,4,109,1434.79,472.68,5.13,19.75,27.64
3538,20240908,5,131,1423.17,455.02,6.71,8.23,30.07
3539,20241015,1,65,2121.72,720.54,12.42,28.93,25.1
3540,20240919,1,185,150.34,50.68,0.51,1.8,25.72
3541,20240203,1,201,1379.68,486.53,3.73,13.39,21.84
3542,20250324,1,61,2379.77,734.02,6.59,29.27,32.89
3543,20240523,1,93,1526.45,527.48,6.52,20.34,23.61
3544,20240511,1,41,1980.56,670.22,8.73,20.52,25.4
3545,20251211,3,104,144.88,43.37,0.8,1.61,35.16
3546,20240525,3,40,1648.79,521.15,4.17,18.6,30.98
3547,20250306,5,184,126.44,38.9,0.49,1.41,33.09
3548,20240908,1,169,2189.32,718.71,7.76,26.6,27.93
3549,20250321,1,71,1836.12,598.5,9.74,9.14,28.51
3550,20240202,4,247,1027.52,341.96,4.43,13.27,26.8
3551,20250326,1,182,2583.89,875.42,6.98,20.3,25.3
3552,20240823,5,76,586.9,193.91,1.81,4.33,27.4
3553,20250530,4,162,685.44,218.22,1.75,5.07,30.41
3554,20250208,4,209,415.13,133.16,2.61,3.8,29.81
3555,20240516,1,166,1985.8,657.38,9.24,17.94,27.24
3556,20250824,3,50,366.75,111.9,2.31,3.28,33.72
3557,20240715,2,87,1131.47,350.53,3.6,12.66,32.55
3558,20250413,3,216,1111.0,330.68,6.17,13.55,35.59
3559,20251021,1,229,1764.81,546.95,10.28,13.41,32.52
3560,20240825,4,239,260.14,82.53,1.44,2.17,30.69
3561,20250122,2,74,424.94,125.09,2.42,3.08,36.41
3562,20251023,1,218,1215.78,369.74,6.13,9.25,33.97
3563,20251109,1,224,1455.44,449.96,4.06,15.57,32.71
3564,20241004,1,65,1750.42,596.05,7.65,8.71,24.87
3565,20240110,4,136,2098.07,679.86,9.73,29.1,28.99
3566,20250718,2,195,804.96,231.73,2.97,4.11,38.03
3567,20240817,3,219,98.91,30.9,0.28,0.49,31.91
3568,20240321,5,222,503.86,169.44,2.03,5.48,25.93
3569,20251019,5,234,1596.35,499.72,10.21,15.35,31.74
3570,20240416,3,23,1422.0,454.58,4.0,7.24,30.08
3571,20250224,2,238,86.69,26.05,0.52,0.38,34.88
3572,20250610,4,243,554.52,174.72,1.81,4.96,31.23
3573,20241218,1,64,1521.18,498.03,4.6,10.33,28.15
3574,20240709,1,86,1695.83,563.97,7.62,23.7,26.86
3575,20240511,4,156,1197.48,387.41,5.01,5.08,29.12
3576,20250620,1,54,1455.73,464.26,3.79,7.56,30.27
3577,20250313,3,28,710.73,223.4,3.1,3.34,31.42
3578,20251121,5,29,1957.55,625.87,12.65,8.51,30.07
3579,20240714,2,107,236.44,71.59,1.45,2.88,34.3
3580,20250106,4,209,402.85,125.88,1.47,4.8,31.88
3581,20240425,3,240,848.61,276.24,3.2,7.81,28.62
3582,20240527,5,51,713.47,242.07,3.69,4.99,25.18
3583,20251121,2,82,112.58,32.41,0.3,1.53,38.04
3584,20251207,4,214,939.72,278.5,2.41,7.02,35.91
3585,20250215,5,187,402.23,131.51,1.61,5.06,28.26
3586,20241201,1,71,1937.56,649.55,5.59,10.17,26.19
3587,20251008,3,21,880.17,263.87,2.65,10.79,35.05
3588,20241212,5,73,167.31,54.81,0.99,2.15,28.1
3589,20250913,1,164,1848.96,575.4,9.43,10.74,32.2
3590,20250726,1,218,996.77,327.66,4.19,5.47,27.82
3591,20250228,1,37,2195.6,708.65,12.81,22.5,29.31
3592,20250109,1,39,2519.99,802.47,9.14,11.5,30.39
3593,20240428,2,183,737.08,225.99,2.26,6.45,33.35
3594,20250505,1,6,1707.36,527.37,10.19,10.12,32.78
3595,20250830,3,13,869.09,260.55,4.83,10.18,35.05
3596,20250228,5,76,993.03,338.82,2.8,5.54,24.7
3597,20250529,2,241,97.49,29.5,0.32,0.62,34.35
3598,20241012,5,59,1655.09,532.61,9.38,18.15,29.55
3599,20250731,3,134,798.6,230.06,3.7,7.49,37.98
3600,20241222,1,118,216.72,70.59,0.85,2.58,28.57
3601,20240131,3,23,1850.48,609.33,5.8,25.54,27.68
3602,20250326,1,2,1688.77,529.8,4.54,12.99,31.57
3603,20250308,1,64,1351.76,450.03,5.09,17.28,26.77
3604,20240120,4,30,1437.29,478.73,6.59,18.88,26.73
3605,20240501,2,217,89.53,26.39,0.57,0.74,36.3
3606,20250415,3,165,1341.58,421.42,8.01,16.82,31.47
3607,20240225,1,227,2064.47,716.21,6.91,14.75,23.27
3608,20251113,4,46,1089.07,322.76,3.05,12.01,35.91
3609,20251223,2,82,96.93,26.42,0.48,1.32,41.86
3610,20251231,2,207,728.99,195.89,4.39,9.51,42.82
3611,20240425,3,13,1252.87,405.73,6.19,14.62,29.04
3612,20240910,2,250,828.6,246.56,3.27,9.21,35.61
3613,20250320,2,140,127.37,37.77,0.54,1.67,35.86
3614,20240203,1,182,2406.47,832.45,10.52,32.23,23.52
3615,20251101,1,147,1207.78,364.27,5.15,6.31,34.6
3616,20251113,2,92,308.58,85.03,1.16,1.31,41.11
3617,20240515,2,172,1281.0,353.81,5.86,11.13,40.95
3618,20250501,2,107,306.53,89.8,1.98,1.23,36.76
3619,20240323,3,36,142.14,45.98,0.64,1.42,29.13
3620,20251002,1,37,1637.46,492.48,9.42,7.86,34.81
3621,20250629,1,6,1546.09,525.92,4.25,21.38,24.96
3622,20250728,1,5,1233.64,395.01,7.5,6.35,29.95
3623,20250307,1,43,1558.12,530.38,6.59,16.42,24.9
3624,20250212,4,1,1240.35,379.5,3.63,7.09,33.51
3625,20241016,3,23,1452.27,469.95,6.97,17.63,29.1
3626,20240502,1,106,1524.45,519.96,8.57,18.31,24.73
3627,20250423,1,227,1750.56,565.36,10.86,7.99,29.26
3628,20240622,3,102,92.66,29.62,0.53,0.73,30.08
3629,20240323,5,73,161.41,55.2,0.51,0.66,24.51
3630,20241213,3,168,109.09,34.86,0.29,1.03,30.12
3631,20241122,4,136,1491.01,471.28,3.85,7.58,30.98
3632,20240902,3,13,1218.55,391.79,4.8,7.39,29.62
3633,20240901,2,241,86.71,24.47,0.28,0.92,39.46
3634,20250115,3,202,139.19,44.45,0.62,1.42,30.16
3635,20251103,1,2,1842.43,574.69,4.65,15.58,32.02
3636,20241222,3,38,1728.22,539.62,6.53,21.15,31.94
3637,20251002,4,109,1591.13,482.05,6.95,21.37,34.26
3638,20240504,1,151,497.28,169.95,2.08,3.25,24.56
3639,20250918,4,152,319.12,100.02,1.12,4.18,31.64
3640,20250922,1,199,147.93,47.27,0.74,0.68,30.11
3641,20240703,1,126,1615.22,525.66,4.66,7.79,28.64
3642,20250207,2,114,792.0,230.5,2.75,8.15,37.24
3643,20250505,1,192,803.92,263.85,3.62,10.29,27.95
3644,20241020,4,11,591.45,189.55,3.7,3.98,29.88
3645,20250629,4,30,1090.9,336.17,4.09,5.21,32.96
3646,20240730,1,119,447.27,146.22,1.66,5.25,28.27
3647,20251213,1,4,1827.36,564.8,7.77,10.48,32.73
3648,20240721,2,35,929.21,281.18,5.33,6.16,34.35
3649,20250317,1,32,152.04,46.72,0.53,1.37,33.18
3650,20250901,1,133,1405.6,458.11,4.67,15.04,28.52
3651,20251210,2,140,107.94,30.53,0.43,1.02,39.28
3652,20250317,4,150,110.21,34.79,0.67,0.63,31.09
3653,20250308,1,191,122.99,37.91,0.53,1.22,32.95
3654,20240904,1,118,149.97,50.61,0.96,0.81,25.64
3655,20251203,3,105,1802.74,531.23,11.69,17.82,36.33
3656,20250626,2,115,957.82,266.7,2.77,7.72,40.39
3657,20241104,2,212,1243.39,378.74,5.21,13.16,33.85
3658,20250417,1,39,2426.44,775.59,6.09,13.11,30.09
3659,20240908,5,91,1614.35,531.9,4.91,10.23,27.63
3660,20240301,1,245,1834.91,609.85,10.42,23.85,26.91
3661,20240709,3,240,675.67,214.38,3.16,9.14,30.68
3662,20241028,1,192,944.29,311.43,5.18,6.34,27.55
3663,20240712,1,182,1953.18,657.99,11.55,20.49,25.78
3664,20241025,1,142,567.01,188.45,3.11,7.27,26.91
3665,20240111,2,31,776.5,237.21,4.47,6.42,33.63
3666,20250125,1,182,2283.13,715.62,14.01,27.83,31.64
3667,20250621,5,249,1360.58,428.64,5.88,7.4,31.24
3668,20251218,4,158,1437.89,433.61,9.02,9.77,34.61
3669,20240301,2,97,1075.37,336.81,4.66,13.27,31.7
3670,20240925,2,110,1292.84,364.17,6.46,10.84,39.58
3671,20251104,3,148,1527.92,450.0,6.74,19.11,36.37
3672,20241206,1,245,2140.49,710.3,6.88,16.26,27.04
3673,20250825,5,175,136.37,43.01,0.34,1.76,31.15
3674,20240809,5,51,731.65,243.67,4.69,7.56,26.74
3675,20240309,1,171,153.34,52.39,0.53,0.92,24.59
3676,20251207,4,152,442.86,131.6,1.51,1.86,35.71
3677,20241117,3,98,1838.56,552.74,10.65,9.8,34.84
3678,20250322,1,185,170.41,54.79,0.6,2.17,29.62
3679,20241001,3,99,1084.88,340.78,5.49,7.1,31.47
3680,20240604,4,30,1042.54,338.12,3.34,13.39,28.92
3681,20250805,2,213,622.86,180.73,2.83,2.78,37.46
3682,20240219,5,137,1008.35,334.73,6.43,9.55,27.01
3683,20241107,4,72,1776.3,541.49,11.39,22.72,33.79
3684,20250825,5,59,1390.0,441.85,7.79,6.85,30.53
3685,20240728,5,73,133.77,44.63,0.73,1.09,26.59
3686,20250830,3,21,631.11,187.62,3.92,7.07,35.68
3687,20250613,4,72,1218.79,368.07,4.9,8.19,34.5
3688,20241110,1,191,136.13,45.76,0.51,1.43,25.97
3689,20250322,4,162,812.0,250.19,2.69,6.7,32.97
3690,20250606,1,41,2033.22,660.23,5.29,21.61,28.82
3691,20250822,5,81,1684.12,528.81,9.84,20.61,31.5
3692,20251122,3,167,794.02,240.33,4.18,5.64,34.33
3693,20240405,3,193,94.62,31.52,0.61,0.56,26.72
3694,20241026,3,13,1055.46,331.16,2.69,10.03,31.56
3695,20240907,3,233,325.15,101.9,0.94,1.58,31.65
3696,20241201,1,89,2261.73,768.17,13.14,30.62,25.09
3697,20251106,3,165,1420.15,435.19,5.27,7.38,33.39
3698,20240921,1,41,2057.23,669.83,12.56,18.46,28.6
3699,20250708,3,226,358.76,110.2,2.03,3.06,33.21
3700,20240927,5,234,1287.49,423.28,7.46,11.99,27.81
3701,20241105,4,11,752.33,241.38,2.55,9.38,29.79
3702,20250408,4,200,696.61,209.79,1.74,3.32,34.71
3703,20241023,3,38,1443.55,451.83,4.3,16.83,31.75
3704,20250715,4,144,1245.85,379.29,4.38,11.39,33.89
3705,20240324,2,140,100.01,29.14,0.52,1.37,37.16
3706,20250512,1,160,137.95,45.04,0.53,0.76,28.38
3707,20251215,5,222,615.39,192.79,2.59,4.57,31.68
3708,20240104,1,89,2919.16,1056.27,18.16,28.54,19.54
3709,20250908,4,120,1156.67,345.89,3.23,13.39,35.24
3710,20251015,2,55,667.17,190.73,3.59,8.78,38.53
3711,20250501,1,147,995.85,323.69,3.63,13.7,28.74
3712,20251201,4,170,863.57,260.73,4.04,3.93,34.52
3713,20250223,5,130,420.82,133.99,1.45,5.03,30.4
3714,20251215,2,183,850.89,237.5,4.7,9.51,40.22
3715,20240428,5,180,2092.81,696.74,10.73,14.16,26.77
3716,20240115,1,210,740.65,249.36,4.73,5.79,25.83
3717,20240808,4,68,627.93,202.22,3.72,4.25,29.49
3718,20250629,1,196,1009.96,328.8,5.13,4.71,28.61
3719,20251006,2,197,1092.15,304.05,3.31,8.41,40.4
3720,20240902,2,83,1067.31,322.41,6.04,5.3,34.48
3721,20250203,2,207,778.74,218.67,2.6,7.59,39.8
3722,20251124,4,170,952.26,288.95,4.0,4.74,34.14
3723,20241218,1,192,1007.9,335.11,2.61,7.93,26.88
3724,20250301,1,185,194.77,63.87,0.5,2.01,28.02
3725,20240503,4,45,880.99,291.22,2.61,11.46,27.36
3726,20250416,2,31,792.34,216.25,4.02,4.83,41.77
3727,20250926,1,179,2357.99,733.81,8.59,29.36,32.2
3728,20250519,5,184,125.16,38.65,0.34,1.04,32.8
3729,20240523,3,98,1615.98,519.25,7.98,19.5,29.67
3730,20250304,4,121,472.55,149.55,2.39,5.84,30.88
3731,20240702,2,114,587.86,176.31,2.76,8.22,35.02
3732,20240905,2,67,103.23,30.89,0.39,0.8,35.2
3733,20250404,3,23,1737.42,528.52,10.96,18.66,33.95
3734,20240513,3,38,1574.02,522.7,8.91,19.97,26.98
3735,20240603,4,46,924.31,296.3,4.87,10.31,29.86
3736,20251004,3,94,676.55,195.63,3.89,5.78,37.71
3737,20250610,2,238,69.08,19.64,0.37,0.46,38.93
3738,20250713,5,137,857.73,278.42,2.67,10.3,28.85
3739,20240121,1,237,2245.66,773.85,11.44,22.8,23.85
3740,20250128,3,104,139.8,44.71,0.78,1.41,30.05
3741,20240717,1,220,1453.5,480.7,5.32,19.7,27.32
3742,20240329,4,124,127.92,40.71,0.43,1.76,30.44
3743,20250818,5,184,111.33,35.23,0.36,1.34,30.89
3744,20250412,2,108,101.63,29.38,0.57,0.49,37.72
3745,20250717,4,214,641.32,204.76,1.89,5.72,30.18
3746,20240804,3,40,1124.84,354.41,3.88,14.65,31.23
3747,20240405,5,131,1377.58,476.7,7.88,7.99,23.49
3748,20241116,4,205,141.07,45.0,0.87,1.22,30.25
3749,20240716,1,147,972.48,325.08,3.5,7.37,26.43
3750,20250123,3,148,1440.58,438.4,5.81,6.33,33.92
3751,20251121,1,43,1420.69,446.55,5.8,18.6,31.42
3752,20250630,5,131,1228.01,379.21,7.74,5.23,32.8
3753,20250615,4,69,493.26,149.0,1.84,2.64,34.48
3754,20250311,1,47,1765.17,572.83,7.24,13.59,28.87
3755,20240203,5,96,1089.42,371.54,5.74,6.9,24.74
3756,20250125,1,58,1702.6,555.12,6.82,17.83,28.49
3757,20250910,1,65,2301.77,702.41,9.02,9.44,33.71
3758,20250601,1,125,1378.88,456.3,8.65,5.91,27.27
3759,20251030,3,94,573.32,176.42,3.21,3.81,33.07
3760,20250711,1,145,131.33,42.4,0.66,1.73,29.28
3761,20240109,1,192,1204.48,404.27,6.86,14.85,26.09
3762,20251217,4,80,1356.13,407.0,3.91,15.7,34.97
3763,20240203,1,182,2146.76,749.56,10.16,13.09,22.71
3764,20240705,4,62,909.22,301.17,3.15,5.57,27.19
3765,20240808,3,50,367.86,118.63,2.14,1.73,29.38
3766,20250429,1,142,603.35,198.62,2.53,4.13,27.7
3767,20251024,1,191,155.74,49.61,0.84,0.93,30.37
3768,20251009,1,229,1480.32,440.6,4.12,16.17,35.59
3769,20250616,5,131,1352.42,427.47,5.63,14.36,30.98
3770,20251218,1,147,1123.35,354.03,4.75,8.07,31.21
3771,20251022,2,8,757.32,214.75,2.1,9.28,39.11
3772,20250102,3,202,114.82,34.26,0.45,1.37,35.4
3773,20250121,2,19,1235.15,363.43,4.27,6.64,36.44
3774,20250104,2,87,1875.51,537.82,5.05,16.42,38.31
3775,20240824,2,204,1163.64,332.89,5.89,12.6,38.48
3776,20240718,2,92,255.68,76.36,1.62,2.49,35.34
3777,20240719,4,68,490.91,161.75,1.66,2.11,27.63
3778,20240213,1,220,1991.26,695.35,12.42,15.84,22.7
3779,20241029,1,164,2059.12,678.6,11.47,18.57,27.61
3780,20250618,5,117,618.17,193.51,2.02,7.15,31.74
3781,20250116,5,33,2097.98,645.59,11.05,29.06,33.07
3782,20240315,4,161,398.94,132.64,1.17,3.48,26.88
3783,20250215,4,200,725.49,210.86,3.89,6.02,37.34
3784,20240417,2,140,109.94,32.22,0.32,1.26,36.74
3785,20241026,5,91,1439.08,472.54,5.17,11.84,27.91
3786,20250727,1,227,1162.35,366.93,4.53,12.7,31.08
3787,20250905,1,186,1914.66,586.65,10.09,26.76,33.4
3788,20240126,3,10,811.38,266.49,4.23,9.46,27.89
3789,20250128,1,179,2233.75,734.37,6.16,26.78,27.81
3790,20250119,3,134,907.08,279.92,4.43,5.39,32.85
3791,20251106,2,67,122.92,35.07,0.46,1.25,38.67
3792,20240426,1,122,1752.37,533.49,8.9,19.9,33.89
3793,20240918,4,121,396.24,121.68,1.51,2.29,33.23
3794,20240426,4,62,1137.24,378.29,6.94,14.94,26.84
3795,20250710,3,13,1083.95,321.54,5.14,9.19,35.84
3796,20250830,5,53,775.32,231.6,3.38,7.76,35.32
3797,20250119,3,49,1344.71,415.57,6.35,18.39,32.74
3798,20240802,4,124,95.26,30.63,0.37,0.56,29.61
3799,20250702,5,85,869.07,271.64,2.87,10.73,31.86
3800,20240504,5,131,1156.6,393.89,6.31,5.29,24.86
3801,20251110,3,235,897.26,260.74,5.49,9.56,37.35
3802,20250209,4,176,111.04,34.97,0.49,1.48,31.26
3803,20250228,1,5,1885.19,621.43,6.08,14.64,27.59
3804,20240119,3,167,853.97,292.84,3.04,7.63,24.27
3805,20251101,1,18,1056.39,331.07,3.22,13.66,31.65
3806,20240929,3,99,986.86,307.62,2.67,10.35,32.07
3807,20240421,4,239,427.36,136.38,2.58,3.56,30.22
3808,20240901,4,109,1284.34,407.24,7.99,7.92,30.73
3809,20240614,1,142,480.93,161.25,2.11,5.58,26.18
3810,20250103,1,227,1827.13,608.29,6.44,9.75,26.77
3811,20250703,2,25,59.09,17.26,0.29,0.29,36.98
3812,20240411,3,14,1148.17,373.75,7.33,5.31,28.62
3813,20250116,4,176,103.61,33.26,0.27,0.86,29.74
3814,20240103,2,108,93.52,28.49,0.31,1.18,33.84
3815,20240630,2,12,550.34,165.56,1.82,6.51,34.79
3816,20250908,1,64,1254.15,395.76,4.32,5.76,31.11
3817,20251006,5,29,1423.23,444.62,6.96,17.41,31.9
3818,20250118,1,166,2316.17,743.4,6.18,30.1,29.76
3819,20250824,2,241,83.8,23.62,0.41,1.15,39.52
3820,20250727,1,16,1187.07,370.98,4.81,9.99,31.87
3821,20241001,4,46,941.38,303.43,5.83,7.06,29.42
3822,20240909,1,231,1966.84,655.51,12.59,19.32,26.68
3823,20240425,4,62,1027.49,340.63,4.54,11.92,27.12
3824,20240627,1,39,2034.71,669.09,7.74,21.26,27.79
3825,20250528,1,245,1274.6,421.64,3.37,14.09,27.3
3826,20250214,4,173,988.88,317.35,3.52,12.21,29.77
3827,20250910,1,111,127.97,39.63,0.4,1.54,32.58
3828,20240621,1,79,2063.78,697.14,13.29,11.32,25.55
3829,20240223,1,2,2215.3,752.94,10.34,18.91,25.03
3830,20240712,1,231,1852.47,646.29,6.7,13.75,22.78
3831,20241108,2,12,655.05,179.56,2.88,5.3,41.47
3832,20240501,3,127,841.4,268.57,3.27,10.38,30.2
3833,20250219,2,95,1302.9,390.04,6.87,10.75,35.16
3834,20241021,5,117,1024.35,335.25,3.1,13.72,28.18
3835,20240908,4,163,1077.52,355.54,4.87,6.31,27.51
3836,20240611,1,63,391.95,130.35,2.17,4.42,26.86
3837,20240922,4,11,670.12,210.31,3.97,4.95,31.54
3838,20240324,2,95,1332.19,402.75,6.3,17.33,34.42
3839,20240316,3,22,1293.29,428.18,3.36,16.26,27.23
3840,20240609,4,173,642.86,211.78,3.77,4.8,27.64
3841,20251022,3,206,95.88,28.11,0.35,0.44,36.71
3842,20241222,1,89,2924.17,901.81,19.0,17.1,32.9
3843,20250723,1,181,1953.56,622.09,6.23,8.92,30.39
3844,20250405,1,18,990.96,319.01,4.65,12.31,29.52
3845,20251002,5,149,1199.74,361.12,5.34,12.51,34.75
3846,20250911,4,46,913.01,282.34,5.68,5.67,32.69
3847,20240930,1,224,1739.21,577.84,5.0,23.15,26.94
3848,20250105,4,116,855.65,256.22,4.13,9.95,35.14
3849,20250723,4,209,309.07,95.4,1.33,2.85,32.83
3850,20240105,4,128,1292.41,432.03,4.17,10.79,26.43
3851,20240627,1,169,1829.35,640.05,6.96,9.23,22.53
3852,20240619,5,184,90.69,29.92,0.45,0.69,27.52
3853,20250521,3,22,1067.87,338.22,4.77,6.96,30.82
3854,20250828,4,62,875.59,270.17,3.33,6.62,32.86
3855,20250320,3,240,983.73,311.69,3.57,9.9,30.79
3856,20250503,3,127,793.11,237.49,2.71,10.53,35.14
3857,20240916,4,141,292.36,94.06,1.29,2.29,29.57
3858,20241209,3,22,1390.83,445.62,5.5,16.45,29.9
3859,20241217,1,37,1988.62,646.62,10.93,25.45,28.71
3860,20240826,2,238,69.41,20.04,0.27,0.32,37.83
3861,20250629,4,215,521.22,160.06,1.3,6.57,33.23
3862,20241028,2,25,95.89,27.85,0.49,0.55,37.4
3863,20250902,1,229,1266.44,398.02,7.7,14.49,31.43
3864,20241120,4,1,1573.35,508.19,8.86,15.51,29.25
3865,20250806,4,200,589.62,181.56,3.45,4.08,33.02
3866,20240515,1,199,144.51,48.84,0.7,0.71,25.51
3867,20251001,1,16,1713.89,549.75,6.92,22.45,29.81
3868,20250214,1,54,2578.7,850.15,7.92,23.98,27.58
3869,20240215,1,43,1805.89,622.31,5.45,9.18,23.85
3870,20250708,4,116,745.47,225.85,4.45,4.98,34.26
3871,20240417,1,4,1874.23,640.91,5.43,24.53,24.51
3872,20240602,1,164,1372.53,463.97,8.68,9.17,25.49
3873,20240826,2,3,589.16,170.72,3.48,4.26,37.56
3874,20250622,3,50,349.78,106.49,2.11,1.61,33.89
3875,20251230,1,142,507.88,158.8,3.28,6.24,31.83
3876,20250403,1,142,498.68,166.9,2.71,5.23,26.33
3877,20250820,2,19,1200.48,327.68,3.52,13.78,41.76
3878,20240718,1,113,1531.68,508.03,4.29,16.3,27.08
3879,20250421,1,186,1984.44,650.18,10.17,26.36,28.09
3880,20241023,3,38,1682.81,546.11,8.51,9.0,28.87
3881,20250827,1,106,1178.4,383.22,7.35,7.18,28.7
3882,20251120,2,95,1170.28,319.91,4.66,12.05,41.66
3883,20250523,3,14,1333.86,399.57,4.43,10.83,35.11
3884,20250627,2,195,983.66,283.45,3.53,8.68,37.96
3885,20250822,2,207,538.83,147.64,3.06,2.25,41.5
3886,20250805,4,101,296.48,94.19,1.76,3.5,30.58
3887,20240801,1,147,787.65,260.68,4.0,3.32,27.26
3888,20241207,4,161,354.15,113.74,2.17,3.7,29.71
3889,20250904,2,52,93.92,26.81,0.28,0.82,38.63
3890,20250217,1,122,1918.68,611.37,9.79,23.52,30.34
3891,20250621,4,152,398.7,121.94,2.18,2.21,33.54
3892,20250225,5,34,1065.51,344.93,4.85,13.4,29.07
3893,20240229,1,37,1999.21,691.01,12.52,23.27,23.59
3894,20250214,2,213,653.82,186.34,2.43,3.96,38.75
3895,20240114,3,235,861.04,288.48,2.58,7.99,26.24
3896,20250303,3,211,1603.24,496.62,5.09,11.28,32.56
3897,20240323,5,187,405.04,135.98,1.96,5.58,26.07
3898,20241104,2,55,695.15,205.79,4.28,6.11,35.99
3899,20250606,1,179,1613.72,507.35,7.24,15.15,31.4
3900,20240324,1,75,2171.49,727.1,13.21,27.65,26.29
3901,20250803,5,96,647.44,196.54,3.57,8.69,34.11
3902,20240211,4,232,1310.95,428.47,4.77,16.63,28.29
3903,20250621,4,209,305.98,95.12,1.75,2.49,32.28
3904,20241022,5,189,1698.29,546.37,5.71,15.08,29.57
3905,20250508,4,173,773.07,239.28,3.41,7.42,32.62
3906,20250723,1,18,771.54,238.1,4.43,3.98,32.85
3907,20251208,4,69,897.4,273.31,4.29,3.91,33.86
3908,20250621,4,205,110.39,34.03,0.64,1.4,32.93
3909,20251219,3,233,488.32,149.11,1.41,6.12,33.66
3910,20250514,5,131,1112.02,362.07,4.76,7.94,28.6
3911,20250115,1,71,1915.4,640.05,8.95,25.66,26.46
3912,20240511,2,107,289.32,85.45,1.22,2.73,36.16
3913,20240802,1,39,1516.8,512.19,8.33,14.43,25.58
3914,20240915,2,67,85.9,24.92,0.28,0.4,37.47
3915,20250814,3,13,987.61,300.11,4.52,9.41,34.03
3916,20240523,3,225,1340.76,447.28,5.54,12.62,26.6
3917,20250304,5,66,138.29,44.78,0.86,1.71,29.04
3918,20250811,1,218,981.85,314.39,2.6,6.26,29.95
3919,20250908,1,169,2283.87,732.03,14.15,14.14,29.87
3920,20241111,1,133,1370.51,449.47,6.41,15.67,28.01
3921,20240406,4,141,336.05,114.47,2.17,4.4,24.84
3922,20250404,3,235,792.3,237.5,2.92,3.97,35.06
3923,20240408,5,234,1354.82,466.0,6.12,17.78,24.01
3924,20240208,2,87,1636.59,535.1,6.7,18.41,28.26
3925,20241225,5,81,1664.54,541.24,4.54,8.1,28.71
3926,20240128,4,128,1787.84,578.33,9.48,19.57,29.13
3927,20240317,1,27,2047.3,701.49,11.78,19.02,24.34
3928,20250105,1,41,2155.08,683.33,12.1,16.63,30.73
3929,20240207,1,177,157.98,55.84,0.81,1.11,21.64
3930,20241115,1,20,2363.36,786.05,13.83,28.92,26.85
3931,20240616,1,6,1463.22,479.88,7.37,18.44,28.01
3932,20250112,3,99,1564.28,484.99,7.28,21.44,32.49
3933,20251116,3,15,1318.46,389.84,5.98,5.45,36.08
3934,20241127,5,189,2162.31,689.52,6.19,30.21,30.28
3935,20240813,1,118,138.61,44.85,0.65,1.49,29.1
3936,20241010,5,7,157.72,51.88,0.43,0.88,27.76
3937,20240828,2,42,102.14,30.81,0.65,1.25,34.59
3938,20251123,1,77,128.11,40.86,0.74,1.15,30.27
3939,20240502,2,48,92.42,27.52,0.42,0.81,35.55
3940,20241122,1,6,1838.95,613.84,8.08,24.63,26.55
3941,20250322,1,157,1811.08,591.43,5.03,17.46,28.36
3942,20250120,1,20,2283.87,749.29,12.33,17.22,27.98
3943,20250204,1,196,1267.53,415.85,5.39,15.06,27.98
3944,20240325,1,201,1230.94,420.19,4.43,6.19,24.66
3945,20240607,3,206,94.11,30.14,0.54,1.16,29.94
3946,20250313,1,32,162.52,52.73,0.78,1.01,28.89
3947,20241025,2,25,75.28,21.73,0.35,0.65,37.82
3948,20240420,3,202,102.32,33.56,0.39,1.15,28.0
3949,20240318,1,179,2696.23,951.77,12.58,27.19,21.75
3950,20240916,5,81,1552.39,511.11,8.96,16.37,27.69
3951,20250103,1,154,2100.94,678.18,8.9,14.29,29.3
3952,20241122,4,221,991.33,312.9,3.87,5.69,31.09
3953,20241216,3,129,1463.56,459.38,9.3,12.46,31.53
3954,20250712,4,11,551.49,161.26,3.29,6.76,36.9
3955,20240222,5,249,2339.42,776.31,6.82,22.22,27.04
3956,20250314,1,16,1850.9,618.72,8.38,22.62,26.43
3957,20240910,3,36,105.67,34.88,0.62,0.95,27.49
3958,20250625,1,39,1709.66,547.16,6.3,9.25,29.99
3959,20251110,5,85,1065.53,323.75,6.87,5.65,34.04
3960,20240414,5,29,1871.75,638.34,7.61,14.29,24.74
3961,20240730,1,196,869.32,289.07,3.38,11.77,26.87
3962,20251025,1,186,2250.1,694.29,8.41,11.86,32.86
3963,20250501,4,239,385.48,114.78,1.64,2.58,35.56
3964,20250412,5,131,1406.52,443.22,5.48,19.48,31.22
3965,20240828,2,82,90.93,25.57,0.41,0.67,39.69
3966,20250416,2,83,1072.85,315.33,3.81,7.69,36.52
3967,20250907,2,183,655.42,184.91,3.53,5.19,39.47
3968,20240527,4,141,402.39,134.91,1.19,2.13,26.18
3969,20240726,1,41,1744.7,599.48,6.15,21.57,24.1
3970,20241014,1,6,2192.42,709.55,8.18,21.76,29.09
3971,20240127,1,169,2182.86,788.8,6.17,24.84,19.66
3972,20240523,2,204,1119.12,332.65,3.81,11.18,35.69
3973,20240508,3,138,1234.6,406.13,4.54,10.55,27.76
3974,20250222,4,46,1003.49,316.1,4.99,6.06,31.25
3975,20250411,3,21,702.68,212.04,4.26,7.61,34.56
3976,20250831,4,144,1349.06,421.01,3.65,17.88,31.98
3977,20251201,1,132,547.38,160.19,1.91,3.32,36.84
3978,20250702,5,7,126.44,38.97,0.47,1.55,32.94
3979,20250716,2,204,1105.63,303.96,4.66,11.77,41.27
3980,20241225,3,226,450.72,144.37,1.84,2.53,29.92
3981,20240216,1,231,2092.66,744.32,6.04,18.25,21.08
3982,20251007,2,90,102.14,26.2,0.41,0.78,45.88
3983,20250613,3,235,796.69,239.77,5.13,6.9,34.76
3984,20250221,4,178,375.6,115.67,2.05,4.64,33.01
3985,20241019,2,108,103.37,30.78,0.52,0.46,35.55
3986,20250609,1,166,1431.19,464.16,6.45,10.45,28.92
3987,20240926,5,155,99.21,32.53,0.43,0.5,28.02
3988,20240901,2,228,1173.68,339.62,3.94,10.06,37.66
3989,20240914,5,81,1295.69,426.85,4.91,7.62,27.64
3990,20250508,4,150,121.3,36.66,0.78,1.46,34.44
3991,20240409,1,220,1996.44,673.04,11.6,17.64,25.72
3992,20240120,1,169,2621.87,906.75,11.64,12.37,23.54
3993,20250714,4,161,276.37,89.57,1.37,3.24,28.98
3994,20240110,4,30,1554.96,506.79,8.36,13.49,28.52
3995,20240926,4,156,1404.17,462.37,6.56,14.24,27.68
3996,20250630,1,88,143.52,46.59,0.6,1.77,28.85
3997,20250921,4,161,296.01,91.51,1.75,1.27,32.71
3998,20251213,2,204,1777.08,476.26,4.76,13.19,43.0
3999,20240326,5,59,1545.48,520.08,5.83,13.96,25.87
4000,20251109,3,202,133.59,38.9,0.5,1.52,37.2
4001,20240501,4,136,1425.83,468.24,4.97,19.34,27.9
4002,20250902,1,63,409.51,131.04,1.88,5.59,30.0
4003,20240516,5,184,136.12,44.28,0.73,1.39,28.67
4004,20251121,3,103,108.99,32.06,0.29,1.45,36.46
4005,20250323,4,46,946.07,297.9,3.1,4.69,31.28
4006,20240324,1,4,1956.26,664.19,9.01,19.52,25.12
4007,20250520,2,83,1007.41,276.96,5.72,11.96,41.27
4008,20240421,5,29,1773.8,592.38,8.89,17.19,26.51
4009,20240807,1,18,813.61,264.72,4.53,11.33,28.66
4010,20250827,5,44,114.07,35.81,0.59,1.53,31.52
4011,20250713,3,99,1021.31,298.71,2.6,13.38,36.88
4012,20241030,4,152,408.07,129.41,2.26,4.87,30.72
4013,20250123,2,143,892.45,261.92,4.85,3.62,36.63
4014,20240912,5,155,101.26,32.95,0.49,1.23,28.66
4015,20250209,1,160,178.19,57.51,0.96,2.34,29.31
4016,20250425,4,214,882.82,275.02,5.7,8.9,32.12
4017,20251023,1,210,551.32,178.5,2.37,2.92,29.06
4018,20240715,2,241,81.42,23.89,0.4,0.5,36.64
4019,20240224,2,217,102.64,31.97,0.59,0.58,32.14
4020,20240514,2,143,512.72,159.03,1.85,5.23,32.46
4021,20250111,1,164,2471.54,825.4,14.82,11.19,26.51
4022,20251106,2,35,1329.77,376.64,4.8,14.6,39.19
4023,20240920,2,115,1261.56,381.65,7.66,10.77,34.37
4024,20250507,1,181,2084.69,678.78,9.02,15.44,28.6
4025,20250812,2,92,349.45,101.45,1.5,2.43,37.42
4026,20250626,3,146,81.72,24.65,0.27,0.38,34.59
4027,20250113,3,123,743.6,222.51,2.97,6.58,35.19
4028,20240110,1,220,2380.88,799.21,7.44,32.31,26.08
4029,20250219,1,43,1745.06,548.65,8.54,19.04,31.4
4030,20240930,1,169,2267.86,760.82,9.99,9.3,26.13
4031,20250722,3,23,1371.93,410.26,5.5,9.52,35.24
4032,20250810,4,124,82.49,25.77,0.39,1.05,31.89
4033,20240206,2,3,719.0,225.16,4.14,7.23,31.71
4034,20250216,1,43,1535.96,503.79,8.67,17.21,28.0
4035,20240710,4,239,351.73,114.96,1.31,3.95,28.29
4036,20250616,2,204,1358.95,401.11,8.06,13.33,36.21
4037,20241203,1,16,1689.2,552.3,10.9,9.29,28.26
4038,20250829,4,11,533.38,159.89,1.9,5.57,35.06
4039,20241224,1,41,2484.18,827.03,8.15,17.15,26.77
4040,20240723,1,79,1617.8,554.52,6.67,9.59,24.31
4041,20250426,5,7,151.28,46.64,0.9,0.92,32.93
4042,20240629,4,208,737.7,237.01,2.02,10.09,29.68
4043,20250429,4,80,1178.42,366.16,7.23,5.44,32.32
4044,20250207,5,96,903.71,294.1,4.21,12.33,28.64
4045,20240213,1,157,2564.28,885.19,13.64,27.07,23.7
4046,20240213,4,221,846.26,279.3,3.25,8.24,27.49
4047,20241218,4,232,1095.16,347.47,6.83,14.78,30.68
4048,20250208,5,222,452.59,145.35,1.33,4.73,29.71
4049,20241215,2,74,369.68,109.56,1.53,5.12,35.91
4050,20250916,1,182,1576.48,493.12,4.22,9.28,31.8
4051,20241216,4,144,1962.56,618.68,5.89,7.93,31.19
4052,20240426,1,177,155.92,50.92,0.64,1.39,28.36
4053,20240803,1,169,1753.6,609.34,8.11,13.68,23.13
4054,20240514,4,243,742.66,237.83,3.47,9.12,29.94
4055,20240317,5,7,170.99,58.08,0.52,1.87,25.09
4056,20250530,5,234,1420.54,454.35,4.15,17.77,30.04
4057,20240702,2,56,311.47,94.23,1.41,2.68,34.37
4058,20250308,3,17,107.93,32.8,0.69,1.25,34.03
4059,20250306,5,29,1893.46,596.44,9.13,12.82,31.25
4060,20241221,3,202,147.82,46.12,0.48,0.75,32.0
4061,20250202,4,141,372.05,113.03,1.17,5.04,34.05
4062,20250524,2,83,919.24,270.62,3.36,4.96,36.4
4063,20240602,1,64,1150.81,399.52,4.42,9.58,23.21
4064,20241026,5,137,1004.14,339.88,5.71,6.05,25.38
4065,20240315,5,184,113.79,37.6,0.31,0.49,27.39
4066,20241012,1,157,2093.32,698.92,8.18,11.41,26.53
4067,20250806,1,177,135.63,41.94,0.42,1.07,32.69
4068,20240402,1,160,142.3,49.05,0.66,1.1,23.82
4069,20240201,2,195,1097.5,331.8,4.2,10.21,34.42
4070,20250707,1,77,129.42,42.03,0.41,1.73,28.82
4071,20240110,2,228,1599.24,479.52,9.3,6.92,35.04
4072,20250916,4,136,1278.75,380.2,6.83,7.72,35.67
4073,20250121,4,144,1567.44,487.66,8.95,12.48,32.22
4074,20250122,4,109,1666.49,515.68,6.23,7.5,32.64
4075,20240911,5,184,128.47,41.45,0.52,1.07,29.33
4076,20250702,2,204,1249.1,363.64,7.73,5.59,37.22
4077,20241203,2,8,776.5,225.78,2.28,3.49,37.31
4078,20250206,5,131,1332.9,436.34,4.04,11.43,28.16
4079,20241211,1,220,2434.69,779.49,10.46,13.49,29.96
4080,20240515,1,125,1619.03,549.76,8.36,15.55,25.11
4081,20250419,5,184,115.36,37.49,0.51,0.98,28.75
4082,20241230,5,131,1413.72,457.65,7.64,9.7,29.07
4083,20240524,1,75,2280.56,761.8,12.97,23.76,26.49
4084,20241202,4,144,1692.71,525.08,7.35,16.95,32.45
4085,20250730,1,164,1716.49,554.91,7.35,21.71,29.18
4086,20241205,2,87,1569.68,459.98,7.5,13.54,36.74
4087,20250116,1,89,2783.51,894.4,8.88,21.36,29.67
4088,20240507,2,110,1019.62,306.58,6.16,9.25,34.83
4089,20250730,3,225,1293.61,383.01,7.91,10.26,35.98
4090,20240320,4,208,739.74,240.47,2.92,3.78,28.73
4091,20240916,1,177,145.98,48.33,0.45,1.75,27.23
4092,20250716,5,230,1359.37,430.97,7.13,12.81,30.74
4093,20240430,3,235,757.24,246.8,4.53,7.64,28.52
4094,20241123,1,181,2191.5,747.65,10.76,27.85,24.71
4095,20250322,1,111,156.98,51.9,0.54,2.0,27.34
4096,20241123,1,4,1570.37,534.3,5.4,6.48,24.94
4097,20240501,1,210,448.93,153.53,2.69,2.66,24.5
4098,20241218,1,58,1615.8,519.51,10.2,16.27,29.62
4099,20250516,2,55,507.97,145.26,2.53,4.39,38.51
4100,20250615,5,53,712.31,222.21,4.28,9.93,32.01
4101,20240815,4,221,823.04,265.91,4.14,6.01,29.23
4102,20250202,1,111,194.12,64.65,0.91,1.05,26.74
4103,20250822,5,184,115.09,36.57,0.65,1.17,30.56
4104,20251001,1,210,479.56,147.99,2.31,5.63,32.85
4105,20241112,3,167,1009.8,317.4,2.95,12.76,31.42
4106,20250717,3,94,507.41,148.12,1.85,4.12,37.02
4107,20240113,4,221,817.81,269.84,2.75,3.51,27.51
4108,20241113,1,160,191.7,65.9,0.75,1.12,24.06
4109,20250512,1,16,1548.27,502.32,5.64,20.5,28.89
4110,20240905,4,121,380.49,121.92,1.6,2.74,29.89
4111,20240902,1,145,184.03,60.42,0.61,2.06,27.92
4112,20240825,4,30,1271.88,404.51,6.48,6.52,30.49
4113,20240401,1,229,1836.35,629.79,9.47,20.55,24.26
4114,20251210,3,102,140.67,40.12,0.37,1.79,38.7
4115,20251204,3,138,1590.68,471.35,5.78,8.68,35.92
4116,20240422,5,53,860.97,298.55,4.33,6.66,23.31
4117,20250528,4,11,634.07,199.86,2.18,2.89,31.2
4118,20250726,1,224,1137.07,350.35,6.77,9.32,32.97
4119,20251229,1,32,188.15,59.18,1.0,1.45,31.36
4120,20250129,1,61,2032.34,643.44,8.6,13.76,30.85
4121,20250708,2,12,451.67,124.81,1.63,4.62,40.92
4122,20240608,2,172,1098.27,322.36,4.44,8.7,36.62
4123,20240125,4,208,756.29,246.31,3.28,3.82,28.58
4124,20240329,2,31,750.77,236.07,2.73,10.14,31.39
4125,20240804,2,213,477.48,140.09,2.57,6.5,36.65
4126,20240504,5,137,678.98,220.78,3.83,5.0,28.71
4127,20240111,2,228,1394.0,431.47,7.72,12.64,32.62
4128,20240910,2,204,1328.96,409.21,6.72,8.54,33.02
4129,20250409,1,164,2191.7,673.11,14.15,16.84,33.22
4130,20241007,2,140,115.82,34.69,0.4,0.73,35.13
4131,20241123,1,2,1945.23,651.03,8.23,16.51,26.33
4132,20241123,3,40,1441.78,459.7,6.35,20.04,30.29
4133,20250528,2,19,1144.04,325.27,3.98,14.11,38.92
4134,20240712,2,57,581.65,180.08,1.72,2.57,32.6
4135,20251001,1,65,1922.02,572.84,4.86,13.67,35.49
4136,20250116,3,240,761.39,231.01,4.54,5.92,34.15
4137,20240329,1,185,185.56,64.99,1.19,2.37,22.44
4138,20251003,2,114,749.35,207.9,2.5,5.67,40.64
4139,20240312,3,103,121.71,39.11,0.39,1.02,29.67
4140,20250923,5,53,891.89,277.59,5.38,7.28,32.19
4141,20240818,1,229,1392.33,467.82,7.38,18.55,26.0
4142,20251212,5,117,1027.12,313.39,4.17,8.84,33.72
4143,20250522,4,141,392.04,117.0,2.55,5.12,35.39
4144,20240510,3,60,593.13,184.37,2.11,5.26,32.29
4145,20240816,1,113,1735.0,592.95,9.82,20.22,24.56
4146,20251120,1,154,1545.7,480.71,4.6,6.82,32.25
4147,20240229,3,206,105.02,34.85,0.29,0.91,27.04
4148,20241230,1,18,1128.65,369.57,3.88,8.51,28.14
4149,20240529,4,139,93.65,30.79,0.5,1.19,27.8
4150,20240626,2,56,275.57,79.67,1.16,3.62,37.72
4151,20241225,4,128,1592.29,515.58,9.01,9.67,29.05
4152,20241028,2,238,78.11,22.3,0.38,0.86,38.62
4153,20241018,5,59,1397.04,455.32,8.9,13.44,28.52
4154,20250314,4,124,118.84,37.37,0.67,0.93,31.38
4155,20250120,5,180,1900.5,634.84,9.98,21.58,26.49
4156,20250507,2,12,602.08,174.53,2.66,2.93,37.53
4157,20251115,5,59,1362.5,399.27,7.64,7.76,36.74
4158,20241009,1,179,1918.2,629.02,9.4,22.79,28.02
4159,20250119,1,106,2095.96,689.15,5.71,15.48,27.8
4160,20240719,3,138,1188.49,373.04,5.83,6.75,31.53
4161,20240824,4,162,603.26,201.32,2.39,7.65,26.57
4162,20240520,3,15,867.01,282.02,5.6,4.7,28.68
4163,20240112,3,193,115.72,37.86,0.52,1.37,28.2
4164,20241010,2,198,92.98,26.65,0.56,0.67,38.35
4165,20250103,4,156,1753.6,559.12,9.6,9.63,30.29
4166,20241221,1,166,2393.14,790.02,13.29,22.28,27.47
4167,20251027,4,121,488.76,149.03,2.48,2.51,33.77
4168,20240610,1,77,127.16,43.81,0.41,0.85,23.87
4169,20250108,3,38,2058.05,634.21,6.36,22.56,32.96
4170,20240429,1,224,1330.99,450.35,5.23,10.57,25.41
4171,20250117,1,125,1937.92,628.58,6.68,19.5,28.91
4172,20251110,4,141,345.14,101.57,1.76,1.75,36.43
4173,20240702,1,6,1870.21,599.59,7.69,23.28,29.85
4174,20250829,2,213,466.34,131.36,1.57,5.34,39.58
4175,20251215,4,158,1676.45,497.1,10.2,8.55,35.87
4176,20250723,5,149,1345.02,442.73,4.76,7.23,27.71
4177,20250827,1,4,1434.21,467.15,5.53,12.06,28.57
4178,20250428,1,119,467.9,152.82,1.42,6.05,28.35
4179,20251206,4,72,1371.81,391.95,7.32,5.85,38.57
4180,20240612,2,204,1383.6,405.01,8.0,7.54,36.82
4181,20241227,3,225,1814.14,557.96,7.55,8.53,33.11
4182,20240525,4,152,393.66,125.58,1.32,2.54,30.25
4183,20250224,3,216,1542.26,469.22,8.93,13.01,33.94
4184,20240707,3,219,106.4,33.46,0.3,1.11,31.37
4185,20240203,3,98,1697.3,555.15,5.27,16.12,28.23
4186,20251005,1,177,193.57,59.78,1.03,0.86,32.79
4187,20240313,2,83,1116.39,343.49,3.82,11.94,33.08
4188,20241026,1,223,2034.85,672.23,9.9,8.16,27.41
4189,20251124,2,183,681.81,184.66,3.5,4.93,42.29
4190,20250224,3,138,1172.0,363.79,4.03,13.69,32.4
4191,20240110,2,92,409.03,123.74,1.72,1.69,34.37
4192,20241209,4,150,121.66,36.8,0.41,1.41,34.37
4193,20250106,1,185,188.42,59.68,0.68,2.17,30.82
4194,20241223,3,50,529.65,170.48,2.25,4.0,29.53
4195,20250525,5,91,1233.22,387.82,4.46,5.57,31.38
4196,20250314,4,72,1700.52,527.77,7.81,17.0,32.41
4197,20240427,3,236,445.58,142.8,1.86,5.41,29.88
4198,20240615,4,232,897.12,292.5,3.47,7.77,28.49
4199,20240107,4,141,511.98,170.16,1.8,4.69,26.91
4200,20250115,4,62,1433.75,462.7,4.91,8.16,29.32
4201,20240802,2,67,105.34,31.94,0.34,0.72,34.2
4202,20241113,3,138,1247.47,389.71,4.95,7.24,31.9
4203,20240618,5,155,117.76,39.07,0.61,0.98,27.06
4204,20240622,4,178,332.16,102.97,1.36,2.78,32.5
4205,20240705,3,13,1026.71,348.63,5.04,5.39,25.11
4206,20240607,4,170,632.8,195.46,3.59,4.43,32.78
4207,20240605,3,148,1083.44,359.4,6.05,4.46,27.07
4208,20250719,1,177,124.17,39.93,0.37,1.32,29.61
4209,20250807,4,215,544.27,168.09,2.61,4.24,32.79
4210,20240622,1,41,1747.54,583.96,6.83,20.23,26.46
4211,20240609,1,119,422.67,142.88,1.66,2.3,25.49
4212,20251015,1,9,141.31,44.91,0.38,1.01,30.55
4213,20240323,5,29,1777.11,599.38,9.53,14.14,25.68
4214,20251103,1,171,164.41,52.33,1.06,1.76,30.43
4215,20250414,5,149,1165.31,393.08,5.6,13.01,25.67
4216,20240401,1,229,1301.19,433.97,8.29,12.35,26.62
4217,20250302,4,70,955.95,291.95,4.07,12.4,33.65
4218,20251202,5,222,612.81,195.93,2.25,6.18,30.07
4219,20241114,2,212,1118.77,328.25,3.49,5.02,36.65
4220,20240111,1,32,174.41,60.28,1.1,1.24,23.6
4221,20250414,3,104,121.97,38.92,0.76,1.51,30.22
4222,20241211,1,125,1782.05,598.06,11.34,12.76,26.1
4223,20241028,1,77,156.64,52.19,0.58,0.65,26.7
4224,20250208,3,23,2008.37,622.84,5.25,11.7,32.47
4225,20251226,3,167,1000.92,281.26,3.09,13.18,39.75
4226,20250227,1,177,168.48,53.72,0.98,1.06,30.29
4227,20241011,3,23,1739.66,547.64,9.72,21.6,31.3
4228,20240427,2,213,607.98,175.9,2.85,7.23,37.67
4229,20240308,4,30,1597.81,543.26,5.18,17.22,25.0
4230,20251004,2,35,1094.06,305.07,2.98,11.27,40.29
4231,20250301,2,198,98.74,27.97,0.3,1.04,39.19
4232,20251101,1,119,461.79,151.97,2.9,5.3,27.73
4233,20251230,1,227,2113.51,623.82,5.5,26.93,36.21
4234,20250104,2,195,1438.93,419.59,8.03,13.32,37.1
4235,20240113,4,215,736.1,247.95,2.15,8.05,25.79
4236,20250627,3,233,317.39,95.78,1.67,3.43,34.56
4237,20250104,1,106,2099.16,694.65,7.38,18.46,27.27
4238,20240801,3,148,935.48,296.1,4.02,6.04,30.87
4239,20251011,1,145,143.18,45.0,0.4,0.8,31.43
4240,20250131,1,4,1820.71,611.39,5.94,23.78,26.05
4241,20250601,2,204,1304.87,368.18,7.14,16.79,39.46
4242,20240412,3,190,774.16,249.06,2.05,4.49,29.57
4243,20250603,3,138,1027.5,310.26,3.81,11.15,34.51
4244,20240612,3,100,1288.21,418.77,6.55,13.03,28.73
4245,20240425,1,231,2293.9,747.9,14.12,23.86,28.49
4246,20251006,2,241,90.18,25.61,0.29,1.03,38.99
4247,20250617,1,132,394.0,125.8,2.18,4.46,30.18
4248,20240715,1,153,1458.16,496.82,8.98,11.53,24.82
4249,20251204,2,55,743.44,208.4,1.88,9.38,39.92
4250,20240524,1,237,1460.79,499.3,5.52,8.66,24.55
4251,20250131,2,195,1221.86,350.92,4.01,8.15,38.2
4252,20240929,3,123,582.22,183.77,2.08,5.76,31.09
4253,20241201,5,230,2145.59,689.51,13.63,16.69,29.66
4254,20250918,3,23,1400.05,426.51,4.11,17.18,33.84
4255,20250412,1,79,2323.22,730.14,10.19,31.63,31.43
4256,20250303,3,235,1005.61,301.56,6.42,6.04,35.03
4257,20250609,4,116,742.98,227.68,2.55,3.48,33.39
4258,20240407,3,193,99.98,33.13,0.6,0.69,27.17
4259,20240717,1,245,1556.33,510.35,6.19,6.76,28.02
4260,20241109,1,210,655.01,218.9,1.86,6.79,26.45
4261,20241222,4,176,97.23,30.28,0.34,0.68,32.15
4262,20251210,2,82,113.43,29.76,0.49,0.87,44.4
4263,20240908,1,71,1577.94,516.37,8.93,15.99,28.19
4264,20240208,2,56,345.25,103.81,1.94,1.93,34.83
4265,20251219,3,100,1625.43,483.14,9.89,12.16,35.69
4266,20240701,1,88,127.11,41.63,0.63,1.66,28.13
4267,20240620,2,197,1048.3,300.02,3.87,12.66,38.45
4268,20240406,1,186,2506.55,870.78,7.81,20.55,23.15
4269,20251129,1,89,2430.87,744.92,10.56,10.04,33.39
4270,20250719,1,54,1620.73,506.96,6.33,17.87,31.8
4271,20241016,2,228,1043.58,306.19,6.72,11.27,36.65
4272,20250617,4,46,785.27,244.72,2.44,8.68,32.09
4273,20240921,2,31,635.66,186.27,2.25,4.19,36.74
4274,20250817,1,113,1325.27,438.03,3.72,14.96,27.37
4275,20240315,5,222,534.81,182.54,1.7,6.81,24.67
4276,20240804,1,5,1438.26,480.78,5.14,10.56,26.43
4277,20251111,3,134,1020.76,292.67,3.89,10.0,38.32
4278,20250126,5,7,180.27,60.73,1.15,1.21,25.78
4279,20250607,3,219,108.75,32.45,0.66,1.09,35.4
4280,20240901,4,173,739.39,237.17,2.15,6.29,29.81
4281,20240720,2,183,572.22,172.38,2.46,3.38,34.69
4282,20250214,1,151,549.3,180.06,2.01,2.84,28.05
4283,20240210,1,27,2028.04,667.14,9.54,26.92,27.76
4284,20250327,5,149,1414.21,433.37,7.82,9.88,33.39
4285,20240901,1,4,1371.46,458.56,4.55,5.88,26.41
4286,20251031,2,198,82.29,23.49,0.3,0.75,38.64
4287,20251126,1,171,196.29,61.38,1.02,1.63,31.83
4288,20240108,1,86,2407.15,815.45,7.43,32.07,25.31
4289,20250414,3,211,1244.09,398.76,4.21,6.8,29.87
4290,20240228,3,226,415.35,133.96,1.55,2.32,29.37
4291,20250401,1,18,959.81,300.04,2.75,9.82,31.85
4292,20250517,3,123,544.85,166.79,1.91,2.66,33.47
4293,20240810,1,20,1589.09,540.74,8.02,16.33,24.93
4294,20240523,1,177,129.66,42.3,0.39,0.58,28.44
4295,20240229,2,3,664.37,207.1,1.72,5.57,32.07
4296,20241228,2,3,604.27,183.63,2.76,6.36,34.03
4297,20250419,5,159,401.87,128.55,2.22,3.42,30.03
4298,20240606,5,73,113.36,37.91,0.6,1.2,26.4
4299,20250415,2,52,110.97,31.73,0.4,1.19,38.51
4300,20240522,1,166,1903.84,621.87,8.65,24.11,28.34
4301,20250131,1,223,2144.21,708.36,9.87,13.47,27.41
4302,20240621,3,211,1208.16,385.26,4.43,5.95,30.28
4303,20240801,1,179,1938.76,640.41,11.65,26.82,27.42
4304,20240210,1,196,1576.15,551.72,5.42,10.12,22.49
4305,20251217,2,56,359.18,99.46,1.86,4.32,40.77
4306,20250904,1,18,1146.84,354.37,3.59,8.54,32.75
4307,20250728,1,43,1292.09,402.98,5.53,10.39,32.03
4308,20251218,1,39,1987.59,619.57,10.35,13.97,32.07
4309,20250703,4,178,355.84,111.45,1.66,4.77,31.7
4310,20250530,5,91,1645.36,505.19,8.69,11.27,33.24
4311,20250101,4,128,1305.71,421.38,8.43,15.05,29.32
4312,20251222,1,20,1918.43,590.26,10.41,24.98,33.08
4313,20250825,1,79,1803.51,556.92,7.15,23.73,32.8
4314,20241205,5,59,1688.81,563.59,6.0,20.87,26.57
4315,20240106,2,242,870.42,271.22,4.61,11.98,32.1
4316,20250204,3,244,481.71,143.63,2.84,5.62,35.46
4317,20240602,1,47,1611.37,533.56,7.96,19.57,27.22
4318,20240624,5,29,1731.05,571.18,8.1,23.4,27.51
4319,20240913,3,123,721.53,230.08,2.07,6.53,30.28
4320,20250930,3,21,655.5,196.18,2.09,6.79,35.18
4321,20251014,5,85,977.37,299.35,5.78,5.04,33.43
4322,20251004,5,91,1358.31,432.49,6.32,6.86,30.4
4323,20240529,3,13,958.25,300.35,3.17,5.31,31.64
4324,20240627,3,127,811.34,255.05,2.9,10.94,31.41
4325,20250618,3,216,1031.96,317.97,5.97,4.76,32.97
4326,20240226,5,180,1690.36,570.73,9.45,9.58,25.59
4327,20250615,3,134,837.33,260.54,3.35,6.18,32.21
4328,20250119,4,150,126.3,40.5,0.47,0.84,29.83
4329,20250720,2,197,1013.14,289.19,5.67,10.12,38.64
4330,20240909,3,138,1032.61,324.57,4.17,9.3,31.42
4331,20241223,1,2,1704.98,540.07,7.97,9.46,30.81
4332,20240611,5,51,688.65,229.54,4.25,6.83,26.67
4333,20250916,5,91,1155.81,359.18,4.03,5.53,32.31
4334,20240814,1,2,1516.71,520.53,7.96,11.49,24.2
4335,20250506,2,42,106.1,30.06,0.59,1.44,39.17
4336,20240212,2,48,137.11,42.79,0.8,1.37,31.98
4337,20250709,3,148,1259.28,368.01,3.16,9.34,36.94
4338,20240412,3,148,1190.67,389.4,3.34,10.53,28.24
4339,20251206,1,179,2114.54,663.71,9.82,10.26,31.53
4340,20250102,1,201,1120.58,373.11,4.63,7.45,26.76
4341,20240530,3,36,91.84,29.42,0.55,0.56,29.92
4342,20250820,1,164,1890.09,594.24,5.39,15.06,31.4
4343,20240220,1,125,1934.96,650.69,6.4,22.01,25.93
4344,20240114,1,199,190.5,66.54,1.08,2.49,22.68
4345,20240914,5,117,841.59,267.83,5.22,10.62,30.44
4346,20250228,3,21,897.1,262.78,4.91,5.49,36.77
4347,20240114,1,89,2462.3,864.66,15.39,21.43,22.21
4348,20250423,5,34,939.17,297.27,2.4,9.54,30.87
4349,20250722,5,85,654.95,206.89,2.4,3.1,31.03
4350,20240122,2,55,654.28,196.91,3.11,7.6,34.76
4351,20240815,3,233,308.99,101.03,1.64,3.11,28.26
4352,20251025,1,6,1906.11,588.07,9.51,20.83,32.87
4353,20240416,4,214,781.55,248.22,4.36,4.87,30.6
4354,20250721,1,58,1557.58,517.12,10.11,18.78,27.0
4355,20240731,4,158,1132.42,356.03,4.0,5.21,31.4
4356,20251103,1,54,2420.32,744.97,13.15,22.26,33.05
4357,20241013,4,144,1563.74,505.53,6.67,7.96,29.18
4358,20240826,5,188,84.41,26.94,0.36,0.6,30.21
4359,20251015,3,38,1615.73,485.3,6.23,10.29,34.91
4360,20240702,5,130,300.88,99.21,0.9,2.09,27.57
4361,20240326,2,95,1127.34,353.44,6.1,8.42,31.62
4362,20250128,1,125,1986.28,628.14,11.2,23.26,30.94
4363,20240915,3,10,722.59,230.48,3.01,8.04,30.26
4364,20241101,3,211,1592.65,492.19,7.82,18.59,32.74
4365,20240326,1,201,993.81,344.06,4.69,5.5,23.45
4366,20240714,4,101,305.05,96.62,0.97,4.21,30.82
4367,20240603,2,87,1284.5,388.9,7.85,8.12,34.31
4368,20251128,1,118,152.43,46.42,0.66,1.57,33.87
4369,20240628,5,91,1366.23,457.52,6.49,11.94,26.28
4370,20240213,4,124,102.41,33.63,0.63,0.78,27.9
4371,20250713,5,137,616.6,200.27,3.41,7.75,28.8
4372,20251104,1,186,2492.16,754.43,14.39,33.91,34.32
4373,20240910,4,247,866.49,283.52,5.12,5.88,28.2
4374,20250728,1,177,133.99,42.9,0.58,1.52,29.95
4375,20240917,3,94,562.56,178.24,2.24,7.4,30.79
4376,20250711,2,97,915.7,251.63,3.14,9.18,41.3
4377,20250914,2,197,1368.26,392.42,8.29,10.55,38.3
4378,20250701,3,94,677.08,206.29,2.46,4.53,33.83
4379,20250130,2,26,422.43,119.18,2.73,5.52,39.47
4380,20250719,1,231,1455.02,439.82,7.91,10.82,34.43
4381,20241225,3,226,442.52,136.37,1.57,4.41,32.96
4382,20251003,3,104,129.55,39.29,0.76,0.93,34.18
4383,20251115,5,249,2331.49,721.55,8.2,27.35,32.63
4384,20250506,4,46,743.88,237.89,2.17,6.78,30.05
4385,20251205,4,239,343.42,107.7,1.63,2.16,31.6
4386,20240217,4,158,1600.02,530.5,4.65,10.21,27.11
4387,20240510,2,57,647.21,193.65,3.88,6.25,35.2
4388,20250130,4,1,1776.21,568.6,10.27,24.46,29.97
4389,20241204,2,207,885.94,264.4,2.67,5.37,35.39
4390,20250222,1,61,2586.94,870.45,14.25,35.6,25.88
4391,20240413,1,125,1266.24,424.6,5.14,5.48,26.17
4392,20240110,1,18,1331.74,461.42,3.79,17.73,23.38
4393,20250805,5,137,745.16,232.67,2.55,3.66,31.94
4394,20240120,5,117,1176.99,396.13,7.61,6.96,25.86
4395,20240411,2,238,78.54,24.6,0.25,0.59,31.71
4396,20250414,1,142,507.65,159.28,1.87,7.1,31.56
4397,20250104,1,20,2104.74,704.5,8.8,24.53,26.32
4398,20251218,1,118,216.7,66.28,0.88,2.78,33.53
4399,20240509,2,92,299.11,91.9,0.93,4.17,33.19
4400,20241105,5,175,151.79,51.17,0.75,1.92,25.72
4401,20241208,1,220,1775.69,571.91,6.17,8.0,29.48
4402,20240921,4,72,1120.91,369.18,7.06,4.76,27.66
4403,20241224,5,117,879.97,290.6,3.67,11.33,27.44
4404,20240410,2,3,527.0,159.62,2.48,4.54,34.28
4405,20251010,1,39,2062.85,627.35,7.19,14.97,33.97
4406,20240719,1,153,1192.72,393.93,4.77,5.9,27.43
4407,20241025,2,212,1241.98,369.02,5.67,12.15,35.72
4408,20250723,5,174,97.21,30.76,0.53,0.51,30.9
4409,20250824,1,65,1868.3,614.22,5.09,15.9,27.81
4410,20240719,5,33,1319.72,437.72,5.96,7.32,27.08
4411,20240130,5,249,2592.73,893.25,10.83,36.08,23.87
4412,20250214,2,242,743.83,220.05,3.69,8.45,36.04
4413,20240812,1,113,1405.39,461.14,3.84,12.65,27.97
4414,20240429,1,147,1109.57,387.82,4.7,6.86,22.62
4415,20241210,3,13,1552.6,486.34,8.06,6.61,31.69
4416,20241001,1,39,2285.37,761.85,11.82,19.32,26.66
4417,20240907,4,247,1061.31,343.99,5.88,7.31,28.97
4418,20240224,3,49,1492.88,508.65,7.78,12.24,24.82
4419,20250807,3,36,86.47,24.33,0.49,0.52,39.65
4420,20251018,5,222,432.84,138.56,2.73,2.85,29.97
4421,20240216,3,50,416.73,138.85,1.48,4.51,26.7
4422,20251119,5,175,127.01,40.13,0.82,0.61,31.01
4423,20250806,1,132,464.9,146.7,2.47,2.9,31.11
4424,20250607,1,201,877.43,281.23,2.77,11.01,29.87
4425,20250927,1,122,1202.48,388.98,3.58,6.7,29.13
4426,20251214,4,144,1417.58,419.43,3.84,8.91,36.03
4427,20240204,2,90,124.1,37.52,0.51,1.1,34.41
4428,20240712,1,27,1611.12,552.29,9.57,21.37,24.3
4429,20240509,1,113,1843.52,646.04,8.74,24.18,22.39
4430,20250903,2,67,100.61,26.34,0.63,0.9,44.56
4431,20240220,3,23,1612.47,490.13,4.06,13.72,34.01
4432,20250607,5,155,92.43,29.1,0.24,0.53,31.3
4433,20250902,5,81,1499.19,460.49,7.06,14.59,33.21
4434,20241124,4,109,1825.61,566.82,4.95,12.85,32.38
4435,20250129,4,221,979.36,297.41,4.34,5.04,34.08
4436,20240410,1,201,1232.44,405.97,3.14,9.09,27.65
4437,20241216,4,62,1263.99,414.13,7.44,6.56,28.09
4438,20251214,5,180,2096.41,662.63,5.81,14.79,30.98
4439,20240713,1,79,2051.11,707.71,6.48,14.86,23.74
4440,20241115,2,172,1344.67,390.44,6.45,7.61,37.41
4441,20240127,5,117,1067.9,374.11,2.72,6.24,22.42
4442,20250419,2,84,391.99,109.69,1.35,1.68,40.04
4443,20240723,3,50,300.05,92.86,1.84,1.84,32.63
4444,20250316,1,47,1885.72,603.2,7.24,13.61,30.03
4445,20240422,1,89,2444.92,844.28,15.31,24.71,23.67
4446,20240730,3,60,697.91,232.6,2.48,3.47,26.68
4447,20241126,1,5,1544.13,494.12,5.93,16.29,30.0
4448,20250802,1,179,1888.17,568.87,7.23,15.92,34.68
4449,20240404,4,30,1639.99,548.61,6.85,22.16,26.37
4450,20250925,5,34,804.5,248.88,3.14,7.86,32.66
4451,20251214,5,91,1821.85,545.68,5.19,25.3,35.12
4452,20241009,5,29,1958.09,624.24,7.3,10.34,30.3
4453,20251019,1,223,2137.28,668.8,12.61,14.99,31.77
4454,20241101,4,247,950.95,307.42,5.87,9.29,29.18
4455,20250821,2,56,278.67,76.01,1.63,1.85,41.81
4456,20250104,3,22,1548.88,483.44,4.52,14.86,31.97
4457,20250815,4,136,1345.75,419.28,8.43,12.65,32.11
4458,20240104,1,16,2073.79,711.39,5.92,12.91,24.24
4459,20250603,1,164,1642.23,532.41,8.55,7.5,28.95
4460,20251123,1,106,1511.41,468.11,4.42,20.99,32.57
4461,20250323,1,71,2180.7,718.15,6.98,18.99,27.67
4462,20250628,1,229,1593.22,498.74,7.94,16.06,31.74
4463,20250925,4,136,1450.19,442.6,4.1,14.19,33.7
4464,20240701,2,197,1133.55,336.21,5.53,4.73,35.85
4465,20240304,1,47,1776.0,618.69,7.64,18.56,22.91
4466,20240321,2,8,643.47,191.78,2.61,7.48,35.49
4467,20240211,4,208,969.49,311.48,6.2,5.34,29.68
4468,20240706,1,154,1320.74,435.37,5.67,15.84,27.59
4469,20241017,1,43,1752.6,550.6,6.23,15.14,31.46
4470,20250222,5,137,876.89,279.94,3.8,8.94,30.19
4471,20250722,4,101,271.02,83.08,1.0,1.53,33.36
4472,20240406,3,49,1201.54,390.55,4.39,5.47,28.74
4473,20240828,3,103,114.07,36.2,0.38,1.05,30.67
4474,20250207,3,138,1627.4,497.66,4.89,17.28,33.55
4475,20240302,1,145,203.98,70.11,1.08,2.72,24.07
4476,20241109,3,225,1228.8,382.99,3.16,11.7,32.08
4477,20240718,2,228,935.89,296.15,5.08,8.31,30.89
4478,20251225,1,132,634.87,203.56,2.0,3.96,29.84
4479,20240618,5,33,1384.65,457.16,7.27,16.24,27.46
4480,20240104,1,2,2027.72,689.83,10.39,27.0,24.95
4481,20240613,2,97,1144.63,335.97,4.46,13.17,36.62
4482,20250313,1,5,1684.46,552.17,9.67,19.82,28.05
4483,20251022,1,142,620.87,191.28,2.69,7.44,32.98
4484,20240727,3,102,90.17,29.09,0.25,0.74,29.35
4485,20240208,3,28,844.03,284.37,4.18,11.24,25.77
4486,20250826,4,121,377.57,116.87,1.61,5.21,32.62
4487,20250714,4,62,901.5,279.83,4.0,11.67,32.4
4488,20241214,3,14,1273.86,388.73,6.43,10.73,33.71
4489,20250402,1,223,2239.12,705.05,9.31,13.31,31.28
4490,20250915,3,244,293.86,89.82,1.34,3.74,33.59
4491,20241121,5,76,816.62,267.23,4.49,7.4,28.19
4492,20240224,2,198,94.65,28.54,0.35,0.65,34.61
4493,20250212,4,247,1348.13,426.22,8.35,16.74,30.96
4494,20251226,1,147,1090.32,345.85,4.09,10.99,30.7
4495,20250327,4,232,1136.55,353.47,5.92,8.11,32.25
4496,20250608,1,194,133.68,41.85,0.57,1.68,31.74
4497,20251126,2,213,713.09,198.27,2.09,8.68,40.49
4498,20250123,4,176,107.5,33.55,0.48,1.1,31.97
4499,20251016,1,153,1489.17,469.39,7.12,14.38,31.2
4500,20240319,1,118,196.29,66.02,0.86,0.79,25.91
4501,20250220,5,7,135.1,42.22,0.6,1.19,31.87
4502,20250920,3,123,671.87,195.89,3.81,3.46,37.11
4503,20240117,1,2,2369.88,797.04,14.12,15.26,25.92
4504,20240609,3,202,104.86,33.68,0.44,0.8,29.71
4505,20251108,1,6,1834.43,566.47,9.56,24.67,32.8
4506,20241111,2,87,1331.88,389.81,8.29,10.68,36.83
4507,20240925,3,98,1315.48,433.79,7.92,8.56,27.56
4508,20250405,5,131,1284.59,420.22,6.5,15.92,28.22
4509,20250519,1,126,1616.1,540.36,9.88,12.6,26.41
4510,20250725,1,248,1654.95,535.81,8.21,9.05,29.06
4511,20250825,1,64,1407.48,434.57,4.19,16.21,32.81
4512,20240505,1,54,1730.85,579.63,4.95,22.58,26.28
4513,20251003,2,242,574.57,162.26,1.86,6.74,39.4
4514,20240517,1,245,1680.26,551.93,5.76,9.55,27.88
4515,20250624,3,244,350.19,106.67,2.16,4.87,33.85
4516,20240612,2,8,650.69,192.68,2.46,4.12,35.97
4517,20250714,1,65,1645.16,527.64,9.84,8.71,29.82
4518,20240814,5,189,1436.93,485.8,9.06,12.91,25.48
4519,20250616,4,215,531.35,162.15,2.81,4.38,33.71
4520,20241026,4,150,95.18,30.77,0.29,0.46,29.17
4521,20240612,4,116,608.2,195.96,3.06,2.67,29.45
4522,20250717,1,47,1550.22,495.33,4.81,19.34,30.12
4523,20250814,1,71,1835.71,581.7,7.35,11.24,30.78
4524,20250412,1,181,1792.31,563.79,7.03,12.62,31.36
4525,20240523,3,36,89.47,28.73,0.57,1.05,29.71
4526,20240930,2,35,1026.52,309.27,2.66,13.5,34.68
4527,20250304,5,85,1159.83,383.72,6.17,6.37,27.29
4528,20250905,1,160,146.57,46.37,0.91,0.62,30.91
4529,20240410,4,163,1222.54,394.24,4.0,8.56,29.38
4530,20240116,4,80,1468.38,476.11,7.55,12.79,28.94
4531,20250416,4,30,1321.93,409.48,8.36,9.32,32.56
4532,20241104,3,40,1467.14,471.71,4.27,7.0,29.62
4533,20250216,1,86,2357.16,780.6,9.05,23.02,27.21
4534,20240711,5,149,1000.79,342.95,4.6,5.83,24.33
4535,20240314,3,244,359.72,112.91,1.9,4.53,31.53
4536,20250720,2,25,69.05,19.37,0.32,0.54,39.88
4537,20241209,1,39,2006.89,649.35,6.74,21.7,29.11
4538,20250802,3,105,1188.45,365.47,5.59,15.74,33.12
4539,20241009,1,58,1832.19,600.08,6.21,11.05,28.12
4540,20240716,1,9,88.13,30.08,0.55,0.75,24.68
4541,20250930,5,44,116.42,36.53,0.7,0.91,31.55
4542,20241012,3,123,833.86,252.56,4.94,11.63,34.28
4543,20250208,1,248,2742.61,926.56,7.96,22.98,25.54
4544,20251129,5,222,477.45,143.25,2.42,5.3,34.99
4545,20240909,1,61,2009.64,668.08,6.9,25.51,26.89
4546,20240920,2,48,90.49,26.38,0.36,1.16,37.13
4547,20240408,1,89,2612.61,880.03,16.46,21.02,25.79
4548,20250421,1,119,567.45,190.46,2.04,6.81,26.09
4549,20240429,1,63,513.49,165.04,2.14,4.01,29.65
4550,20240510,1,133,1262.32,418.38,5.47,12.77,27.14
4551,20240911,4,136,1465.47,480.09,8.23,19.77,28.1
4552,20250903,4,162,543.47,161.98,3.42,7.3,35.49
4553,20250110,1,63,631.13,216.15,2.9,7.01,24.38
4554,20240223,1,43,1563.44,537.45,9.69,10.17,24.06
4555,20251111,2,67,120.51,33.52,0.41,0.93,40.46
4556,20250831,1,113,1287.07,411.5,3.69,13.91,30.07
4557,20240408,1,113,1726.91,580.24,7.44,13.65,26.0
4558,20251105,1,64,1336.24,414.07,5.19,13.78,32.53
4559,20251228,1,177,192.36,62.28,0.71,1.09,29.06
4560,20240213,2,42,131.16,40.45,0.44,1.02,32.9
4561,20240320,5,130,516.71,177.6,2.69,3.85,24.07
4562,20250624,1,88,149.84,47.5,0.56,2.01,30.75
4563,20250629,2,107,311.76,90.01,1.91,4.0,37.82
4564,20241126,1,210,507.23,167.28,1.31,5.88,27.55
4565,20240903,1,231,1473.92,490.34,6.11,12.21,26.83
4566,20240904,2,217,67.55,20.56,0.21,0.38,33.89
4567,20250730,5,53,807.47,245.24,3.16,6.19,34.07
4568,20240429,3,235,828.28,264.25,2.54,6.9,30.24
4569,20240914,3,240,673.0,213.8,4.32,7.05,30.58
4570,20250929,4,45,685.05,212.91,1.97,4.43,32.3
4571,20250707,3,193,78.54,23.99,0.51,0.92,33.64
4572,20241016,4,109,1668.97,515.38,9.78,17.58,32.8
4573,20240913,1,177,154.05,52.28,0.49,1.93,25.16
4574,20240419,1,166,2021.32,667.36,5.39,15.23,27.46
4575,20250329,3,103,117.43,36.22,0.4,0.89,32.9
4576,20250525,5,51,928.68,293.05,3.21,11.37,31.11
4577,20241127,3,233,432.06,134.13,1.72,2.62,32.39
4578,20250307,5,189,2011.78,667.51,7.63,19.48,27.05
4579,20240708,3,190,625.04,198.89,2.06,8.02,30.45
4580,20250828,3,235,656.66,208.61,3.6,4.49,30.58
4581,20241117,5,234,2081.03,694.07,7.78,20.03,26.62
4582,20250402,4,124,86.8,28.32,0.23,0.87,28.42
4583,20240222,3,14,1524.61,485.92,6.64,19.27,30.32
4584,20240210,3,22,1350.1,439.32,8.22,8.32,28.65
4585,20240221,1,132,575.42,195.18,1.56,4.45,25.2
4586,20250503,1,61,1782.85,580.28,7.99,12.99,28.63
4587,20250526,2,217,78.56,22.02,0.45,0.36,39.94
4588,20240516,3,123,624.78,198.56,3.39,8.03,30.55
4589,20240118,2,197,1639.47,513.09,6.16,6.96,31.76
4590,20240629,3,104,80.57,25.64,0.33,0.74,30.43
4591,20240203,4,128,1597.29,532.92,4.67,17.84,26.59
4592,20251224,1,229,1480.88,455.4,9.53,8.81,33.12
4593,20250820,1,16,1533.54,491.04,9.62,15.06,29.95
4594,20240926,4,243,597.46,187.24,1.5,6.48,31.65
4595,20250603,4,46,694.74,217.51,2.89,8.69,31.73
4596,20240929,1,227,1543.37,524.62,9.38,12.62,25.02
4597,20250705,1,5,1455.54,472.7,9.42,13.2,28.81
4598,20240726,5,137,761.48,253.48,2.67,9.44,26.78
4599,20240907,1,160,149.46,48.63,0.97,1.41,28.65
4600,20241028,3,21,756.37,248.6,3.88,7.21,27.83
4601,20250723,5,33,1427.45,451.82,8.62,15.67,30.87
4602,20250421,5,188,126.52,39.49,0.52,1.11,31.96
4603,20250715,1,181,1701.23,559.77,10.48,21.96,27.74
4604,20241023,5,59,1266.84,400.73,5.87,11.35,30.92
4605,20251014,3,100,1401.03,417.56,5.94,17.35,35.49
4606,20240316,3,206,97.23,31.54,0.29,1.24,28.91
4607,20250630,1,179,1911.42,635.51,9.59,8.63,26.88
4608,20240529,4,120,1116.64,364.2,6.46,9.34,28.46
4609,20240119,5,187,425.25,145.66,1.36,5.01,24.37
4610,20251230,4,45,935.63,284.43,3.9,5.68,34.0
4611,20240930,1,248,2323.87,772.18,13.67,13.7,26.93
4612,20250311,5,234,1562.72,507.2,6.95,7.3,28.86
4613,20240501,1,32,140.77,47.26,0.54,1.17,26.07
4614,20250501,2,57,785.83,225.6,2.08,5.86,38.23
4615,20240507,4,46,1008.35,332.92,6.54,10.41,27.46
4616,20251214,2,195,1382.04,403.33,6.28,11.98,37.04
4617,20240120,1,126,2007.67,695.14,11.57,25.5,23.44
4618,20241201,2,84,419.28,120.08,2.72,2.12,38.4
4619,20250525,1,246,492.34,153.26,3.11,4.64,32.18
4620,20250527,4,150,98.06,30.56,0.43,1.0,32.08
4621,20241125,1,231,1836.31,581.38,5.25,19.55,30.85
4622,20251206,5,81,1920.0,607.03,6.64,18.02,30.96
4623,20250618,1,125,1357.78,425.37,3.63,15.32,31.68
4624,20251213,1,153,2300.92,703.62,11.63,17.58,33.55
4625,20240906,1,93,1881.58,637.48,8.61,16.06,25.3
4626,20250304,5,73,145.41,46.08,0.92,1.06,30.78
4627,20250715,1,179,1866.86,598.89,5.22,17.94,29.8
4628,20250115,4,176,113.31,36.36,0.31,0.79,29.78
4629,20250324,2,82,94.26,28.28,0.56,0.58,34.99
4630,20240718,1,122,1393.88,476.48,6.36,12.47,24.54
4631,20241006,3,21,821.66,263.33,4.41,10.78,29.88
4632,20251124,2,19,1166.19,311.51,3.32,5.44,43.22
4633,20250604,2,57,631.75,175.85,2.01,3.07,40.41
4634,20240505,3,165,1064.55,340.61,6.75,11.84,30.01
4635,20250706,2,48,91.58,25.27,0.44,1.16,41.01
4636,20240418,2,112,78.94,24.23,0.35,0.87,33.28
4637,20250326,4,161,332.32,102.55,1.39,4.38,32.85
4638,20250406,1,160,154.23,50.09,0.81,1.32,28.81
4639,20250918,2,195,1012.26,280.52,2.69,4.5,40.72
4640,20240308,5,175,138.77,45.41,0.37,1.55,28.2
4641,20250804,1,194,113.22,36.09,0.61,0.83,30.3
4642,20240315,5,222,528.33,181.05,2.01,6.78,24.33
4643,20250322,2,84,366.65,108.13,1.98,1.97,36.27
4644,20250302,5,249,2201.68,715.28,11.67,19.74,28.78
4645,20250309,4,80,1172.47,366.23,3.78,13.87,31.91
4646,20240621,4,215,558.26,172.44,2.62,5.05,32.78
4647,20241030,1,154,1781.03,582.11,7.23,21.74,28.29
4648,20241223,2,57,926.78,272.33,2.52,12.2,36.54
4649,20250406,4,62,1134.13,348.77,5.25,7.8,33.12
4650,20251212,3,211,1455.12,428.68,4.05,8.81,36.35
4651,20240202,1,160,148.98,51.21,0.54,1.06,24.06
4652,20240608,2,212,1084.35,321.36,4.53,8.37,35.91
4653,20250701,5,137,832.99,261.13,4.47,8.09,31.63
4654,20251017,5,180,1507.37,468.49,6.23,11.32,32.3
4655,20250708,1,169,1981.14,628.73,8.35,18.75,30.66
4656,20250424,1,210,582.13,190.5,2.13,6.43,28.19
4657,20250625,4,205,97.76,30.28,0.39,1.13,32.56
4658,20240814,1,145,131.77,44.41,0.65,1.49,25.75
4659,20240710,1,153,1672.87,570.05,9.0,21.23,24.81
4660,20241016,3,240,876.36,284.64,2.61,11.02,28.8
4661,20240623,3,98,1177.32,373.3,7.2,16.09,30.73
4662,20250108,3,167,937.86,284.4,3.33,11.66,34.19
4663,20240920,2,143,636.9,193.41,3.15,6.35,34.08
4664,20240630,1,54,1547.81,528.73,4.13,9.02,24.6
4665,20251229,4,243,785.06,232.63,2.52,7.86,35.92
4666,20240130,2,114,833.07,247.72,2.58,9.56,35.66
4667,20250205,1,248,2340.74,748.94,6.2,19.82,30.01
4668,20250823,5,91,1100.24,347.5,3.95,5.67,31.04
4669,20240804,1,93,1710.14,580.83,7.59,17.55,25.09
4670,20241013,1,54,2127.7,694.65,5.92,28.13,28.38
4671,20241102,2,241,87.3,26.18,0.36,1.05,35.03
4672,20240125,1,54,1938.58,660.59,6.03,12.65,24.81
4673,20241022,2,97,1039.93,282.03,5.45,9.85,42.2
4674,20240321,1,218,1363.02,465.17,6.82,16.68,24.68
4675,20250222,1,113,1682.69,537.92,4.34,12.48,30.08
4676,20250506,3,167,779.59,233.85,3.63,6.28,35.01
4677,20250830,2,115,1227.22,349.81,5.84,14.2,38.74
4678,20250101,1,246,702.43,223.01,4.37,4.46,30.63
4679,20251013,3,244,365.78,110.51,2.23,3.73,34.47
4680,20250712,1,171,162.13,50.75,0.72,1.16,31.75
4681,20240219,3,36,114.28,37.05,0.65,1.5,28.94
4682,20250103,1,223,2129.47,708.52,7.61,19.33,26.82
4683,20241110,3,14,1630.38,503.07,4.08,11.98,32.86
4684,20240919,4,208,578.97,186.61,2.02,2.99,29.42
4685,20250217,4,221,870.51,278.63,5.31,9.68,29.98
4686,20250516,1,147,949.96,310.64,4.1,8.3,28.25
4687,20240104,1,86,2115.37,725.06,13.46,25.97,24.31
4688,20250925,1,220,1923.06,618.3,12.45,22.22,29.62
4689,20240709,1,223,1524.13,522.65,5.53,19.69,24.27
4690,20250122,4,239,441.46,139.91,1.68,5.39,30.77
4691,20240415,3,235,801.06,261.4,4.38,10.59,28.42
4692,20241005,3,100,1348.5,437.45,6.31,16.54,28.9
4693,20240508,1,223,2114.94,695.31,13.67,25.21,27.81
4694,20251014,4,163,1353.0,429.66,3.38,6.11,30.61
4695,20250809,1,54,1771.6,556.49,6.18,21.74,31.47
4696,20241216,1,210,613.01,203.18,2.87,7.6,27.14
4697,20250515,5,249,2021.3,629.51,5.41,12.08,32.14
4698,20241110,1,54,2079.17,695.44,5.81,13.43,26.38
4699,20240316,1,71,1774.88,618.01,8.43,23.57,22.95
4700,20250311,1,248,2200.93,711.52,7.53,12.81,29.18
4701,20240513,5,130,329.61,108.01,1.94,2.15,28.08
4702,20240712,1,196,983.5,328.13,5.83,4.62,26.59
4703,20240914,2,110,1185.63,352.37,4.63,8.46,35.7
4704,20250414,1,196,1006.82,326.85,3.61,11.12,28.84
4705,20240727,1,171,126.01,41.4,0.61,0.59,27.87
4706,20250212,3,235,783.91,239.72,4.85,6.37,33.55
4707,20240227,3,123,943.43,302.61,4.41,8.86,29.81
4708,20250103,3,236,426.59,131.77,2.69,2.11,32.78
4709,20240816,2,242,474.62,143.51,2.26,6.35,34.41
4710,20250922,1,118,139.12,44.74,0.37,1.11,29.61
4711,20250509,1,39,1858.08,596.3,7.42,20.27,29.77
4712,20240130,1,160,188.8,66.07,0.63,2.34,22.51
4713,20241122,1,5,1845.67,607.67,8.29,10.76,27.69
4714,20240824,5,51,695.36,230.8,2.47,8.95,27.02
4715,20240305,2,92,429.79,135.37,1.65,3.79,31.26
4716,20240420,3,28,703.81,225.92,1.85,9.43,29.75
4717,20240226,3,10,742.75,248.29,3.24,4.72,26.43
4718,20241221,1,164,2406.81,794.92,7.37,24.72,27.43
4719,20250506,4,243,647.68,199.54,3.01,5.45,32.98
4720,20250402,4,144,1285.43,408.25,8.28,14.39,30.6
4721,20250413,4,178,308.1,96.05,1.44,1.7,32.06
4722,20241207,1,16,2124.15,693.15,10.14,17.0,28.42
4723,20251121,2,92,342.52,94.59,1.29,3.99,40.96
4724,20240822,2,204,1010.19,310.77,6.3,4.66,33.09
4725,20250701,1,111,126.77,40.03,0.65,1.69,31.06
4726,20240105,4,11,863.76,283.38,5.41,10.74,27.98
4727,20250727,5,53,734.87,229.81,1.84,4.63,31.82
4728,20240904,1,196,1258.8,417.27,3.3,17.46,27.13
4729,20240919,2,26,290.26,83.63,1.05,3.07,37.97
4730,20240129,1,118,179.47,60.44,0.85,1.83,25.81
4731,20251021,5,189,1468.05,453.92,4.75,16.15,32.7
4732,20241120,3,235,1013.12,315.24,4.26,14.09,32.21
4733,20250807,1,118,143.56,46.12,0.37,0.74,29.68
4734,20240318,1,199,180.31,61.9,0.48,1.15,24.18
4735,20250412,1,18,961.91,308.31,5.69,6.54,29.87
4736,20240926,1,248,1863.07,630.91,7.11,14.82,25.34
4737,20251006,4,156,1428.03,418.64,8.15,14.61,36.71
4738,20240615,2,57,640.93,184.95,1.83,5.28,37.86
4739,20240719,1,6,1790.09,599.75,9.71,18.98,26.24
4740,20251110,3,233,477.58,143.12,2.09,6.02,35.08
4741,20250825,3,15,879.28,259.81,2.31,7.97,36.13
4742,20250413,1,227,1717.32,558.95,9.73,12.24,28.63
4743,20250425,1,151,532.47,169.94,2.94,5.98,30.21
4744,20251217,5,85,973.12,289.76,2.92,12.83,35.56
4745,20240110,4,205,150.97,48.63,0.89,1.98,29.47
4746,20250301,2,112,81.2,23.58,0.21,0.73,37.41
4747,20250911,1,6,1635.41,497.23,5.0,10.4,33.99
4748,20240312,1,16,1653.67,559.07,8.23,7.56,25.48
4749,20250815,4,214,640.6,194.74,2.8,7.62,34.0
4750,20251004,4,205,101.2,31.47,0.51,1.37,32.27
4751,20241224,2,110,1591.04,447.78,7.12,16.04,39.64
4752,20251014,4,109,1295.6,401.53,5.32,12.57,32.52
4753,20241017,1,171,186.87,60.6,1.19,1.72,28.93
4754,20251204,4,141,465.71,136.25,2.9,4.86,36.86
4755,20250903,1,181,1711.45,532.06,10.47,16.96,32.28
4756,20250902,1,160,134.68,42.75,0.42,1.05,30.64
4757,20241216,2,115,1747.12,517.92,10.15,15.22,35.89
4758,20251227,1,54,2498.96,817.56,9.7,14.99,28.21
4759,20250125,5,159,578.55,186.34,3.23,7.96,29.48
4760,20240322,3,165,1695.86,549.05,8.53,18.57,29.06
4761,20240817,1,16,1243.89,401.63,7.25,9.86,29.28
4762,20250505,2,110,1276.02,363.21,4.46,13.0,38.84
4763,20251208,3,225,1599.41,463.57,7.23,18.77,37.54
4764,20250215,2,195,1161.79,331.34,6.36,6.96,38.7
4765,20240802,3,23,1194.61,378.64,3.78,8.34,30.76
4766,20240302,2,197,1452.86,430.69,9.26,9.18,35.89
4767,20251230,1,20,2119.66,635.56,8.28,18.51,35.04
4768,20250128,1,16,1690.64,546.08,6.87,9.54,29.25
4769,20240116,2,55,805.8,246.38,3.72,8.91,33.56
4770,20241124,1,157,2113.43,702.76,7.81,12.0,26.87
4771,20240529,1,179,2143.52,724.0,12.3,17.55,25.56
4772,20251027,3,211,1274.91,378.19,6.93,16.8,35.84
4773,20250326,1,181,2149.03,699.72,5.68,17.21,28.6
4774,20250204,4,163,1227.42,385.95,4.8,6.42,31.39
4775,20250603,2,238,75.83,21.42,0.46,0.39,39.39
4776,20240302,5,81,1610.67,537.19,9.39,6.76,26.62
4777,20250617,5,29,1554.75,493.35,9.32,12.56,30.67
4778,20240904,5,234,1683.97,568.71,5.52,13.48,25.57
4779,20240601,4,178,342.81,111.19,1.92,4.26,28.91
4780,20250410,5,189,2047.74,626.85,11.38,19.45,33.47
4781,20240628,2,238,70.79,21.36,0.3,0.29,34.57
4782,20240613,3,134,620.58,202.21,2.37,3.44,28.54
4783,20240301,1,145,210.05,71.03,0.74,1.52,25.46
4784,20250120,5,34,848.58,282.2,4.4,4.87,26.86
4785,20250126,2,19,1235.54,348.67,5.23,9.55,39.45
4786,20250906,3,148,1226.08,372.53,5.79,9.62,34.04
4787,20250422,3,168,110.58,34.77,0.52,0.97,31.39
4788,20240309,1,71,2265.7,791.09,11.17,28.41,22.71
4789,20250819,1,9,122.96,37.12,0.57,1.4,34.52
4790,20241116,1,248,2330.53,791.82,9.87,12.28,25.06
4791,20240416,3,206,85.27,27.74,0.32,0.76,28.66
4792,20251209,5,188,149.67,47.01,0.53,0.84,31.47
4793,20240607,1,218,856.96,288.21,4.13,7.96,25.92
4794,20250803,1,9,117.27,36.48,0.6,1.23,32.23
4795,20250805,2,143,571.67,159.66,2.29,4.76,40.18
4796,20251112,1,37,1843.55,568.26,6.27,15.79,32.94
4797,20250706,5,76,553.32,172.61,3.16,3.42,32.01
4798,20240701,2,24,449.7,134.44,2.15,2.86,35.26
4799,20240421,3,226,385.58,126.67,1.96,2.87,27.87
4800,20251119,3,240,757.68,222.64,3.25,7.25,36.54
4801,20250909,1,231,1898.8,604.65,5.92,24.1,30.39
4802,20251211,2,197,1322.16,352.22,7.33,8.52,43.4
4803,20240619,2,112,80.88,23.91,0.46,0.53,36.08
4804,20250215,3,202,154.46,46.88,0.64,1.2,34.13
4805,20240526,5,130,428.66,141.23,1.79,5.79,27.63
4806,20250218,1,237,2165.22,682.48,5.78,24.24,31.2
4807,20241029,1,227,1698.52,575.19,10.03,17.45,25.34
4808,20241115,1,93,1582.79,532.07,9.74,19.04,25.96
4809,20240424,2,26,297.09,91.43,0.8,1.58,33.06
4810,20251203,2,48,102.07,28.14,0.43,0.83,41.07
4811,20240404,5,175,115.88,39.47,0.56,0.71,24.85
4812,20241028,1,20,1613.54,563.71,4.6,15.31,22.66
4813,20250116,4,243,822.43,255.84,5.06,5.26,32.23
4814,20250404,1,63,454.36,144.49,1.27,4.37,30.5
4815,20240911,1,227,1583.4,518.22,5.51,21.38,28.18
4816,20250219,3,129,1361.74,416.09,5.44,16.36,33.61
4817,20251222,2,198,118.99,33.62,0.63,0.95,39.36
4818,20250310,3,23,1419.01,434.05,7.88,15.6,33.53
4819,20240607,1,64,1370.68,463.73,7.14,16.28,25.42
4820,20240126,1,223,2064.12,699.9,7.1,27.23,25.23
4821,20241201,1,231,2174.95,724.43,6.58,9.2,26.73
4822,20251018,5,66,113.76,34.16,0.61,0.57,34.94
4823,20251008,3,167,922.9,281.48,5.8,9.67,33.75
4824,20250122,1,47,2501.04,807.84,8.02,25.23,29.25
4825,20240502,3,240,702.74,225.24,4.45,4.04,29.87
4826,20240121,4,69,832.27,271.69,2.73,6.39,28.39
4827,20241206,1,223,2134.26,694.92,6.03,20.77,28.6
4828,20240222,2,143,808.78,244.41,5.15,3.59,34.45
4829,20240508,1,185,122.9,40.73,0.64,1.28,27.14
4830,20250427,1,16,1864.18,596.46,5.21,12.78,30.01
4831,20241101,4,69,770.59,245.11,4.35,7.22,30.48
4832,20240124,1,237,2193.2,762.53,12.84,11.5,23.08
4833,20240430,4,141,404.7,130.88,1.53,3.81,29.15
4834,20240625,4,152,405.93,131.18,2.57,4.15,29.21
4835,20250913,4,141,355.55,108.51,1.55,1.52,33.7
4836,20251127,1,39,2640.07,813.67,8.69,20.11,32.95
4837,20240403,2,35,1112.4,335.14,5.38,5.29,34.68
4838,20240225,3,21,898.38,275.55,3.77,11.84,33.32
4839,20241205,5,249,2072.69,681.42,12.97,15.97,27.81
4840,20240824,4,116,707.62,233.66,2.22,9.1,27.45
4841,20251027,1,142,604.1,187.83,2.41,4.74,32.27
4842,20241207,5,85,913.78,302.39,3.86,3.68,27.27
4843,20241120,3,233,419.58,129.26,1.35,1.7,32.98
4844,20240313,3,102,119.14,38.75,0.39,0.5,28.68
4845,20240717,5,7,113.03,37.12,0.42,0.55,27.9
4846,20250316,5,188,103.55,34.0,0.62,0.96,27.92
4847,20250517,4,243,575.47,174.97,1.92,4.86,33.99
4848,20240312,3,202,143.31,45.6,0.78,1.24,30.45
4849,20240609,4,121,403.64,134.28,1.14,3.27,26.83
4850,20241220,1,126,2122.8,686.51,8.87,29.39,29.15
4851,20250512,1,89,2436.43,772.35,14.09,25.97,30.75
4852,20250712,5,180,1593.75,483.61,8.61,17.12,34.14
4853,20240420,1,65,2362.17,797.94,14.77,14.9,25.55
4854,20241216,3,105,1380.22,437.31,8.33,9.44,30.79
4855,20250419,2,87,1530.76,432.65,8.71,6.25,39.34
4856,20241223,3,103,127.19,38.97,0.32,0.79,33.4
4857,20250410,2,241,80.85,23.37,0.45,0.73,37.75
4858,20241214,1,154,2008.54,658.88,10.81,19.98,27.99
4859,20240618,1,89,1629.05,534.13,7.02,17.5,28.03
4860,20250429,3,13,1342.5,395.23,7.47,6.08,36.4
4861,20241202,5,59,1357.55,437.67,7.63,13.73,29.4
4862,20251215,1,182,2301.06,730.72,8.05,17.8,30.61
4863,20250505,3,146,105.76,32.09,0.4,1.07,34.15
4864,20250227,1,122,1478.4,488.35,9.44,12.43,27.42
4865,20251021,1,191,131.69,41.38,0.72,1.15,31.44
4866,20250317,1,246,538.46,174.61,1.67,3.99,28.93
4867,20240228,1,37,1824.34,602.69,8.5,9.03,27.41
4868,20240810,3,226,388.65,125.57,1.96,2.81,29.23
4869,20251212,3,60,807.13,238.81,2.86,8.52,36.03
4870,20240830,4,214,799.17,255.25,4.07,4.76,30.15
4871,20241003,1,160,161.74,54.99,0.51,1.04,25.0
4872,20250131,3,206,97.62,30.96,0.5,1.32,30.72
4873,20250410,1,2,2095.27,681.38,9.44,20.17,28.7
4874,20240606,1,151,494.2,161.33,2.52,2.95,28.39
4875,20240216,3,28,806.34,267.48,2.09,9.63,27.07
4876,20250510,1,181,1653.98,516.7,7.92,19.47,31.9
4877,20241211,1,237,2184.06,737.51,10.88,29.71,25.58
4878,20240812,1,119,430.95,142.49,1.24,2.05,27.34
4879,20241227,2,183,696.69,195.96,3.63,5.87,39.68
4880,20240712,2,24,475.48,149.03,1.93,6.61,31.64
4881,20241126,5,180,1965.75,622.51,4.98,16.2,30.83
4882,20250825,5,149,1293.55,419.42,7.05,15.87,28.94
4883,20240505,1,220,1469.78,512.84,6.87,12.97,22.77
4884,20241101,4,139,137.48,43.56,0.42,0.71,30.78
4885,20250221,5,189,2137.4,715.26,6.97,10.73,26.34
4886,20241015,2,84,401.53,116.8,2.15,2.24,37.28
4887,20251231,2,242,760.3,209.42,2.12,8.37,41.14
4888,20241020,4,156,1113.81,356.29,4.86,14.37,30.03
4889,20251207,2,114,696.34,187.59,2.47,8.04,42.65
4890,20251128,3,165,1411.53,423.18,6.83,13.83,35.05
4891,20251023,1,224,1519.68,474.32,7.88,18.88,31.97
4892,20241109,4,158,1731.3,562.74,5.95,18.49,28.74
4893,20250818,3,99,1039.77,326.32,4.92,8.45,31.54
4894,20250827,3,102,107.74,33.31,0.62,1.39,32.7
4895,20250211,1,171,172.26,56.35,0.7,1.77,28.22
4896,20250315,1,126,2309.67,766.53,11.94,30.41,27.03
4897,20250923,3,10,656.52,203.73,2.7,3.7,32.42
4898,20251209,4,69,704.01,212.78,4.5,5.91,34.44
4899,20240605,3,100,1049.43,322.09,3.09,14.07,33.27
4900,20240214,2,3,663.69,198.31,3.42,6.67,35.3
4901,20250621,1,201,905.64,297.52,5.21,8.49,27.87
4902,20240401,1,64,1639.26,544.89,10.23,15.31,26.9
4903,20240905,1,133,1247.7,408.6,4.31,8.77,28.13
4904,20250728,5,73,120.93,37.88,0.4,1.05,31.7
4905,20241125,4,152,457.62,153.06,2.1,2.09,26.38
4906,20240428,5,155,104.05,35.59,0.27,0.53,24.49
4907,20250527,2,242,636.57,182.67,1.85,3.63,38.26
4908,20240529,5,7,119.54,40.97,0.68,0.77,24.31
4909,20250421,3,193,100.13,30.62,0.31,0.63,33.55
4910,20240415,3,60,696.34,221.21,2.09,4.3,30.58
4911,20251203,1,246,512.01,155.24,1.49,4.84,34.2
4912,20240202,5,249,2010.02,698.76,8.72,8.62,23.09
4913,20251028,5,174,96.63,30.23,0.36,1.21,31.79
4914,20240705,3,15,792.14,252.15,2.09,9.33,30.42
4915,20240911,4,176,102.77,33.19,0.61,1.26,29.25
4916,20240725,1,224,1178.62,394.37,3.31,11.74,26.35
4917,20251018,3,22,1163.32,339.6,4.19,9.07,37.02
4918,20250225,2,19,1414.47,396.84,7.49,11.96,39.86
4919,20251018,4,243,657.9,202.69,2.61,4.74,32.98
4920,20250810,2,12,498.95,142.68,3.19,5.67,38.51
4921,20241022,2,140,111.18,32.6,0.68,1.39,36.7
4922,20250711,3,23,1175.68,349.27,3.2,13.59,35.73
4923,20240229,1,4,2276.18,777.54,8.28,28.51,24.6
4924,20240306,1,2,1787.67,614.03,9.78,18.84,24.13
4925,20251127,5,137,823.41,247.91,4.33,6.01,34.73
4926,20250515,1,245,1315.75,416.88,7.38,6.87,30.79
4927,20240429,1,181,1714.06,606.85,4.54,23.1,21.49
4928,20251005,1,9,103.88,32.77,0.45,1.38,31.14
4929,20240331,1,185,195.14,69.13,0.49,1.7,21.43
4930,20250302,5,81,2049.4,626.71,11.15,26.34,33.55
4931,20250319,3,165,1332.8,417.43,6.6,18.25,31.7
4932,20250331,3,99,1443.89,451.13,5.95,19.59,31.89
4933,20240127,4,176,103.22,34.92,0.48,1.35,25.42
4934,20240124,1,169,2341.22,803.79,12.18,26.91,24.17
4935,20250228,3,134,846.83,249.17,4.67,5.79,36.44
4936,20250215,4,139,121.74,37.9,0.34,0.97,32.17
4937,20250526,1,145,183.62,58.88,0.84,2.24,29.83
4938,20251230,3,23,1719.05,526.72,6.13,20.53,33.4
4939,20240410,2,198,82.62,25.23,0.28,0.76,33.65
4940,20240506,5,96,873.58,290.94,4.14,9.66,26.74
4941,20240524,2,143,638.43,190.79,2.4,4.03,35.29
4942,20241230,2,217,94.27,27.6,0.41,1.17,36.81
4943,20240919,2,82,95.59,28.03,0.48,0.78,36.7
4944,20250420,1,171,187.04,59.74,1.12,1.34,30.15
4945,20251121,3,202,109.45,32.31,0.65,0.5,36.19
4946,20251113,2,112,96.55,25.66,0.6,0.87,43.57
4947,20240416,3,123,737.55,253.98,3.29,6.54,23.91
4948,20240627,4,101,281.3,92.3,1.04,1.53,27.97
4949,20250823,3,49,1180.49,359.29,5.09,6.03,33.91
4950,20241202,5,117,826.21,270.34,4.28,6.01,28.2
4951,20240102,4,109,1884.5,638.47,9.18,22.28,25.3
4952,20250618,1,39,2065.87,645.38,8.89,17.77,31.9
4953,20241107,2,213,687.29,200.17,2.15,5.08,37.19
4954,20241102,5,188,124.21,40.94,0.69,1.65,27.59
4955,20240228,3,240,799.77,255.8,2.81,11.14,30.04
4956,20250202,4,247,1355.88,419.51,6.99,15.66,32.65
4957,20240412,3,129,1269.55,420.42,3.48,7.86,27.21
4958,20240906,1,132,506.65,169.48,1.74,2.03,26.37
4959,20251205,5,155,130.4,40.52,0.68,1.24,32.32
4960,20250520,1,185,165.66,54.54,0.77,0.69,27.69
4961,20240803,5,117,694.71,227.17,4.3,9.15,28.25
4962,20250418,3,190,819.97,254.42,4.92,4.9,32.43
4963,20241008,4,30,1654.64,508.97,6.04,14.23,33.1
4964,20250925,3,38,1238.38,362.85,7.54,6.54,36.75
4965,20241105,1,43,1926.16,636.48,8.57,9.69,27.39
4966,20250514,2,198,89.74,24.71,0.49,0.93,41.16
4967,20251231,1,9,158.68,49.41,0.61,0.9,32.16
4968,20240325,4,30,1690.03,568.59,10.75,14.45,25.89
4969,20240221,5,222,600.16,192.94,2.84,3.42,29.63
4970,20251216,5,180,2218.77,680.27,12.68,19.58,33.35
4971,20251027,1,246,500.2,159.6,2.65,5.06,30.23
4972,20250830,4,141,358.61,105.36,1.1,2.44,36.55
4973,20241017,5,59,1488.15,481.09,4.41,11.1,29.18
4974,20241109,4,116,870.89,276.73,3.34,8.93,30.56
4975,20240618,1,47,1792.44,627.07,9.54,15.8,22.54
4976,20250425,4,120,1273.84,404.83,7.66,13.8,30.55
4977,20250501,1,27,2149.48,698.32,8.66,28.11,28.78
4978,20250405,1,147,1019.27,324.37,2.67,7.69,30.44
4979,20250824,1,63,348.74,108.12,1.29,3.93,32.49
4980,20240716,2,207,703.46,214.81,4.15,4.93,33.66
4981,20240530,5,7,147.48,51.24,0.42,1.42,23.14
4982,20240220,4,247,1211.41,398.99,4.16,5.18,27.66
4983,20240227,1,246,576.04,204.06,2.55,7.82,21.44
4984,20250523,1,132,495.44,160.68,2.02,3.6,28.92
4985,20251003,3,49,1025.62,303.67,3.23,8.69,35.98
4986,20250303,2,74,297.19,85.19,1.07,2.52,38.34
4987,20240211,2,42,94.89,28.3,0.36,0.41,35.43
4988,20250612,1,119,419.72,130.55,1.63,3.5,32.24
4989,20250904,5,130,349.77,110.51,0.97,1.65,31.01
4990,20240731,2,115,1105.5,325.24,5.51,10.46,36.45
4991,20240810,4,176,97.46,31.71,0.32,0.98,28.65
4992,20241027,1,199,154.99,51.22,0.47,0.96,27.38
4993,20250526,1,142,406.58,128.37,1.94,3.44,31.07
4994,20250523,4,120,1048.29,328.83,2.88,8.77,31.58
4995,20240628,1,6,1809.25,603.78,8.37,20.28,26.57
4996,20250919,1,196,965.25,298.15,2.51,12.99,32.78
4997,20240819,5,81,1260.17,410.16,5.15,15.24,28.63
4998,20251114,2,107,388.75,105.46,1.66,2.19,42.18
4999,20240505,3,50,375.48,123.16,1.33,1.5,28.0
5000,20250129,1,181,2668.75,888.16,10.48,14.11,26.8
